Sequence ID,Predicted label,Final_Confidence_Score,Predicted_Code,Predicted_Path_Codes
5S,5S,N/A,1.5.3,"1,1.5,1.5.3"
Academ-2N1_LMi,SubclassI,N/A,2.1,"2,2.1"
ATGP1LTR,gypsy,N/A,1.1.2,"1,1.1,1.1.2"
Copia-2_Cfl-I,Copia,N/A,1.1.1,"1,1.1,1.1.1"
Copia-2_CP-I__2,Copia,N/A,1.1.1,"1,1.1,1.1.1"
Copia-2_CQ-LTR,gypsy,N/A,1.1.2,"1,1.1,1.1.2"
Copia-2_DBp-I,Copia,N/A,1.1.1,"1,1.1,1.1.1"
Copia-2_Deu-LTR,Copia,N/A,1.1.1,"1,1.1,1.1.1"
Copia-2_DPer-I,Copia,N/A,1.1.1,"1,1.1,1.1.1"
Copia-2_DTa-LTR,Copia,N/A,1.1.1,"1,1.1,1.1.1"
Copia-2_ECa-I,Copia,N/A,1.1.1,"1,1.1,1.1.1"
Copia-2_ES-I,Copia,N/A,1.1.1,"1,1.1,1.1.1"
Copia-2_GA-LTR,gypsy,N/A,1.1.2,"1,1.1,1.1.2"
ATGP3A_I,gypsy,N/A,1.1.2,"1,1.1,1.1.2"
Copia-2_HAE-I,Copia,N/A,1.1.1,"1,1.1,1.1.1"
Copia-2_LBS-I,Copia,N/A,1.1.1,"1,1.1,1.1.1"
Copia-2_LH-LTR,Bel-Pao,N/A,1.1.3,"1,1.1,1.1.3"
Copia-2_Mad-I,Copia,N/A,1.1.1,"1,1.1,1.1.1"
Copia-2_MVPL-LTR,Copia,N/A,1.1.1,"1,1.1,1.1.1"
Copia-2_PGr-LTR,gypsy,N/A,1.1.2,"1,1.1,1.1.2"
Copia-2_PPI-I,Copia,N/A,1.1.1,"1,1.1,1.1.1"
Copia-2_PR-LTR,Copia,N/A,1.1.1,"1,1.1,1.1.1"
Copia-2_PSo-I,Copia,N/A,1.1.1,"1,1.1,1.1.1"
Copia-2_PTc-LTR,Copia,N/A,1.1.1,"1,1.1,1.1.1"
ATGP3LTR,Copia,N/A,1.1.1,"1,1.1,1.1.1"
Copia-2_RC-I,Copia,N/A,1.1.1,"1,1.1,1.1.1"
Copia-2_SCH-LTR,gypsy,N/A,1.1.2,"1,1.1,1.1.2"
Copia-2_SLL-I,L1,N/A,1.4.4,"1,1.4,1.4.4"
Copia-2_SPDB-LTR,Copia,N/A,1.1.1,"1,1.1,1.1.1"
Copia-2_TA-I,Copia,N/A,1.1.1,"1,1.1,1.1.1"
Copia-2_TCa-LTR,Copia,N/A,1.1.1,"1,1.1,1.1.1"
Copia-2_VA-I,Copia,N/A,1.1.1,"1,1.1,1.1.1"
Copia-3-LTR_NV,gypsy,N/A,1.1.2,"1,1.1,1.1.2"
Copia-30_ALY-LTR,Copia,N/A,1.1.1,"1,1.1,1.1.1"
Copia-30_BG-I,Copia,N/A,1.1.1,"1,1.1,1.1.1"
ATGP5I,gypsy,N/A,1.1.2,"1,1.1,1.1.2"
Copia-30_CCri-LTR,Copia,N/A,1.1.1,"1,1.1,1.1.1"
Copia-30_ECa-I,Copia,N/A,1.1.1,"1,1.1,1.1.1"
Copia-30_GM-LTR,Copia,N/A,1.1.1,"1,1.1,1.1.1"
Copia-30_Mad-I,Copia,N/A,1.1.1,"1,1.1,1.1.1"
Copia-30_PAb-LTR,Copia,N/A,1.1.1,"1,1.1,1.1.1"
Copia-30_PX-I,Copia,N/A,1.1.1,"1,1.1,1.1.1"
Copia-30_SB-LTR,Copia,N/A,1.1.1,"1,1.1,1.1.1"
Copia-30_TC-I,Copia,N/A,1.1.1,"1,1.1,1.1.1"
Copia-31_ALY-I,Copia,N/A,1.1.1,"1,1.1,1.1.1"
Copia-31_BD-LTR,Copia,N/A,1.1.1,"1,1.1,1.1.1"
ATGP7LTR,Copia,N/A,1.1.1,"1,1.1,1.1.1"
Copia-31_CCri-I,Copia,N/A,1.1.1,"1,1.1,1.1.1"
Copia-31_DPu-LTR,Copia,N/A,1.1.1,"1,1.1,1.1.1"
Copia-31_GM-I,Copia,N/A,1.1.1,"1,1.1,1.1.1"
Copia-31_LU-LTR,Bel-Pao,N/A,1.1.3,"1,1.1,1.1.3"
Copia-31_PAb-I,Copia,N/A,1.1.1,"1,1.1,1.1.1"
Copia-31_Pru-LTR,Copia,N/A,1.1.1,"1,1.1,1.1.1"
Copia-31_SB-I,Copia,N/A,1.1.1,"1,1.1,1.1.1"
Copia-31_TC-LTR,Copia,N/A,1.1.1,"1,1.1,1.1.1"
Copia-32_ALY-I,Copia,N/A,1.1.1,"1,1.1,1.1.1"
Copia-32_BD-LTR,Copia,N/A,1.1.1,"1,1.1,1.1.1"
ATGP9LTR,gypsy,N/A,1.1.2,"1,1.1,1.1.2"
Copia-32_CCri-I,Copia,N/A,1.1.1,"1,1.1,1.1.1"
Copia-32_ECa-LTR,Copia,N/A,1.1.1,"1,1.1,1.1.1"
Copia-32_JC-I,Copia,N/A,1.1.1,"1,1.1,1.1.1"
Copia-32_Mad-LTR__2,Copia,N/A,1.1.1,"1,1.1,1.1.1"
Copia-32_Pru-I,Copia,N/A,1.1.1,"1,1.1,1.1.1"
Copia-32_RC-LTR,Copia,N/A,1.1.1,"1,1.1,1.1.1"
Copia-32_TC-I,Copia,N/A,1.1.1,"1,1.1,1.1.1"
Copia-33_ALY-I,Copia,N/A,1.1.1,"1,1.1,1.1.1"
Copia-33_BG-I,Copia,N/A,1.1.1,"1,1.1,1.1.1"
Copia-33_CCri-LTR,Copia,N/A,1.1.1,"1,1.1,1.1.1"
ATHAT7,hAT,N/A,2.1.1.2,"2,2.1,2.1.1,2.1.1.2"
Copia-33_FV-I,Copia,N/A,1.1.1,"1,1.1,1.1.1"
Copia-33_JC-LTR,gypsy,N/A,1.1.2,"1,1.1,1.1.2"
Copia-33_MLP-I,Copia,N/A,1.1.1,"1,1.1,1.1.1"
Copia-33_Pru-LTR,Copia,N/A,1.1.1,"1,1.1,1.1.1"
Copia-33_SB-I,Copia,N/A,1.1.1,"1,1.1,1.1.1"
Copia-33_TC-LTR,Copia,N/A,1.1.1,"1,1.1,1.1.1"
Copia-34_ALY-I,Copia,N/A,1.1.1,"1,1.1,1.1.1"
Copia-34_BD-LTR,Copia,N/A,1.1.1,"1,1.1,1.1.1"
Copia-34_CCri-I,Copia,N/A,1.1.1,"1,1.1,1.1.1"
Copia-34_ECa-LTR,Copia,N/A,1.1.1,"1,1.1,1.1.1"
ATHATN2,hAT,N/A,2.1.1.2,"2,2.1,2.1.1,2.1.1.2"
Copia-34_JC-I,Copia,N/A,1.1.1,"1,1.1,1.1.1"
Copia-34_Mad-LTR__2,Copia,N/A,1.1.1,"1,1.1,1.1.1"
Copia-34_Pru-I,Copia,N/A,1.1.1,"1,1.1,1.1.1"
Copia-34_RC-LTR,Copia,N/A,1.1.1,"1,1.1,1.1.1"
Copia-34_TC-I,Copia,N/A,1.1.1,"1,1.1,1.1.1"
Copia-35-LTR_VV,Copia,N/A,1.1.1,"1,1.1,1.1.1"
Copia-35_ATr-I,Copia,N/A,1.1.1,"1,1.1,1.1.1"
Copia-35_BG-LTR,Copia,N/A,1.1.1,"1,1.1,1.1.1"
Copia-35_CQ-I,Copia,N/A,1.1.1,"1,1.1,1.1.1"
Copia-35_ECa-LTR,Copia,N/A,1.1.1,"1,1.1,1.1.1"
ATHATN6,hAT,N/A,2.1.1.2,"2,2.1,2.1.1,2.1.1.2"
Copia-35_JC-I,Copia,N/A,1.1.1,"1,1.1,1.1.1"
Copia-35_MLP-LTR,Copia,N/A,1.1.1,"1,1.1,1.1.1"
Copia-35_PX-I,Copia,N/A,1.1.1,"1,1.1,1.1.1"
Copia-35_SB-LTR,Copia,N/A,1.1.1,"1,1.1,1.1.1"
Copia-36-I_ZM,Copia,N/A,1.1.1,"1,1.1,1.1.1"
Copia-36_ATr-I,Copia,N/A,1.1.1,"1,1.1,1.1.1"
Copia-36_BG-LTR,Copia,N/A,1.1.1,"1,1.1,1.1.1"
Copia-36_CQ-I,Copia,N/A,1.1.1,"1,1.1,1.1.1"
Copia-36_ECa-LTR,Copia,N/A,1.1.1,"1,1.1,1.1.1"
Copia-36_JC-I,Copia,N/A,1.1.1,"1,1.1,1.1.1"
ATHILA-1_SBi-LTR,gypsy,N/A,1.1.2,"1,1.1,1.1.2"
Copia-36_Mad-LTR,SubclassI,N/A,2.1,"2,2.1"
Copia-36_Pru-I,Copia,N/A,1.1.1,"1,1.1,1.1.1"
Copia-36_RC-LTR,Copia,N/A,1.1.1,"1,1.1,1.1.1"
Copia-36_VV-I,Copia,N/A,1.1.1,"1,1.1,1.1.1"
Copia-37_ALY-I,Copia,N/A,1.1.1,"1,1.1,1.1.1"
Copia-37_BD-LTR,Copia,N/A,1.1.1,"1,1.1,1.1.1"
Copia-37_CCri-I,Copia,N/A,1.1.1,"1,1.1,1.1.1"
Copia-37_DPu-LTR,Copia,N/A,1.1.1,"1,1.1,1.1.1"
Copia-37_GM-I,Copia,N/A,1.1.1,"1,1.1,1.1.1"
Copia-37_Mad-LTR__2,Copia,N/A,1.1.1,"1,1.1,1.1.1"
Academ-2_CGi,SubclassI,N/A,2.1,"2,2.1"
ATHILA-4_SBi-I,gypsy,N/A,1.1.2,"1,1.1,1.1.2"
Copia-37_Pru-I,Copia,N/A,1.1.1,"1,1.1,1.1.1"
Copia-37_RC-LTR,Copia,N/A,1.1.1,"1,1.1,1.1.1"
Copia-37_VV-I,Copia,N/A,1.1.1,"1,1.1,1.1.1"
Copia-38_ALY-I,Copia,N/A,1.1.1,"1,1.1,1.1.1"
Copia-38_BD-LTR,SubclassI,N/A,2.1,"2,2.1"
Copia-38_CCri-I,Copia,N/A,1.1.1,"1,1.1,1.1.1"
Copia-38_DPu-LTR,gypsy,N/A,1.1.2,"1,1.1,1.1.2"
Copia-38_GM-I,Copia,N/A,1.1.1,"1,1.1,1.1.1"
Copia-38_Mad-LTR__2,SubclassI,N/A,2.1,"2,2.1"
Copia-38_Pru-I,Copia,N/A,1.1.1,"1,1.1,1.1.1"
ATHILA-6_SBi-LTR,gypsy,N/A,1.1.2,"1,1.1,1.1.2"
Copia-38_RC-LTR,Copia,N/A,1.1.1,"1,1.1,1.1.1"
Copia-38_TC-I,Copia,N/A,1.1.1,"1,1.1,1.1.1"
Copia-39-LTR_ZM,Copia,N/A,1.1.1,"1,1.1,1.1.1"
Copia-39_ATr-LTR,Copia,N/A,1.1.1,"1,1.1,1.1.1"
Copia-39_BRa-I,Copia,N/A,1.1.1,"1,1.1,1.1.1"
Copia-39_DPu-LTR,Copia,N/A,1.1.1,"1,1.1,1.1.1"
Copia-39_GM-I,Copia,N/A,1.1.1,"1,1.1,1.1.1"
Copia-39_Mad-LTR,Copia,N/A,1.1.1,"1,1.1,1.1.1"
Copia-39_Pru-I,Copia,N/A,1.1.1,"1,1.1,1.1.1"
Copia-39_RC-LTR,Copia,N/A,1.1.1,"1,1.1,1.1.1"
ATHILA2_LTR,gypsy,N/A,1.1.2,"1,1.1,1.1.2"
Copia-39_TC-I,Copia,N/A,1.1.1,"1,1.1,1.1.1"
Copia-3_AA-LTR,Bel-Pao,N/A,1.1.3,"1,1.1,1.1.3"
Copia-3_ALY-I,Copia,N/A,1.1.1,"1,1.1,1.1.1"
Copia-3_AT-LTR,Copia,N/A,1.1.1,"1,1.1,1.1.1"
Copia-3_BG-I,Copia,N/A,1.1.1,"1,1.1,1.1.1"
Copia-3_BRa-LTR,Copia,N/A,1.1.1,"1,1.1,1.1.1"
Copia-3_Cfl-I,RTE,N/A,1.4.2,"1,1.4,1.4.2"
Copia-3_CP-I__2,Copia,N/A,1.1.1,"1,1.1,1.1.1"
Copia-3_CQ-I,Copia,N/A,1.1.1,"1,1.1,1.1.1"
Copia-3_DAn-LTR,Copia,N/A,1.1.1,"1,1.1,1.1.1"
ATHILA4B_LTR,gypsy,N/A,1.1.2,"1,1.1,1.1.2"
Copia-3_DGri-LTR,Bel-Pao,N/A,1.1.3,"1,1.1,1.1.3"
Copia-3_DWil-I,Copia,N/A,1.1.1,"1,1.1,1.1.1"
Copia-3_EPa-I,Copia,N/A,1.1.1,"1,1.1,1.1.1"
Copia-3_FV-LTR,Copia,N/A,1.1.1,"1,1.1,1.1.1"
Copia-3_HAE-I,Copia,N/A,1.1.1,"1,1.1,1.1.1"
Copia-3_LBS-LTR,Copia,N/A,1.1.1,"1,1.1,1.1.1"
Copia-3_LU-I,Copia,N/A,1.1.1,"1,1.1,1.1.1"
Copia-3_MLP-LTR,Copia,N/A,1.1.1,"1,1.1,1.1.1"
Copia-3_PD-I,LINE,N/A,1.4,"1,1.4"
Copia-3_PPa-I,Copia,N/A,1.1.1,"1,1.1,1.1.1"
ATHILA4_LTR,gypsy,N/A,1.1.2,"1,1.1,1.1.2"
Copia-3_PR-LTR,Copia,N/A,1.1.1,"1,1.1,1.1.1"
Copia-3_PSo-I,Copia,N/A,1.1.1,"1,1.1,1.1.1"
Copia-3_PTc-LTR,Bel-Pao,N/A,1.1.3,"1,1.1,1.1.3"
Copia-3_RC-I,Copia,N/A,1.1.1,"1,1.1,1.1.1"
Copia-3_SI-LTR,Copia,N/A,1.1.1,"1,1.1,1.1.1"
Copia-3_SMo-I,Copia,N/A,1.1.1,"1,1.1,1.1.1"
Copia-3_ST-LTR,Copia,N/A,1.1.1,"1,1.1,1.1.1"
Copia-3_TMe-I,Copia,N/A,1.1.1,"1,1.1,1.1.1"
Copia-4-LTR_NV,Copia,N/A,1.1.1,"1,1.1,1.1.1"
Copia-40_ATr-LTR,Copia,N/A,1.1.1,"1,1.1,1.1.1"
ATHILA6B_I,gypsy,N/A,1.1.2,"1,1.1,1.1.2"
Copia-40_BRa-I,Copia,N/A,1.1.1,"1,1.1,1.1.1"
Copia-40_ECa-LTR,SubclassI,N/A,2.1,"2,2.1"
Copia-40_JC-I,Copia,N/A,1.1.1,"1,1.1,1.1.1"
Copia-40_MLP-LTR,Copia,N/A,1.1.1,"1,1.1,1.1.1"
Copia-40_PX-I,Copia,N/A,1.1.1,"1,1.1,1.1.1"
Copia-40_SB-LTR,Copia,N/A,1.1.1,"1,1.1,1.1.1"
Copia-40_VV-I,Copia,N/A,1.1.1,"1,1.1,1.1.1"
Copia-41_ALY-I,Copia,N/A,1.1.1,"1,1.1,1.1.1"
Copia-41_BD-LTR,Copia,N/A,1.1.1,"1,1.1,1.1.1"
Copia-41_CCri-I,Copia,N/A,1.1.1,"1,1.1,1.1.1"
ATHILA7_I,Copia,N/A,1.1.1,"1,1.1,1.1.1"
Copia-41_FV-LTR,Copia,N/A,1.1.1,"1,1.1,1.1.1"
Copia-41_Mad-I,Copia,N/A,1.1.1,"1,1.1,1.1.1"
Copia-41_PIT-LTR,Copia,N/A,1.1.1,"1,1.1,1.1.1"
Copia-41_RC-I,Copia,N/A,1.1.1,"1,1.1,1.1.1"
Copia-41_ST-LTR,Copia,N/A,1.1.1,"1,1.1,1.1.1"
Copia-41_ZM-I,Copia,N/A,1.1.1,"1,1.1,1.1.1"
Copia-42_ATr-I,Copia,N/A,1.1.1,"1,1.1,1.1.1"
Copia-42_BG-LTR,Copia,N/A,1.1.1,"1,1.1,1.1.1"
Copia-42_ECa-I,Copia,N/A,1.1.1,"1,1.1,1.1.1"
Copia-42_GM-LTR,Copia,N/A,1.1.1,"1,1.1,1.1.1"
ATHILA_I,gypsy,N/A,1.1.2,"1,1.1,1.1.2"
Copia-42_MLP-I,DIRS,N/A,1.2,"1,1.2"
Copia-42_Pru-LTR,Copia,N/A,1.1.1,"1,1.1,1.1.1"
Copia-42_SB-I,Copia,N/A,1.1.1,"1,1.1,1.1.1"
Copia-42_VV-LTR,Copia,N/A,1.1.1,"1,1.1,1.1.1"
Copia-43_ALY-LTR,Copia,N/A,1.1.1,"1,1.1,1.1.1"
Copia-43_BRa-I,Copia,N/A,1.1.1,"1,1.1,1.1.1"
Copia-43_ECa-LTR,Copia,N/A,1.1.1,"1,1.1,1.1.1"
Copia-43_JC-I,Copia,N/A,1.1.1,"1,1.1,1.1.1"
Copia-43_MLP-LTR,tRNA,N/A,1.5.1,"1,1.5,1.5.1"
Copia-43_PX-I,Copia,N/A,1.1.1,"1,1.1,1.1.1"
ATHPOGON1,Tc1-Mariner,N/A,2.1.1.1,"2,2.1,2.1.1,2.1.1.1"
Copia-43_SB-LTR,Copia,N/A,1.1.1,"1,1.1,1.1.1"
Copia-43_ZM-I,Copia,N/A,1.1.1,"1,1.1,1.1.1"
Copia-44_ALY-LTR,Copia,N/A,1.1.1,"1,1.1,1.1.1"
Copia-44_BRa-I,Copia,N/A,1.1.1,"1,1.1,1.1.1"
Copia-44_ECa-LTR,DIRS,N/A,1.2,"1,1.2"
Copia-44_JC-I,Copia,N/A,1.1.1,"1,1.1,1.1.1"
Copia-44_MLP-LTR,Copia,N/A,1.1.1,"1,1.1,1.1.1"
Copia-44_PX-I,Copia,N/A,1.1.1,"1,1.1,1.1.1"
Copia-44_SB-LTR,Copia,N/A,1.1.1,"1,1.1,1.1.1"
Copia-44_ZM-I,Copia,N/A,1.1.1,"1,1.1,1.1.1"
ATLANTYS-LTR_OS,gypsy,N/A,1.1.2,"1,1.1,1.1.2"
Copia-45_ATr-I,SubclassI,N/A,2.1,"2,2.1"
Copia-45_CCri-I,DIRS,N/A,1.2,"1,1.2"
Copia-45_FV-LTR,Copia,N/A,1.1.1,"1,1.1,1.1.1"
Copia-45_Mad-I__2,Copia,N/A,1.1.1,"1,1.1,1.1.1"
Copia-45_Pru-LTR,Copia,N/A,1.1.1,"1,1.1,1.1.1"
Copia-45_SB-I,Copia,N/A,1.1.1,"1,1.1,1.1.1"
Copia-45_VV-LTR,Copia,N/A,1.1.1,"1,1.1,1.1.1"
Copia-46_ALY-LTR,Copia,N/A,1.1.1,"1,1.1,1.1.1"
Copia-46_BRa-I,Copia,N/A,1.1.1,"1,1.1,1.1.1"
Copia-46_ECa-LTR,Copia,N/A,1.1.1,"1,1.1,1.1.1"
Academ-2_PM,SubclassI,N/A,2.1,"2,2.1"
ATLANTYS3I,gypsy,N/A,1.1.2,"1,1.1,1.1.2"
Copia-46_Mad-I,Copia,N/A,1.1.1,"1,1.1,1.1.1"
Copia-46_PIT-LTR,Copia,N/A,1.1.1,"1,1.1,1.1.1"
Copia-46_RC-LTR,Copia,N/A,1.1.1,"1,1.1,1.1.1"
Copia-46_VV-I,Copia,N/A,1.1.1,"1,1.1,1.1.1"
Copia-47_ALY-I,Copia,N/A,1.1.1,"1,1.1,1.1.1"
Copia-47_BG-LTR,SubclassI,N/A,2.1,"2,2.1"
Copia-47_ECa-I,Copia,N/A,1.1.1,"1,1.1,1.1.1"
Copia-47_JC-LTR,Copia,N/A,1.1.1,"1,1.1,1.1.1"
Copia-47_PIT-I,Copia,N/A,1.1.1,"1,1.1,1.1.1"
Copia-47_RC-I,Copia,N/A,1.1.1,"1,1.1,1.1.1"
ATLINE1_1,L1,N/A,1.4.4,"1,1.4,1.4.4"
Copia-47_ST-LTR,Copia,N/A,1.1.1,"1,1.1,1.1.1"
Copia-48B_ATr-LTR,Copia,N/A,1.1.1,"1,1.1,1.1.1"
Copia-48_ATr-LTR,Copia,N/A,1.1.1,"1,1.1,1.1.1"
Copia-48_CCri-I,Copia,N/A,1.1.1,"1,1.1,1.1.1"
Copia-48_JC-LTR,LINE,N/A,1.4,"1,1.4"
Copia-48_PIT-I,Copia,N/A,1.1.1,"1,1.1,1.1.1"
Copia-48_RC-I,Copia,N/A,1.1.1,"1,1.1,1.1.1"
Copia-48_ST-LTR,Copia,N/A,1.1.1,"1,1.1,1.1.1"
Copia-49_AA-LTR,Bel-Pao,N/A,1.1.3,"1,1.1,1.1.3"
Copia-49_BG-I,Copia,N/A,1.1.1,"1,1.1,1.1.1"
ATLINE1_2,L1,N/A,1.4.4,"1,1.4,1.4.4"
Copia-49_CCri-LTR,Copia,N/A,1.1.1,"1,1.1,1.1.1"
Copia-49_JC-I,Copia,N/A,1.1.1,"1,1.1,1.1.1"
Copia-49_MLP-LTR,Copia,N/A,1.1.1,"1,1.1,1.1.1"
Copia-49_PX-LTR,Copia,N/A,1.1.1,"1,1.1,1.1.1"
Copia-49_ST-I,Copia,N/A,1.1.1,"1,1.1,1.1.1"
Copia-49_ZM-LTR,Copia,N/A,1.1.1,"1,1.1,1.1.1"
Copia-4_ALY-I,Copia,N/A,1.1.1,"1,1.1,1.1.1"
Copia-4_AT-LTR,Copia,N/A,1.1.1,"1,1.1,1.1.1"
Copia-4_BG-I,Copia,N/A,1.1.1,"1,1.1,1.1.1"
Copia-4_CCO-LTR,Copia,N/A,1.1.1,"1,1.1,1.1.1"
ATLINE1_7,L1,N/A,1.4.4,"1,1.4,1.4.4"
Copia-4_CP-I__2,Copia,N/A,1.1.1,"1,1.1,1.1.1"
Copia-4_CQ-LTR,Bel-Pao,N/A,1.1.3,"1,1.1,1.1.3"
Copia-4_DMoj-I,Copia,N/A,1.1.1,"1,1.1,1.1.1"
Copia-4_DWil-LTR,Copia,N/A,1.1.1,"1,1.1,1.1.1"
Copia-4_EPa-I,Copia,N/A,1.1.1,"1,1.1,1.1.1"
Copia-4_FV-LTR,Copia,N/A,1.1.1,"1,1.1,1.1.1"
Copia-4_JC-I,Copia,N/A,1.1.1,"1,1.1,1.1.1"
Copia-4_LH-LTR,Copia,N/A,1.1.1,"1,1.1,1.1.1"
Copia-4_Mad-I,Copia,N/A,1.1.1,"1,1.1,1.1.1"
Copia-4_MVPL-LTR,Copia,N/A,1.1.1,"1,1.1,1.1.1"
ATMU1,Mutator,N/A,2.1.1.3,"2,2.1,2.1.1,2.1.1.3"
Copia-4_PGr-I,Copia,N/A,1.1.1,"1,1.1,1.1.1"
Copia-4_PPa-LTR,Copia,N/A,1.1.1,"1,1.1,1.1.1"
Copia-4_PSH-I,Copia,N/A,1.1.1,"1,1.1,1.1.1"
Copia-4_PSt-LTR,Copia,N/A,1.1.1,"1,1.1,1.1.1"
Copia-4_PX-I,Copia,N/A,1.1.1,"1,1.1,1.1.1"
Copia-4_SCH-LTR,gypsy,N/A,1.1.2,"1,1.1,1.1.2"
Copia-4_SMo-I,Copia,N/A,1.1.1,"1,1.1,1.1.1"
Copia-4_ST-LTR,Copia,N/A,1.1.1,"1,1.1,1.1.1"
Copia-4_TMe-I,Copia,N/A,1.1.1,"1,1.1,1.1.1"
Copia-4_XT-LTR,gypsy,N/A,1.1.2,"1,1.1,1.1.2"
ATMU2,Mutator,N/A,2.1.1.3,"2,2.1,2.1.1,2.1.1.3"
Copia-50_ATr-LTR,L1,N/A,1.4.4,"1,1.4,1.4.4"
Copia-50_CCri-I,Copia,N/A,1.1.1,"1,1.1,1.1.1"
Copia-50_GM-LTR,Copia,N/A,1.1.1,"1,1.1,1.1.1"
Copia-50_MLP-I,Copia,N/A,1.1.1,"1,1.1,1.1.1"
Copia-50_PX-I,Copia,N/A,1.1.1,"1,1.1,1.1.1"
Copia-50_SB-LTR,Copia,N/A,1.1.1,"1,1.1,1.1.1"
Copia-50_ZM-I,Copia,N/A,1.1.1,"1,1.1,1.1.1"
Copia-51_BG-I,Copia,N/A,1.1.1,"1,1.1,1.1.1"
Copia-51_CCri-LTR,Bel-Pao,N/A,1.1.3,"1,1.1,1.1.3"
Copia-51_Mad-I__2,Copia,N/A,1.1.1,"1,1.1,1.1.1"
ATMU6,Mutator,N/A,2.1.1.3,"2,2.1,2.1.1,2.1.1.3"
Copia-51_PIT-LTR,Copia,N/A,1.1.1,"1,1.1,1.1.1"
Copia-51_SB-LTR,Copia,N/A,1.1.1,"1,1.1,1.1.1"
Copia-51_ZM-I,Copia,N/A,1.1.1,"1,1.1,1.1.1"
Copia-52_BG-I,Copia,N/A,1.1.1,"1,1.1,1.1.1"
Copia-52_CCri-LTR,Bel-Pao,N/A,1.1.3,"1,1.1,1.1.3"
Copia-52_Mad-I,Copia,N/A,1.1.1,"1,1.1,1.1.1"
Copia-52_PIT-I,Copia,N/A,1.1.1,"1,1.1,1.1.1"
Copia-52_SB-I,Copia,N/A,1.1.1,"1,1.1,1.1.1"
Copia-52_VV-LTR,Copia,N/A,1.1.1,"1,1.1,1.1.1"
Copia-53_ALY-I,Copia,N/A,1.1.1,"1,1.1,1.1.1"
ATMUN1,Mutator,N/A,2.1.1.3,"2,2.1,2.1.1,2.1.1.3"
Copia-53_BRa-LTR,Copia,N/A,1.1.1,"1,1.1,1.1.1"
Copia-53_JC-I,Copia,N/A,1.1.1,"1,1.1,1.1.1"
Copia-53_MLP-LTR,Copia,N/A,1.1.1,"1,1.1,1.1.1"
Copia-53_PX-LTR,Copia,N/A,1.1.1,"1,1.1,1.1.1"
Copia-53_VV-I,Copia,N/A,1.1.1,"1,1.1,1.1.1"
Copia-54_ALY-I,Copia,N/A,1.1.1,"1,1.1,1.1.1"
Copia-54_BRa-LTR,Copia,N/A,1.1.1,"1,1.1,1.1.1"
Copia-54_JC-I,Copia,N/A,1.1.1,"1,1.1,1.1.1"
Copia-54_MLP-LTR,Copia,N/A,1.1.1,"1,1.1,1.1.1"
Copia-54_PPe-LTR,Copia,N/A,1.1.1,"1,1.1,1.1.1"
ATRE1_I,Copia,N/A,1.1.1,"1,1.1,1.1.1"
Copia-54_PX-I,Copia,N/A,1.1.1,"1,1.1,1.1.1"
Copia-54_ST-LTR,Copia,N/A,1.1.1,"1,1.1,1.1.1"
Copia-55_AA-LTR,gypsy,N/A,1.1.2,"1,1.1,1.1.2"
Copia-55_BRa-I,DIRS,N/A,1.2,"1,1.2"
Copia-55_GM-LTR,Copia,N/A,1.1.1,"1,1.1,1.1.1"
Copia-55_PIT-I,Copia,N/A,1.1.1,"1,1.1,1.1.1"
Copia-55_PR-LTR,tRNA,N/A,1.5.1,"1,1.5,1.5.1"
Copia-55_SB-I,Copia,N/A,1.1.1,"1,1.1,1.1.1"
Copia-55_VV-LTR,Copia,N/A,1.1.1,"1,1.1,1.1.1"
Copia-56_ALY-LTR,SubclassI,N/A,2.1,"2,2.1"
ATREP10B,SubclassI,N/A,2.1,"2,2.1"
Copia-56_CCri-I,Copia,N/A,1.1.1,"1,1.1,1.1.1"
Copia-56_Mad-LTR,Copia,N/A,1.1.1,"1,1.1,1.1.1"
Copia-56_PPe-I,Copia,N/A,1.1.1,"1,1.1,1.1.1"
Copia-56_PX-LTR,Copia,N/A,1.1.1,"1,1.1,1.1.1"
Copia-56_VV-I,Copia,N/A,1.1.1,"1,1.1,1.1.1"
Copia-57_ALY-I,Copia,N/A,1.1.1,"1,1.1,1.1.1"
Copia-57_BRa-LTR,Copia,N/A,1.1.1,"1,1.1,1.1.1"
Copia-57_Mad-I,Copia,N/A,1.1.1,"1,1.1,1.1.1"
Copia-57_PIT-LTR,SubclassI,N/A,2.1,"2,2.1"
Copia-57_PX-I,Copia,N/A,1.1.1,"1,1.1,1.1.1"
Academ-3_BF,SubclassI,N/A,2.1,"2,2.1"
ATREP12,SubclassI,N/A,2.1,"2,2.1"
Copia-57_ST-LTR,Copia,N/A,1.1.1,"1,1.1,1.1.1"
Copia-58_AA-I,Copia,N/A,1.1.1,"1,1.1,1.1.1"
Copia-58_BG-LTR,gypsy,N/A,1.1.2,"1,1.1,1.1.2"
Copia-58_GM-I,Copia,N/A,1.1.1,"1,1.1,1.1.1"
Copia-58_MLP-LTR,gypsy,N/A,1.1.2,"1,1.1,1.1.2"
Copia-58_PPe-I,Copia,N/A,1.1.1,"1,1.1,1.1.1"
Copia-58_PX-LTR,Copia,N/A,1.1.1,"1,1.1,1.1.1"
Copia-58_VV-I,Copia,N/A,1.1.1,"1,1.1,1.1.1"
Copia-59_AA-LTR,Copia,N/A,1.1.1,"1,1.1,1.1.1"
Copia-59_BRa-I,Copia,N/A,1.1.1,"1,1.1,1.1.1"
ATREP17,SubclassI,N/A,2.1,"2,2.1"
Copia-59_GM-LTR,Copia,N/A,1.1.1,"1,1.1,1.1.1"
Copia-59_PI-I,Copia,N/A,1.1.1,"1,1.1,1.1.1"
Copia-59_PX-I,Copia,N/A,1.1.1,"1,1.1,1.1.1"
Copia-59_ST-LTR,Copia,N/A,1.1.1,"1,1.1,1.1.1"
Copia-5_AA-I,Copia,N/A,1.1.1,"1,1.1,1.1.1"
Copia-5_ALY-LTR,Copia,N/A,1.1.1,"1,1.1,1.1.1"
Copia-5_BD-I,Copia,N/A,1.1.1,"1,1.1,1.1.1"
Copia-5_BRa-LTR,Copia,N/A,1.1.1,"1,1.1,1.1.1"
Copia-5_CP-I,Copia,N/A,1.1.1,"1,1.1,1.1.1"
Copia-5_CQ-LTR,Copia,N/A,1.1.1,"1,1.1,1.1.1"
ATREP3,SubclassI,N/A,2.1,"2,2.1"
Copia-5_DPu-I,Copia,N/A,1.1.1,"1,1.1,1.1.1"
Copia-5_ECa-LTR,Copia,N/A,1.1.1,"1,1.1,1.1.1"
Copia-5_FV-I,Copia,N/A,1.1.1,"1,1.1,1.1.1"
Copia-5_HV-LTR,PIF-Harbinger,N/A,2.1.1.8,"2,2.1,2.1.1,2.1.1.8"
Copia-5_LH-I,Copia,N/A,1.1.1,"1,1.1,1.1.1"
Copia-5_LU-LTR,Copia,N/A,1.1.1,"1,1.1,1.1.1"
Copia-5_PAb-I,Copia,N/A,1.1.1,"1,1.1,1.1.1"
Copia-5_PGr-LTR,Copia,N/A,1.1.1,"1,1.1,1.1.1"
Copia-5_PR-LTR,tRNA,N/A,1.5.1,"1,1.5,1.5.1"
Copia-5_PSt-I,I,N/A,1.4.5,"1,1.4,1.4.5"
ATREP8,SubclassI,N/A,2.1,"2,2.1"
Copia-5_PTrit-LTR,tRNA,N/A,1.5.1,"1,1.5,1.5.1"
Copia-5_SCH-I,Copia,N/A,1.1.1,"1,1.1,1.1.1"
Copia-5_SL-LTR,Copia,N/A,1.1.1,"1,1.1,1.1.1"
Copia-5_ST-I,Copia,N/A,1.1.1,"1,1.1,1.1.1"
Copia-5_TC-LTR,Copia,N/A,1.1.1,"1,1.1,1.1.1"
Copia-6-I_DR,SINE,N/A,1.5,"1,1.5"
Copia-60_BG-I,Copia,N/A,1.1.1,"1,1.1,1.1.1"
Copia-60_CCri-LTR,Copia,N/A,1.1.1,"1,1.1,1.1.1"
Copia-60_MLP-I,Copia,N/A,1.1.1,"1,1.1,1.1.1"
Copia-60_PT-I,Copia,N/A,1.1.1,"1,1.1,1.1.1"
AtSB4,tRNA,N/A,1.5.1,"1,1.5,1.5.1"
Copia-60_SB-LTR,Copia,N/A,1.1.1,"1,1.1,1.1.1"
Copia-60_ZM-I,Copia,N/A,1.1.1,"1,1.1,1.1.1"
Copia-61_AA-LTR,Bel-Pao,N/A,1.1.3,"1,1.1,1.1.3"
Copia-61_BRa-I,Copia,N/A,1.1.1,"1,1.1,1.1.1"
Copia-61_GM-LTR,SubclassI,N/A,2.1,"2,2.1"
Copia-61_PI-I,Copia,N/A,1.1.1,"1,1.1,1.1.1"
Copia-61_PT-LTR,Copia,N/A,1.1.1,"1,1.1,1.1.1"
Copia-61_ST-I,Copia,N/A,1.1.1,"1,1.1,1.1.1"
Copia-61_ZM-LTR,Copia,N/A,1.1.1,"1,1.1,1.1.1"
Copia-62_BG-I,R2,N/A,1.4.1,"1,1.4,1.4.1"
ATTIRTA1,SubclassI,N/A,2.1,"2,2.1"
Copia-62_CCri-LTR,tRNA,N/A,1.5.1,"1,1.5,1.5.1"
Copia-62_MLP-I,Copia,N/A,1.1.1,"1,1.1,1.1.1"
Copia-62_PT-LTR,Copia,N/A,1.1.1,"1,1.1,1.1.1"
Copia-62_ST-I,Copia,N/A,1.1.1,"1,1.1,1.1.1"
Copia-62_ZM-LTR,Copia,N/A,1.1.1,"1,1.1,1.1.1"
Copia-63_BG-I,Copia,N/A,1.1.1,"1,1.1,1.1.1"
Copia-63_CCri-LTR,Copia,N/A,1.1.1,"1,1.1,1.1.1"
Copia-63_MLP-I,RTE,N/A,1.4.2,"1,1.4,1.4.2"
Copia-63_PT-LTR,Copia,N/A,1.1.1,"1,1.1,1.1.1"
Copia-63_ST-I,Copia,N/A,1.1.1,"1,1.1,1.1.1"
Au,tRNA,N/A,1.5.1,"1,1.5,1.5.1"
Copia-63_ZM-LTR,Copia,N/A,1.1.1,"1,1.1,1.1.1"
Copia-64_BG-I,Copia,N/A,1.1.1,"1,1.1,1.1.1"
Copia-64_CCri-LTR,gypsy,N/A,1.1.2,"1,1.1,1.1.2"
Copia-64_MLP-I,Copia,N/A,1.1.1,"1,1.1,1.1.1"
Copia-64_PT-LTR,Copia,N/A,1.1.1,"1,1.1,1.1.1"
Copia-64_ST-I,Copia,N/A,1.1.1,"1,1.1,1.1.1"
Copia-64_ZM-LTR,Copia,N/A,1.1.1,"1,1.1,1.1.1"
Copia-65_BG-I,Copia,N/A,1.1.1,"1,1.1,1.1.1"
Copia-65_CCri-LTR,tRNA,N/A,1.5.1,"1,1.5,1.5.1"
Copia-65_MLP-I,Copia,N/A,1.1.1,"1,1.1,1.1.1"
AVPB1,PiggyBac,N/A,2.1.1.7,"2,2.1,2.1.1,2.1.1.7"
Copia-65_PT-LTR,Copia,N/A,1.1.1,"1,1.1,1.1.1"
Copia-65_ST-I,Copia,N/A,1.1.1,"1,1.1,1.1.1"
Copia-65_ZM-LTR,SubclassI,N/A,2.1,"2,2.1"
Copia-66_BG-I,Copia,N/A,1.1.1,"1,1.1,1.1.1"
Copia-66_CCri-LTR,gypsy,N/A,1.1.2,"1,1.1,1.1.2"
Copia-66_PPe-I,Copia,N/A,1.1.1,"1,1.1,1.1.1"
Copia-66_PX-LTR,Copia,N/A,1.1.1,"1,1.1,1.1.1"
Copia-66_VV-I,Copia,N/A,1.1.1,"1,1.1,1.1.1"
Copia-67_AA-LTR,Bel-Pao,N/A,1.1.3,"1,1.1,1.1.3"
Copia-67_BRa-I,Copia,N/A,1.1.1,"1,1.1,1.1.1"
B1F1A,7SL,N/A,1.5.2,"1,1.5,1.5.2"
Copia-67_GM-LTR,Copia,N/A,1.1.1,"1,1.1,1.1.1"
Copia-67_PT-I,Copia,N/A,1.1.1,"1,1.1,1.1.1"
Copia-67_SB-LTR,Copia,N/A,1.1.1,"1,1.1,1.1.1"
Copia-67_ZM-I,Jockey,N/A,1.4.3,"1,1.4,1.4.3"
Copia-68_ALY-LTR,Copia,N/A,1.1.1,"1,1.1,1.1.1"
Copia-68_CCri-I,Copia,N/A,1.1.1,"1,1.1,1.1.1"
Copia-68_Mad-LTR,Copia,N/A,1.1.1,"1,1.1,1.1.1"
Copia-68_PX-I,DIRS,N/A,1.2,"1,1.2"
Copia-68_ST-LTR,Copia,N/A,1.1.1,"1,1.1,1.1.1"
Copia-69_AA-I,Copia,N/A,1.1.1,"1,1.1,1.1.1"
B1_Mus2,7SL,N/A,1.5.2,"1,1.5,1.5.2"
Copia-69_BG-LTR,SINE,N/A,1.5,"1,1.5"
Copia-69_GM-I,Copia,N/A,1.1.1,"1,1.1,1.1.1"
Copia-69_MLP-LTR,Copia,N/A,1.1.1,"1,1.1,1.1.1"
Copia-69_SB-I,Copia,N/A,1.1.1,"1,1.1,1.1.1"
Copia-69_VV-LTR,Copia,N/A,1.1.1,"1,1.1,1.1.1"
Copia-6_ADe-I,Copia,N/A,1.1.1,"1,1.1,1.1.1"
Copia-6_ALY-LTR,Copia,N/A,1.1.1,"1,1.1,1.1.1"
Copia-6_BD-I,Copia,N/A,1.1.1,"1,1.1,1.1.1"
Copia-6_BRa-LTR,Copia,N/A,1.1.1,"1,1.1,1.1.1"
Copia-6_CP-I,Copia,N/A,1.1.1,"1,1.1,1.1.1"
Academ-3_SK,SubclassI,N/A,2.1,"2,2.1"
B2_Rn1__2,tRNA,N/A,1.5.1,"1,1.5,1.5.1"
Copia-6_CQ-LTR,Bel-Pao,N/A,1.1.3,"1,1.1,1.1.3"
Copia-6_DWil-I,Copia,N/A,1.1.1,"1,1.1,1.1.1"
Copia-6_EPa-LTR,Copia,N/A,1.1.1,"1,1.1,1.1.1"
Copia-6_GM-I,Copia,N/A,1.1.1,"1,1.1,1.1.1"
Copia-6_LBS-LTR,gypsy,N/A,1.1.2,"1,1.1,1.1.2"
Copia-6_LU-I,Copia,N/A,1.1.1,"1,1.1,1.1.1"
Copia-6_MLP-LTR,Copia,N/A,1.1.1,"1,1.1,1.1.1"
Copia-6_PGr-I,Copia,N/A,1.1.1,"1,1.1,1.1.1"
Copia-6_PR-LTR,Copia,N/A,1.1.1,"1,1.1,1.1.1"
Copia-6_PSt-I,Jockey,N/A,1.4.3,"1,1.4,1.4.3"
Baggins-1_NVi,R2,N/A,1.4.1,"1,1.4,1.4.1"
Copia-6_PX-I,Copia,N/A,1.1.1,"1,1.1,1.1.1"
Copia-6_SI-LTR,Copia,N/A,1.1.1,"1,1.1,1.1.1"
Copia-6_ST-I,Copia,N/A,1.1.1,"1,1.1,1.1.1"
Copia-6_TC-LTR,Copia,N/A,1.1.1,"1,1.1,1.1.1"
Copia-7-I_DR,DIRS,N/A,1.2,"1,1.2"
Copia-70_ALY-LTR,Copia,N/A,1.1.1,"1,1.1,1.1.1"
Copia-70_CCri-I,Copia,N/A,1.1.1,"1,1.1,1.1.1"
Copia-70_Mad-LTR,Copia,N/A,1.1.1,"1,1.1,1.1.1"
Copia-70_PX-I,Copia,N/A,1.1.1,"1,1.1,1.1.1"
Copia-70_ST-LTR,Copia,N/A,1.1.1,"1,1.1,1.1.1"
BAGY1_HV_I,gypsy,N/A,1.1.2,"1,1.1,1.1.2"
Copia-71_AA-I,Copia,N/A,1.1.1,"1,1.1,1.1.1"
Copia-71_BG-LTR,Copia,N/A,1.1.1,"1,1.1,1.1.1"
Copia-71_GM-I,Copia,N/A,1.1.1,"1,1.1,1.1.1"
Copia-71_MLP-LTR,Copia,N/A,1.1.1,"1,1.1,1.1.1"
Copia-71_ST-I,Copia,N/A,1.1.1,"1,1.1,1.1.1"
Copia-71_ZM-LTR,Copia,N/A,1.1.1,"1,1.1,1.1.1"
Copia-72_BG-I,Copia,N/A,1.1.1,"1,1.1,1.1.1"
Copia-72_CCri-LTR,DIRS,N/A,1.2,"1,1.2"
Copia-72_MLP-I,Copia,N/A,1.1.1,"1,1.1,1.1.1"
Copia-72_SB-LTR,Copia,N/A,1.1.1,"1,1.1,1.1.1"
BAJIEIN,DIRS,N/A,1.2,"1,1.2"
Copia-72_ZM-I,Copia,N/A,1.1.1,"1,1.1,1.1.1"
Copia-73_ALY-LTR,Copia,N/A,1.1.1,"1,1.1,1.1.1"
Copia-73_CCri-I,Copia,N/A,1.1.1,"1,1.1,1.1.1"
Copia-73_Mad-LTR,Copia,N/A,1.1.1,"1,1.1,1.1.1"
Copia-73_SB-I,Copia,N/A,1.1.1,"1,1.1,1.1.1"
Copia-73_VV-LTR,Copia,N/A,1.1.1,"1,1.1,1.1.1"
Copia-74_ALY-I,Copia,N/A,1.1.1,"1,1.1,1.1.1"
Copia-74_BRa-LTR,Copia,N/A,1.1.1,"1,1.1,1.1.1"
Copia-74_Mad-I,Copia,N/A,1.1.1,"1,1.1,1.1.1"
Copia-74_PT-LTR,Copia,N/A,1.1.1,"1,1.1,1.1.1"
BAMHI_VF,gypsy,N/A,1.1.2,"1,1.1,1.1.2"
Copia-74_VV-I,Copia,N/A,1.1.1,"1,1.1,1.1.1"
Copia-75_AA-LTR,SubclassI,N/A,2.1,"2,2.1"
Copia-75_BRa-I,Copia,N/A,1.1.1,"1,1.1,1.1.1"
Copia-75_GM-LTR,Copia,N/A,1.1.1,"1,1.1,1.1.1"
Copia-75_PT-I,Copia,N/A,1.1.1,"1,1.1,1.1.1"
Copia-75_ST-LTR,Copia,N/A,1.1.1,"1,1.1,1.1.1"
Copia-76_ALY-I,Copia,N/A,1.1.1,"1,1.1,1.1.1"
Copia-76_BRa-LTR,Copia,N/A,1.1.1,"1,1.1,1.1.1"
Copia-76_Mad-I,Copia,N/A,1.1.1,"1,1.1,1.1.1"
Copia-76_PT-LTR,Copia,N/A,1.1.1,"1,1.1,1.1.1"
BARE-2_HV_LTR,Copia,N/A,1.1.1,"1,1.1,1.1.1"
Copia-76_VV-I,Copia,N/A,1.1.1,"1,1.1,1.1.1"
Copia-77_BG-LTR,gypsy,N/A,1.1.2,"1,1.1,1.1.2"
Copia-77_GM-I,Copia,N/A,1.1.1,"1,1.1,1.1.1"
Copia-77_MLP-LTR,SINE,N/A,1.5,"1,1.5"
Copia-77_ST-I,Copia,N/A,1.1.1,"1,1.1,1.1.1"
Copia-78_AA-LTR,Copia,N/A,1.1.1,"1,1.1,1.1.1"
Copia-78_BRa-I,Copia,N/A,1.1.1,"1,1.1,1.1.1"
Copia-78_GM-LTR,Copia,N/A,1.1.1,"1,1.1,1.1.1"
Copia-78_PT-I,Copia,N/A,1.1.1,"1,1.1,1.1.1"
Copia-78_ST-LTR,Copia,N/A,1.1.1,"1,1.1,1.1.1"
BARI1,Tc1-Mariner,N/A,2.1.1.1,"2,2.1,2.1.1,2.1.1.1"
Copia-79_ALY-I,Copia,N/A,1.1.1,"1,1.1,1.1.1"
Copia-79_BRa-LTR,Copia,N/A,1.1.1,"1,1.1,1.1.1"
Copia-79_Mad-I,Copia,N/A,1.1.1,"1,1.1,1.1.1"
Copia-79_PT-LTR,Copia,N/A,1.1.1,"1,1.1,1.1.1"
Copia-79_VV-I,Copia,N/A,1.1.1,"1,1.1,1.1.1"
Copia-7_ADe-LTR,Copia,N/A,1.1.1,"1,1.1,1.1.1"
Copia-7_Ano-I,Copia,N/A,1.1.1,"1,1.1,1.1.1"
Copia-7_BD-LTR,Copia,N/A,1.1.1,"1,1.1,1.1.1"
Copia-7_CCri-I,Copia,N/A,1.1.1,"1,1.1,1.1.1"
Copia-7_CP-LTR,Copia,N/A,1.1.1,"1,1.1,1.1.1"
BC1,tRNA,N/A,1.5.1,"1,1.5,1.5.1"
Copia-7_CT-I,Copia,N/A,1.1.1,"1,1.1,1.1.1"
Copia-7_DPu-LTR,Copia,N/A,1.1.1,"1,1.1,1.1.1"
Copia-7_EPa-I,Copia,N/A,1.1.1,"1,1.1,1.1.1"
Copia-7_FV-LTR,SubclassI,N/A,2.1,"2,2.1"
Copia-7_LBS-I,Copia,N/A,1.1.1,"1,1.1,1.1.1"
Copia-7_LMi-LTR,Copia,N/A,1.1.1,"1,1.1,1.1.1"
Copia-7_MLP-I,Copia,N/A,1.1.1,"1,1.1,1.1.1"
Copia-7_PD-LTR,SINE,N/A,1.5,"1,1.5"
Copia-7_PR-I,Copia,N/A,1.1.1,"1,1.1,1.1.1"
Copia-7_PSo-LTR,Copia,N/A,1.1.1,"1,1.1,1.1.1"
BC1_Rn,tRNA,N/A,1.5.1,"1,1.5,1.5.1"
Copia-7_PTrit-LTR,Copia,N/A,1.1.1,"1,1.1,1.1.1"
Copia-7_SB-I,Copia,N/A,1.1.1,"1,1.1,1.1.1"
Copia-7_SMo-LTR,Copia,N/A,1.1.1,"1,1.1,1.1.1"
Copia-7_TA-I,Copia,N/A,1.1.1,"1,1.1,1.1.1"
Copia-7_TMe-LTR,Copia,N/A,1.1.1,"1,1.1,1.1.1"
Copia-80_ALY-I,Copia,N/A,1.1.1,"1,1.1,1.1.1"
Copia-80_CCri-I,Copia,N/A,1.1.1,"1,1.1,1.1.1"
Copia-80_Mad-LTR,Copia,N/A,1.1.1,"1,1.1,1.1.1"
Copia-80_SB-I,Copia,N/A,1.1.1,"1,1.1,1.1.1"
Copia-80_VV-LTR,Copia,N/A,1.1.1,"1,1.1,1.1.1"
BEL-1-I_NVi,Bel-Pao,N/A,1.1.3,"1,1.1,1.1.3"
Copia-81_BG-LTR,Copia,N/A,1.1.1,"1,1.1,1.1.1"
Copia-81_GM-I,Copia,N/A,1.1.1,"1,1.1,1.1.1"
Copia-81_MLP-LTR,Copia,N/A,1.1.1,"1,1.1,1.1.1"
Copia-81_ST-I,Copia,N/A,1.1.1,"1,1.1,1.1.1"
Copia-82_AA-LTR,SubclassI,N/A,2.1,"2,2.1"
Copia-82_BRa-I,Copia,N/A,1.1.1,"1,1.1,1.1.1"
Copia-82_GM-LTR,Copia,N/A,1.1.1,"1,1.1,1.1.1"
Copia-82_SB-I,Copia,N/A,1.1.1,"1,1.1,1.1.1"
Copia-82_VV-LTR,Copia,N/A,1.1.1,"1,1.1,1.1.1"
Copia-83_CCri-I,Copia,N/A,1.1.1,"1,1.1,1.1.1"
Academ-4_SK,SubclassI,N/A,2.1,"2,2.1"
BEL-1-LTR_XT,Bel-Pao,N/A,1.1.3,"1,1.1,1.1.3"
Copia-83_Mad-LTR,Copia,N/A,1.1.1,"1,1.1,1.1.1"
Copia-83_ST-I,Copia,N/A,1.1.1,"1,1.1,1.1.1"
Copia-84B_CCri-LTR,CACTA,N/A,2.1.1.9,"2,2.1,2.1.1,2.1.1.9"
Copia-84_CCri-I,CACTA,N/A,2.1.1.9,"2,2.1,2.1.1,2.1.1.9"
Copia-84_Mad-LTR,Copia,N/A,1.1.1,"1,1.1,1.1.1"
Copia-84_ST-I,Copia,N/A,1.1.1,"1,1.1,1.1.1"
Copia-85_ALY-LTR,Copia,N/A,1.1.1,"1,1.1,1.1.1"
Copia-85_GM-I,Copia,N/A,1.1.1,"1,1.1,1.1.1"
Copia-85_SB-LTR,Copia,N/A,1.1.1,"1,1.1,1.1.1"
Copia-86_ALY-I,Copia,N/A,1.1.1,"1,1.1,1.1.1"
BEL-101_AA-I,Bel-Pao,N/A,1.1.3,"1,1.1,1.1.3"
Copia-86_CCri-LTR,gypsy,N/A,1.1.2,"1,1.1,1.1.2"
Copia-86_SB-I,Copia,N/A,1.1.1,"1,1.1,1.1.1"
Copia-86_VV-LTR,Copia,N/A,1.1.1,"1,1.1,1.1.1"
Copia-87_BRa-LTR,Copia,N/A,1.1.1,"1,1.1,1.1.1"
Copia-87_Mad-I,Copia,N/A,1.1.1,"1,1.1,1.1.1"
Copia-87_ST-LTR,Copia,N/A,1.1.1,"1,1.1,1.1.1"
Copia-88_ALY-I,Copia,N/A,1.1.1,"1,1.1,1.1.1"
Copia-88_CCri-LTR,Bel-Pao,N/A,1.1.3,"1,1.1,1.1.3"
Copia-88_SB-I,Copia,N/A,1.1.1,"1,1.1,1.1.1"
Copia-88_VV-LTR,Copia,N/A,1.1.1,"1,1.1,1.1.1"
BEL-103_AA-LTR,Bel-Pao,N/A,1.1.3,"1,1.1,1.1.3"
Copia-89_CCri-I,Copia,N/A,1.1.1,"1,1.1,1.1.1"
Copia-89_Mad-LTR,Copia,N/A,1.1.1,"1,1.1,1.1.1"
Copia-89_VV-I,Copia,N/A,1.1.1,"1,1.1,1.1.1"
Copia-8_AA-LTR,tRNA,N/A,1.5.1,"1,1.5,1.5.1"
Copia-8_Ano-I,Copia,N/A,1.1.1,"1,1.1,1.1.1"
Copia-8_BD-LTR,gypsy,N/A,1.1.2,"1,1.1,1.1.2"
Copia-8_CCri-I,Copia,N/A,1.1.1,"1,1.1,1.1.1"
Copia-8_CPu-LTR,Copia,N/A,1.1.1,"1,1.1,1.1.1"
Copia-8_DPu-I,Copia,N/A,1.1.1,"1,1.1,1.1.1"
Copia-8_ECa-LTR,Copia,N/A,1.1.1,"1,1.1,1.1.1"
BEL-106_AA-I,Bel-Pao,N/A,1.1.3,"1,1.1,1.1.3"
Copia-8_FV-I,Copia,N/A,1.1.1,"1,1.1,1.1.1"
Copia-8_JC-LTR,Copia,N/A,1.1.1,"1,1.1,1.1.1"
Copia-8_LMi-I,Copia,N/A,1.1.1,"1,1.1,1.1.1"
Copia-8_Mad-LTR__2,Copia,N/A,1.1.1,"1,1.1,1.1.1"
Copia-8_PD-I,Copia,N/A,1.1.1,"1,1.1,1.1.1"
Copia-8_PIT-LTR,SubclassI,N/A,2.1,"2,2.1"
Copia-8_PSo-I,Copia,N/A,1.1.1,"1,1.1,1.1.1"
Copia-8_PTrit-LTR,Copia,N/A,1.1.1,"1,1.1,1.1.1"
Copia-8_SB-I,Copia,N/A,1.1.1,"1,1.1,1.1.1"
Copia-8_SMo-LTR,tRNA,N/A,1.5.1,"1,1.5,1.5.1"
BEL-108_AA-LTR,Bel-Pao,N/A,1.1.3,"1,1.1,1.1.3"
Copia-8_TA-I,Copia,N/A,1.1.1,"1,1.1,1.1.1"
Copia-8_TMe-LTR,tRNA,N/A,1.5.1,"1,1.5,1.5.1"
Copia-90_BRa-LTR,Copia,N/A,1.1.1,"1,1.1,1.1.1"
Copia-90_Mad-I,DIRS,N/A,1.2,"1,1.2"
Copia-90_ST-LTR,gypsy,N/A,1.1.2,"1,1.1,1.1.2"
Copia-91_BRa-I,Copia,N/A,1.1.1,"1,1.1,1.1.1"
Copia-91_GM-LTR,Copia,N/A,1.1.1,"1,1.1,1.1.1"
Copia-91_SB-LTR,Copia,N/A,1.1.1,"1,1.1,1.1.1"
Copia-92_ALY-I,Copia,N/A,1.1.1,"1,1.1,1.1.1"
Copia-92_CCri-LTR,Copia,N/A,1.1.1,"1,1.1,1.1.1"
BEL-10_Adi-I,Bel-Pao,N/A,1.1.3,"1,1.1,1.1.3"
Copia-92_PTr-I__2,Copia,N/A,1.1.1,"1,1.1,1.1.1"
Copia-92_ST-LTR,Copia,N/A,1.1.1,"1,1.1,1.1.1"
Copia-93_ALY-LTR,LINE,N/A,1.4,"1,1.4"
Copia-93_GM-I,Copia,N/A,1.1.1,"1,1.1,1.1.1"
Copia-93_PTr-LTR__2,Copia,N/A,1.1.1,"1,1.1,1.1.1"
Copia-93_VV-I,Copia,N/A,1.1.1,"1,1.1,1.1.1"
Copia-94_BRa-LTR,Copia,N/A,1.1.1,"1,1.1,1.1.1"
Copia-94_Mad-I,Copia,N/A,1.1.1,"1,1.1,1.1.1"
Copia-94_ST-LTR,Copia,N/A,1.1.1,"1,1.1,1.1.1"
Copia-95_ALy-I,Copia,N/A,1.1.1,"1,1.1,1.1.1"
BEL-10_CQ-LTR,Bel-Pao,N/A,1.1.3,"1,1.1,1.1.3"
Copia-95_CCri-LTR,gypsy,N/A,1.1.2,"1,1.1,1.1.2"
Copia-95_SB-I,Copia,N/A,1.1.1,"1,1.1,1.1.1"
Copia-95_VV-LTR,Copia,N/A,1.1.1,"1,1.1,1.1.1"
Copia-96_BRa-I,Copia,N/A,1.1.1,"1,1.1,1.1.1"
Copia-96_GM-LTR,Copia,N/A,1.1.1,"1,1.1,1.1.1"
Copia-96_ST-I,Copia,N/A,1.1.1,"1,1.1,1.1.1"
Copia-97_AA-LTR,Copia,N/A,1.1.1,"1,1.1,1.1.1"
Copia-97_CCri-I,Copia,N/A,1.1.1,"1,1.1,1.1.1"
Copia-97_Mad-LTR,Copia,N/A,1.1.1,"1,1.1,1.1.1"
Copia-97_VV-I,Copia,N/A,1.1.1,"1,1.1,1.1.1"
BEL-10_DBp-I,Bel-Pao,N/A,1.1.3,"1,1.1,1.1.3"
Copia-98_BRa-LTR,Copia,N/A,1.1.1,"1,1.1,1.1.1"
Copia-98_Mad-I,L1,N/A,1.4.4,"1,1.4,1.4.4"
Copia-98_VV-LTR,Copia,N/A,1.1.1,"1,1.1,1.1.1"
Copia-99_CCri-I,Copia,N/A,1.1.1,"1,1.1,1.1.1"
Copia-99_Mad-LTR,Copia,N/A,1.1.1,"1,1.1,1.1.1"
Copia-9_AA-I,Copia,N/A,1.1.1,"1,1.1,1.1.1"
Copia-9_ALY-LTR,Copia,N/A,1.1.1,"1,1.1,1.1.1"
Copia-9_BD-I,Copia,N/A,1.1.1,"1,1.1,1.1.1"
Copia-9_BRa-LTR,Copia,N/A,1.1.1,"1,1.1,1.1.1"
Copia-9_CPu-I,Copia,N/A,1.1.1,"1,1.1,1.1.1"
BEL-10_DTa-I,Bel-Pao,N/A,1.1.3,"1,1.1,1.1.3"
Copia-9_DPu-LTR,Copia,N/A,1.1.1,"1,1.1,1.1.1"
Copia-9_EPa-I,Copia,N/A,1.1.1,"1,1.1,1.1.1"
Copia-9_FV-LTR,Copia,N/A,1.1.1,"1,1.1,1.1.1"
Copia-9_LBS-I,Jockey,N/A,1.4.3,"1,1.4,1.4.3"
Copia-9_LMi-LTR,Copia,N/A,1.1.1,"1,1.1,1.1.1"
Copia-9_MLP-I,Copia,N/A,1.1.1,"1,1.1,1.1.1"
Copia-9_PD-LTR,Copia,N/A,1.1.1,"1,1.1,1.1.1"
Copia-9_PR-I,Copia,N/A,1.1.1,"1,1.1,1.1.1"
Copia-9_PSo-LTR,tRNA,N/A,1.5.1,"1,1.5,1.5.1"
Copia-9_PX-I,Copia,N/A,1.1.1,"1,1.1,1.1.1"
BEL-10_GA-LTR,gypsy,N/A,1.1.2,"1,1.1,1.1.2"
Copia-9_SB-LTR,Copia,N/A,1.1.1,"1,1.1,1.1.1"
Copia-9_SSa-I,Copia,N/A,1.1.1,"1,1.1,1.1.1"
Copia-9_TA-LTR,Copia,N/A,1.1.1,"1,1.1,1.1.1"
COPIA-I_MT,Copia,N/A,1.1.1,"1,1.1,1.1.1"
Copia1-I_Dmoj,Copia,N/A,1.1.1,"1,1.1,1.1.1"
Copia1-I_TP,Copia,N/A,1.1.1,"1,1.1,1.1.1"
Copia1-LTR_Dmoj,SubclassI,N/A,2.1,"2,2.1"
Copia1-LTR_TP,Bel-Pao,N/A,1.1.3,"1,1.1,1.1.3"
Copia1-PTR_I__2,Copia,N/A,1.1.1,"1,1.1,1.1.1"
Copia10-LTR_CR,gypsy,N/A,1.1.2,"1,1.1,1.1.2"
Academ-5_SP,SubclassI,N/A,2.1,"2,2.1"
BEL-10_NV-I,Bel-Pao,N/A,1.1.3,"1,1.1,1.1.3"
Copia10-VV_I,Copia,N/A,1.1.1,"1,1.1,1.1.1"
Copia11-NVi_LTR,gypsy,N/A,1.1.2,"1,1.1,1.1.2"
Copia11-ZM_I,Copia,N/A,1.1.1,"1,1.1,1.1.1"
Copia12-PTR_LTR,Copia,N/A,1.1.1,"1,1.1,1.1.1"
Copia13-NVi_I,Bel-Pao,N/A,1.1.3,"1,1.1,1.1.3"
Copia13-VV_LTR,Copia,N/A,1.1.1,"1,1.1,1.1.1"
Copia14-PTR_I__2,Copia,N/A,1.1.1,"1,1.1,1.1.1"
Copia15-NVi_LTR,Bel-Pao,N/A,1.1.3,"1,1.1,1.1.3"
Copia15-ZM_I,Copia,N/A,1.1.1,"1,1.1,1.1.1"
Copia16-PTR_LTR__2,Copia,N/A,1.1.1,"1,1.1,1.1.1"
BEL-10_SSa-LTR,Bel-Pao,N/A,1.1.3,"1,1.1,1.1.3"
Copia17-NVi_I,Copia,N/A,1.1.1,"1,1.1,1.1.1"
Copia17-VV_LTR,Copia,N/A,1.1.1,"1,1.1,1.1.1"
Copia18-PTR_I__2,Copia,N/A,1.1.1,"1,1.1,1.1.1"
Copia18-ZM_LTR,gypsy,N/A,1.1.2,"1,1.1,1.1.2"
Copia19-PTR_I,Copia,N/A,1.1.1,"1,1.1,1.1.1"
Copia19-ZM_LTR,Copia,N/A,1.1.1,"1,1.1,1.1.1"
Copia1_I_MT,Copia,N/A,1.1.1,"1,1.1,1.1.1"
Copia2-I_CR,DIRS,N/A,1.2,"1,1.2"
COPIA2-I_OS,Copia,N/A,1.1.1,"1,1.1,1.1.1"
Copia2-LTR_CR,LTR,N/A,1.1,"1,1.1"
BEL-111_AA-I,Bel-Pao,N/A,1.1.3,"1,1.1,1.1.3"
COPIA2-LTR_MT,Copia,N/A,1.1.1,"1,1.1,1.1.1"
Copia2-NVi_I,Copia,N/A,1.1.1,"1,1.1,1.1.1"
Copia2-SB_LTR,Copia,N/A,1.1.1,"1,1.1,1.1.1"
Copia20-PTR_I,L1,N/A,1.4.4,"1,1.4,1.4.4"
Copia20-ZM_LTR,Copia,N/A,1.1.1,"1,1.1,1.1.1"
Copia21-VV_I,Copia,N/A,1.1.1,"1,1.1,1.1.1"
Copia22-PTR_LTR__2,Copia,N/A,1.1.1,"1,1.1,1.1.1"
Copia23-PTR_I,Copia,N/A,1.1.1,"1,1.1,1.1.1"
Copia23-ZM_LTR,Copia,N/A,1.1.1,"1,1.1,1.1.1"
Copia24-ZM_I,Copia,N/A,1.1.1,"1,1.1,1.1.1"
BEL-113_AA-LTR,Bel-Pao,N/A,1.1.3,"1,1.1,1.1.3"
Copia25-ZM_LTR,Copia,N/A,1.1.1,"1,1.1,1.1.1"
Copia26-ZM_I,Copia,N/A,1.1.1,"1,1.1,1.1.1"
Copia27-VV_LTR,Copia,N/A,1.1.1,"1,1.1,1.1.1"
Copia28-VV_I__2,Copia,N/A,1.1.1,"1,1.1,1.1.1"
Copia29-PTR_LTR__2,Copia,N/A,1.1.1,"1,1.1,1.1.1"
COPIA2I_DM,Copia,N/A,1.1.1,"1,1.1,1.1.1"
Copia2_ZM_LTR,Copia,N/A,1.1.1,"1,1.1,1.1.1"
COPIA3-I_OS,Copia,N/A,1.1.1,"1,1.1,1.1.1"
Copia3-LTR_CR,SINE,N/A,1.5,"1,1.5"
Copia3-LTR_TP,Copia,N/A,1.1.1,"1,1.1,1.1.1"
BEL-116_AA-I,Bel-Pao,N/A,1.1.3,"1,1.1,1.1.3"
Copia3-PTR_I,Copia,N/A,1.1.1,"1,1.1,1.1.1"
Copia3-VV_LTR__2,Copia,N/A,1.1.1,"1,1.1,1.1.1"
Copia30-ZM_I,Copia,N/A,1.1.1,"1,1.1,1.1.1"
Copia31-ZM_LTR,Copia,N/A,1.1.1,"1,1.1,1.1.1"
Copia33-PTR_I__2,Copia,N/A,1.1.1,"1,1.1,1.1.1"
Copia34-PTR_LTR,Copia,N/A,1.1.1,"1,1.1,1.1.1"
Copia36-PTR_I,Copia,N/A,1.1.1,"1,1.1,1.1.1"
Copia38-PTR_LTR,Copia,N/A,1.1.1,"1,1.1,1.1.1"
COPIA4-I_AG,Copia,N/A,1.1.1,"1,1.1,1.1.1"
Copia4-LTR_DR,gypsy,N/A,1.1.2,"1,1.1,1.1.2"
BEL-118_AA-LTR,Bel-Pao,N/A,1.1.3,"1,1.1,1.1.3"
Copia4-PTR_I__2,Copia,N/A,1.1.1,"1,1.1,1.1.1"
Copia4-VV_LTR__2,Copia,N/A,1.1.1,"1,1.1,1.1.1"
Copia41-PTR_I,Copia,N/A,1.1.1,"1,1.1,1.1.1"
Copia43-PTR_LTR__2,SubclassI,N/A,2.1,"2,2.1"
Copia46-PTR_I__2,Copia,N/A,1.1.1,"1,1.1,1.1.1"
Copia48-PTR_LTR__2,SubclassI,N/A,2.1,"2,2.1"
COPIA5-I_AG,Copia,N/A,1.1.1,"1,1.1,1.1.1"
Copia5-LTR_TP,Bel-Pao,N/A,1.1.3,"1,1.1,1.1.3"
Copia5-SB_I,Copia,N/A,1.1.1,"1,1.1,1.1.1"
Copia5-ZM_LTR,Copia,N/A,1.1.1,"1,1.1,1.1.1"
BEL-11_Adi-I,Bel-Pao,N/A,1.1.3,"1,1.1,1.1.3"
Copia52-PTR_I,Copia,N/A,1.1.1,"1,1.1,1.1.1"
Copia6-I_TP,Copia,N/A,1.1.1,"1,1.1,1.1.1"
Copia6-NVi_I,gypsy,N/A,1.1.2,"1,1.1,1.1.2"
Copia6-SB_LTR,Copia,N/A,1.1.1,"1,1.1,1.1.1"
Copia7-I_TP,Copia,N/A,1.1.1,"1,1.1,1.1.1"
Copia7-VV_I,Copia,N/A,1.1.1,"1,1.1,1.1.1"
Copia8-LTR_TP,tRNA,N/A,1.5.1,"1,1.5,1.5.1"
Copia8-VV_I__2,Copia,N/A,1.1.1,"1,1.1,1.1.1"
Copia9-LTR_TP,SubclassI,N/A,2.1,"2,2.1"
Copia9-VV_I__2,Copia,N/A,1.1.1,"1,1.1,1.1.1"
BEL-11_CQ-LTR,Bel-Pao,N/A,1.1.3,"1,1.1,1.1.3"
COPIA_DM_LTR,Bel-Pao,N/A,1.1.3,"1,1.1,1.1.3"
COPMET_I,LTR,N/A,1.1,"1,1.1"
Coprina-2_SLL,R2,N/A,1.4.1,"1,1.4,1.4.1"
COP_I_MT__2,Copia,N/A,1.1.1,"1,1.1,1.1.1"
CPR1_I,Copia,N/A,1.1.1,"1,1.1,1.1.1"
CPSC3_LTR,Copia,N/A,1.1.1,"1,1.1,1.1.1"
CPSC5_I,Copia,N/A,1.1.1,"1,1.1,1.1.1"
CR1-103_AAe,Jockey,N/A,1.4.3,"1,1.4,1.4.3"
CR1-108_AAe,PIF-Harbinger,N/A,2.1.1.8,"2,2.1,2.1.1,2.1.1.8"
CR1-10_AG,SubclassI,N/A,2.1,"2,2.1"
BEL-11_DBp-I,Bel-Pao,N/A,1.1.3,"1,1.1,1.1.3"
CR1-10_CQ,Jockey,N/A,1.4.3,"1,1.4,1.4.3"
CR1-10_NV,PIF-Harbinger,N/A,2.1.1.8,"2,2.1,2.1.1,2.1.1.8"
CR1-113_AAe,L1,N/A,1.4.4,"1,1.4,1.4.4"
CR1-118_AAe,gypsy,N/A,1.1.2,"1,1.1,1.1.2"
CR1-11_CQ,Jockey,N/A,1.4.3,"1,1.4,1.4.3"
CR1-11_NV,RTE,N/A,1.4.2,"1,1.4,1.4.2"
CR1-124_AAe,SubclassI,N/A,2.1,"2,2.1"
CR1-12_AMi,L1,N/A,1.4.4,"1,1.4,1.4.4"
CR1-12_Crp,RTE,N/A,1.4.2,"1,1.4,1.4.2"
CR1-12_NV,SubclassI,N/A,2.1,"2,2.1"
BEL-11_DTa-I,L1,N/A,1.4.4,"1,1.4,1.4.4"
CR1-13_Crp,L1,N/A,1.4.4,"1,1.4,1.4.4"
CR1-14B_CQ,gypsy,N/A,1.1.2,"1,1.1,1.1.2"
CR1-14_Croc,gypsy,N/A,1.1.2,"1,1.1,1.1.2"
CR1-15_Crp,RTE,N/A,1.4.2,"1,1.4,1.4.2"
CR1-16_AMi,Tc1-Mariner,N/A,2.1.1.1,"2,2.1,2.1.1,2.1.1.1"
CR1-17_AMi,gypsy,N/A,1.1.2,"1,1.1,1.1.2"
CR1-17_Gav,DIRS,N/A,1.2,"1,1.2"
CR1-18_DR,Merlin,N/A,2.1.1.4,"2,2.1,2.1.1,2.1.1.4"
CR1-19_NV,R2,N/A,1.4.1,"1,1.4,1.4.1"
CR1-1_AG,gypsy,N/A,1.1.2,"1,1.1,1.1.2"
Academ-7_LMi,SubclassI,N/A,2.1,"2,2.1"
BEL-11_GA-LTR,Bel-Pao,N/A,1.1.3,"1,1.1,1.1.3"
CR1-1_CM,RTE,N/A,1.4.2,"1,1.4,1.4.2"
CR1-1_DAn,gypsy,N/A,1.1.2,"1,1.1,1.1.2"
CR1-1_DF,DIRS,N/A,1.2,"1,1.2"
CR1-1_DVi,Jockey,N/A,1.4.3,"1,1.4,1.4.3"
CR1-1_HMM,SubclassI,N/A,2.1,"2,2.1"
CR1-1_LMi,RTE,N/A,1.4.2,"1,1.4,1.4.2"
CR1-1_SP,SubclassI,N/A,2.1,"2,2.1"
CR1-20_HM,SubclassI,N/A,2.1,"2,2.1"
CR1-21_NV,L1,N/A,1.4.4,"1,1.4,1.4.4"
CR1-22_HM,Jockey,N/A,1.4.3,"1,1.4,1.4.3"
BEL-11_SI-I,Bel-Pao,N/A,1.1.3,"1,1.1,1.1.3"
CR1-23_HM,Jockey,N/A,1.4.3,"1,1.4,1.4.3"
CR1-25_BF,RTE,N/A,1.4.2,"1,1.4,1.4.2"
CR1-26_BF,Copia,N/A,1.1.1,"1,1.1,1.1.1"
CR1-27_HM,L1,N/A,1.4.4,"1,1.4,1.4.4"
CR1-2B_Croc,DIRS,N/A,1.2,"1,1.2"
CR1-2_AMi,L1,N/A,1.4.4,"1,1.4,1.4.4"
CR1-2_CQ,Jockey,N/A,1.4.3,"1,1.4,1.4.3"
CR1-2_DEl,SubclassI,N/A,2.1,"2,2.1"
CR1-2_DRh,Jockey,N/A,1.4.3,"1,1.4,1.4.3"
CR1-2_HM,Copia,N/A,1.1.1,"1,1.1,1.1.1"
BEL-120_AA-LTR,Bel-Pao,N/A,1.1.3,"1,1.1,1.1.3"
CR1-2_LG,RTE,N/A,1.4.2,"1,1.4,1.4.2"
CR1-2_SP,L1,N/A,1.4.4,"1,1.4,1.4.4"
CR1-30_SP,Copia,N/A,1.1.1,"1,1.1,1.1.1"
CR1-32_HM,SubclassI,N/A,2.1,"2,2.1"
CR1-35_BF,Tc1-Mariner,N/A,2.1.1.1,"2,2.1,2.1.1,2.1.1.1"
CR1-37_DR,SubclassI,N/A,2.1,"2,2.1"
CR1-3b_LCh,RTE,N/A,1.4.2,"1,1.4,1.4.2"
CR1-3_BF,R2,N/A,1.4.1,"1,1.4,1.4.1"
CR1-3_DAn,R2,N/A,1.4.1,"1,1.4,1.4.1"
CR1-3_DPer,PIF-Harbinger,N/A,2.1.1.8,"2,2.1,2.1.1,2.1.1.8"
BEL-123_AA-I,Bel-Pao,N/A,1.1.3,"1,1.1,1.1.3"
CR1-3_HM,L1,N/A,1.4.4,"1,1.4,1.4.4"
CR1-3_NV,Jockey,N/A,1.4.3,"1,1.4,1.4.3"
CR1-41_BF,I,N/A,1.4.5,"1,1.4,1.4.5"
CR1-43_BF,Tc1-Mariner,N/A,2.1.1.1,"2,2.1,2.1.1,2.1.1.1"
CR1-44_HM,L1,N/A,1.4.4,"1,1.4,1.4.4"
CR1-46_BF,DIRS,N/A,1.2,"1,1.2"
CR1-47_HM,Jockey,N/A,1.4.3,"1,1.4,1.4.3"
CR1-49_BF,SubclassI,N/A,2.1,"2,2.1"
CR1-4C_CPB,L1,N/A,1.4.4,"1,1.4,1.4.4"
CR1-4_CQ,Jockey,N/A,1.4.3,"1,1.4,1.4.3"
BEL-125_AA-LTR,Bel-Pao,N/A,1.1.3,"1,1.1,1.1.3"
CR1-4_DEl,I,N/A,1.4.5,"1,1.4,1.4.5"
CR1-4_HM,L1,N/A,1.4.4,"1,1.4,1.4.4"
CR1-4_NVi,gypsy,N/A,1.1.2,"1,1.1,1.1.2"
CR1-50_HM,Tc1-Mariner,N/A,2.1.1.1,"2,2.1,2.1.1,2.1.1.1"
CR1-52_BF,Jockey,N/A,1.4.3,"1,1.4,1.4.3"
CR1-54_BF,DIRS,N/A,1.2,"1,1.2"
CR1-55_DR,SubclassI,N/A,2.1,"2,2.1"
CR1-58_AAe,I,N/A,1.4.5,"1,1.4,1.4.5"
CR1-5B_Crp,gypsy,N/A,1.1.2,"1,1.1,1.1.2"
CR1-5_CPB,RTE,N/A,1.4.2,"1,1.4,1.4.2"
BEL-128_AA-I,Bel-Pao,N/A,1.1.3,"1,1.1,1.1.3"
CR1-5_DK,I,N/A,1.4.5,"1,1.4,1.4.5"
CR1-5_HMM,SubclassI,N/A,2.1,"2,2.1"
CR1-60_AAe,PIF-Harbinger,N/A,2.1.1.8,"2,2.1,2.1.1,2.1.1.8"
CR1-62_HM,SubclassI,N/A,2.1,"2,2.1"
CR1-64_HM,L1,N/A,1.4.4,"1,1.4,1.4.4"
CR1-67_HM,L1,N/A,1.4.4,"1,1.4,1.4.4"
CR1-6C_AMi,gypsy,N/A,1.1.2,"1,1.1,1.1.2"
CR1-6_CGi,SubclassI,N/A,2.1,"2,2.1"
CR1-6_HM,SubclassI,N/A,2.1,"2,2.1"
CR1-70_AAe,gypsy,N/A,1.1.2,"1,1.1,1.1.2"
BEL-12_AA-LTR,Bel-Pao,N/A,1.1.3,"1,1.1,1.1.3"
CR1-72_HM,SubclassI,N/A,2.1,"2,2.1"
CR1-75_HM,Jockey,N/A,1.4.3,"1,1.4,1.4.3"
CR1-78_AAe,Copia,N/A,1.1.1,"1,1.1,1.1.1"
CR1-7_BF,gypsy,N/A,1.1.2,"1,1.1,1.1.2"
CR1-7_Crp,RTE,N/A,1.4.2,"1,1.4,1.4.2"
CR1-7_HMM,SubclassI,N/A,2.1,"2,2.1"
CR1-80_HM,L1,N/A,1.4.4,"1,1.4,1.4.4"
CR1-83_AAe,gypsy,N/A,1.1.2,"1,1.1,1.1.2"
CR1-85_HM,SubclassI,N/A,2.1,"2,2.1"
CR1-88_AAe,I,N/A,1.4.5,"1,1.4,1.4.5"
BEL-12_CQ-I,Bel-Pao,N/A,1.1.3,"1,1.1,1.1.3"
CR1-8_AMi,RTE,N/A,1.4.2,"1,1.4,1.4.2"
CR1-8_Crp,L1,N/A,1.4.4,"1,1.4,1.4.4"
CR1-8_HMM,Jockey,N/A,1.4.3,"1,1.4,1.4.3"
CR1-92_AAe,Jockey,N/A,1.4.3,"1,1.4,1.4.3"
CR1-97_AAe,L1,N/A,1.4.4,"1,1.4,1.4.4"
CR1-9D_AMi,L1,N/A,1.4.4,"1,1.4,1.4.4"
CR1-9_CPB,RTE,N/A,1.4.2,"1,1.4,1.4.2"
CR1-9_Hmel,SubclassI,N/A,2.1,"2,2.1"
CR1-C,L1,N/A,1.4.4,"1,1.4,1.4.4"
CR1-D2,RTE,N/A,1.4.2,"1,1.4,1.4.2"
BEL-12_DBp-LTR,SubclassI,N/A,2.1,"2,2.1"
CR1-H2,RTE,N/A,1.4.2,"1,1.4,1.4.2"
CR1-K1_Tgu,L1,N/A,1.4.4,"1,1.4,1.4.4"
CR1-L2-1_XT,L1,N/A,1.4.4,"1,1.4,1.4.4"
CR1-X1_Pass,RTE,N/A,1.4.2,"1,1.4,1.4.2"
CR1-Y1_Aves,RTE,N/A,1.4.2,"1,1.4,1.4.2"
CR1-YB1_Tgu,L1,N/A,1.4.4,"1,1.4,1.4.4"
CR1AVI,LINE,N/A,1.4,"1,1.4"
CR1_1b_Xt,L1,N/A,1.4.4,"1,1.4,1.4.4"
CR1_Ele11,Bel-Pao,N/A,1.1.3,"1,1.1,1.1.3"
CR1_Ele16,gypsy,N/A,1.1.2,"1,1.1,1.1.2"
BEL-12_DTa-LTR,Bel-Pao,N/A,1.1.3,"1,1.1,1.1.3"
CR1_Ele20,Bel-Pao,N/A,1.1.3,"1,1.1,1.1.3"
CR1_Ele25,I,N/A,1.4.5,"1,1.4,1.4.5"
CR1_Ele3,Jockey,N/A,1.4.3,"1,1.4,1.4.3"
CR1_Ele34,Bel-Pao,N/A,1.1.3,"1,1.1,1.1.3"
CR1_Ele38B_AAe,Jockey,N/A,1.4.3,"1,1.4,1.4.3"
CR1_Ele42,Bel-Pao,N/A,1.1.3,"1,1.1,1.1.3"
CR1_Ele9,Mutator,N/A,2.1.1.3,"2,2.1,2.1.1,2.1.1.3"
CR1_Mam__2,RTE,N/A,1.4.2,"1,1.4,1.4.2"
Crack-11_AAe,L1,N/A,1.4.4,"1,1.4,1.4.4"
Crack-12_SSa,I,N/A,1.4.5,"1,1.4,1.4.5"
Academ-9N1_LMi,SubclassI,N/A,2.1,"2,2.1"
BEL-12_LH-I,Bel-Pao,N/A,1.1.3,"1,1.1,1.1.3"
Crack-14_BF,CACTA,N/A,2.1.1.9,"2,2.1,2.1.1,2.1.1.9"
Crack-16_AAe,SubclassI,N/A,2.1,"2,2.1"
Crack-18_AAe,SubclassI,N/A,2.1,"2,2.1"
Crack-1B_SSa,I,N/A,1.4.5,"1,1.4,1.4.5"
Crack-1_CS1,L1,N/A,1.4.4,"1,1.4,1.4.4"
Crack-1_IS,SubclassI,N/A,2.1,"2,2.1"
Crack-1_SSa,I,N/A,1.4.5,"1,1.4,1.4.5"
Crack-22_AAe,I,N/A,1.4.5,"1,1.4,1.4.5"
Crack-24_AAe,Jockey,N/A,1.4.3,"1,1.4,1.4.3"
Crack-26_BF,SubclassI,N/A,2.1,"2,2.1"
BEL-13-LTR_NV,Bel-Pao,N/A,1.1.3,"1,1.1,1.1.3"
Crack-29_AAe,SubclassI,N/A,2.1,"2,2.1"
Crack-2_BF,SubclassI,N/A,2.1,"2,2.1"
Crack-2_HM,hAT,N/A,2.1.1.2,"2,2.1,2.1.1,2.1.1.2"
Crack-30_AAe,Jockey,N/A,1.4.3,"1,1.4,1.4.3"
Crack-32_BF,hAT,N/A,2.1.1.2,"2,2.1,2.1.1,2.1.1.2"
Crack-37_AAe,Tc1-Mariner,N/A,2.1.1.1,"2,2.1,2.1.1,2.1.1.1"
Crack-3_DR,SubclassI,N/A,2.1,"2,2.1"
Crack-3_SP,SubclassI,N/A,2.1,"2,2.1"
Crack-4_DR,SubclassI,N/A,2.1,"2,2.1"
Crack-4_SSa,L1,N/A,1.4.4,"1,1.4,1.4.4"
BEL-132_AA-I,Bel-Pao,N/A,1.1.3,"1,1.1,1.1.3"
Crack-5_SP,SubclassI,N/A,2.1,"2,2.1"
Crack-6_SP,gypsy,N/A,1.1.2,"1,1.1,1.1.2"
Crack-7_HM,L1,N/A,1.4.4,"1,1.4,1.4.4"
Crack-8_CQ,gypsy,N/A,1.1.2,"1,1.1,1.1.2"
Crack-9_BF,SubclassI,N/A,2.1,"2,2.1"
CRATA-2,Tc1-Mariner,N/A,2.1.1.1,"2,2.1,2.1.1,2.1.1.1"
CRE-14_CCri,Copia,N/A,1.1.1,"1,1.1,1.1.1"
CRE-1_CCri,Jockey,N/A,1.4.3,"1,1.4,1.4.3"
Cre-2_BM,PIF-Harbinger,N/A,2.1.1.8,"2,2.1,2.1.1,2.1.1.8"
CRE-4_CCri,DIRS,N/A,1.2,"1,1.2"
BEL-136_AA-LTR,Bel-Pao,N/A,1.1.3,"1,1.1,1.1.3"
CRE-9_CCri,Copia,N/A,1.1.1,"1,1.1,1.1.1"
CRMA1_I,gypsy,N/A,1.1.2,"1,1.1,1.1.2"
CRP1,SINE,N/A,1.5,"1,1.5"
Crypton-10N2_CGi,SubclassI,N/A,2.1,"2,2.1"
Crypton-12_CGi,hAT,N/A,2.1.1.2,"2,2.1,2.1.1,2.1.1.2"
Crypton-1_CGi,SubclassI,N/A,2.1,"2,2.1"
Crypton-1_TC,Tc1-Mariner,N/A,2.1.1.1,"2,2.1,2.1.1,2.1.1.1"
Crypton-3N3_CGi,SubclassI,N/A,2.1,"2,2.1"
Crypton-6_CGi,SubclassI,N/A,2.1,"2,2.1"
Crypton-9_CGi,SubclassI,N/A,2.1,"2,2.1"
BEL-13_AA-LTR,Bel-Pao,N/A,1.1.3,"1,1.1,1.1.3"
Crypton-N15_CGi,SubclassI,N/A,2.1,"2,2.1"
Crypton-N1_CCri,Copia,N/A,1.1.1,"1,1.1,1.1.1"
Crypton-N21_CGi,SubclassI,N/A,2.1,"2,2.1"
Crypton-N4_CGi,SubclassI,N/A,2.1,"2,2.1"
Crypton-N7_CGi,SubclassI,N/A,2.1,"2,2.1"
CryptonA-1_LG,SubclassI,N/A,2.1,"2,2.1"
CryptonA-2N2_SP,SubclassI,N/A,2.1,"2,2.1"
CryptonA-3_SK,Tc1-Mariner,N/A,2.1.1.1,"2,2.1,2.1.1,2.1.1.1"
CryptonC-4_CCri,SubclassI,N/A,2.1,"2,2.1"
CryptonF-1_MC,PIF-Harbinger,N/A,2.1.1.8,"2,2.1,2.1.1,2.1.1.8"
BEL-13_CQ-I,Bel-Pao,N/A,1.1.3,"1,1.1,1.1.3"
CryptonF-1_RO,hAT,N/A,2.1.1.2,"2,2.1,2.1.1,2.1.1.2"
CryptonF-2_PS,PiggyBac,N/A,2.1.1.7,"2,2.1,2.1.1,2.1.1.7"
CryptonF-4_PS,SubclassI,N/A,2.1,"2,2.1"
CryptonI-1N1_RPro,SubclassI,N/A,2.1,"2,2.1"
CryptonR-2N1_CCri,SubclassI,N/A,2.1,"2,2.1"
CryptonS-10_PI,SubclassI,N/A,2.1,"2,2.1"
CryptonS-12_PS,SubclassI,N/A,2.1,"2,2.1"
CryptonS-16_PI,SubclassI,N/A,2.1,"2,2.1"
CryptonS-1_ALai,SubclassI,N/A,2.1,"2,2.1"
CryptonS-1_PTri,SubclassI,N/A,2.1,"2,2.1"
BEL-13_DP-I,Bel-Pao,N/A,1.1.3,"1,1.1,1.1.3"
CryptonS-23_PI,SubclassI,N/A,2.1,"2,2.1"
CryptonS-2_HAra,SubclassI,N/A,2.1,"2,2.1"
CryptonS-3_HAra,SubclassI,N/A,2.1,"2,2.1"
CryptonS-4_PR,SubclassI,N/A,2.1,"2,2.1"
CryptonS-6_PI,SubclassI,N/A,2.1,"2,2.1"
CryptonS-8_PS,SubclassI,N/A,2.1,"2,2.1"
CryptonS-N3_PS,SubclassI,N/A,2.1,"2,2.1"
CryptonV-11_CFl,SubclassI,N/A,2.1,"2,2.1"
CryptonV-1_HSal,SubclassI,N/A,2.1,"2,2.1"
CryptonV-2_DR,SubclassI,N/A,2.1,"2,2.1"
BEL-13_DTa-LTR,Bel-Pao,N/A,1.1.3,"1,1.1,1.1.3"
CryptonV-3_HSal,SubclassI,N/A,2.1,"2,2.1"
CryptonV-5_CFl,SubclassI,N/A,2.1,"2,2.1"
CryptonV-7_OL,Tc1-Mariner,N/A,2.1.1.1,"2,2.1,2.1.1,2.1.1.1"
CSINE1,SINE,N/A,1.5,"1,1.5"
CSINE2C_OP,SINE,N/A,1.5,"1,1.5"
CSP2108,gypsy,N/A,1.1.2,"1,1.1,1.1.2"
CVG,SubclassI,N/A,2.1,"2,2.1"
CYN-II3,tRNA,N/A,1.5.1,"1,1.5,1.5.1"
CYN-III5,tRNA,N/A,1.5.1,"1,1.5,1.5.1"
Dada-1_CSa,SubclassI,N/A,2.1,"2,2.1"
BEL-13_LH-I,DIRS,N/A,1.2,"1,1.2"
Dada-1_GM,SubclassI,N/A,2.1,"2,2.1"
Dada-1_TN,SubclassI,N/A,2.1,"2,2.1"
Dada-tA_DR,SubclassI,N/A,2.1,"2,2.1"
Dada-tL_DR,SubclassI,N/A,2.1,"2,2.1"
Dada-U6N1_DR,SubclassI,N/A,2.1,"2,2.1"
Dada-U6_GA,SubclassI,N/A,2.1,"2,2.1"
DANIELA_TM_LTR,gypsy,N/A,1.1.2,"1,1.1,1.1.2"
Daphne-10_LMi,SubclassI,N/A,2.1,"2,2.1"
Daphne-12_LMi,Jockey,N/A,1.4.3,"1,1.4,1.4.3"
Daphne-14_CTe,I,N/A,1.4.5,"1,1.4,1.4.5"
BEL-141_AA-LTR,Bel-Pao,N/A,1.1.3,"1,1.1,1.1.3"
Daphne-15_CTe,Jockey,N/A,1.4.3,"1,1.4,1.4.3"
Daphne-16_HMa,L1,N/A,1.4.4,"1,1.4,1.4.4"
Daphne-18_CTe,I,N/A,1.4.5,"1,1.4,1.4.5"
Daphne-19_SP,SubclassI,N/A,2.1,"2,2.1"
Daphne-1_Hmel,CACTA,N/A,2.1.1.9,"2,2.1,2.1.1,2.1.1.9"
Daphne-1_SK,SubclassI,N/A,2.1,"2,2.1"
Daphne-21_SPu,LTR,N/A,1.1,"1,1.1"
Daphne-24_HMa,SubclassI,N/A,2.1,"2,2.1"
Daphne-26B_LMi,RTE,N/A,1.4.2,"1,1.4,1.4.2"
Daphne-28_LMi,SubclassI,N/A,2.1,"2,2.1"
ACASINE,tRNA,N/A,1.5.1,"1,1.5,1.5.1"
BEL-145_AA-LTR,Bel-Pao,N/A,1.1.3,"1,1.1,1.1.3"
Daphne-2_HMM,SubclassI,N/A,2.1,"2,2.1"
Daphne-30_LMi,SubclassI,N/A,2.1,"2,2.1"
Daphne-35_LMi,SubclassI,N/A,2.1,"2,2.1"
Daphne-39_LMi,SubclassI,N/A,2.1,"2,2.1"
Daphne-3_OL,L1,N/A,1.4.4,"1,1.4,1.4.4"
Daphne-41_LMi,SubclassI,N/A,2.1,"2,2.1"
Daphne-46_LMi,SubclassI,N/A,2.1,"2,2.1"
Daphne-4_CTe,SubclassI,N/A,2.1,"2,2.1"
Daphne-51_LMi,RTE,N/A,1.4.2,"1,1.4,1.4.2"
Daphne-55_LMi,SubclassI,N/A,2.1,"2,2.1"
BEL-14_AA-LTR,Bel-Pao,N/A,1.1.3,"1,1.1,1.1.3"
Daphne-58_LMi,SubclassI,N/A,2.1,"2,2.1"
Daphne-61_LMi,SubclassI,N/A,2.1,"2,2.1"
Daphne-66_LMi,Copia,N/A,1.1.1,"1,1.1,1.1.1"
Daphne-6_HMM,SubclassI,N/A,2.1,"2,2.1"
Daphne-72_LMi,SubclassI,N/A,2.1,"2,2.1"
Daphne-76_LMi,SubclassI,N/A,2.1,"2,2.1"
Daphne-7_CTe,SubclassI,N/A,2.1,"2,2.1"
Daphne-8_CTe,I,N/A,1.4.5,"1,1.4,1.4.5"
Daphne_DS,Jockey,N/A,1.4.3,"1,1.4,1.4.3"
DASIIa,tRNA,N/A,1.5.1,"1,1.5,1.5.1"
BEL-14_CQ-I,Bel-Pao,N/A,1.1.3,"1,1.1,1.1.3"
DASIIIb3,tRNA,N/A,1.5.1,"1,1.5,1.5.1"
DEBOAT,SubclassI,N/A,2.1,"2,2.1"
Deceiver-3_MLP,gypsy,N/A,1.1.2,"1,1.1,1.1.2"
DEM1_LTR,gypsy,N/A,1.1.2,"1,1.1,1.1.2"
DeuSINE,5S,N/A,1.5.3,"1,1.5,1.5.3"
DIASPORA_I,gypsy,N/A,1.1.2,"1,1.1,1.1.2"
DIPODE1,tRNA,N/A,1.5.1,"1,1.5,1.5.1"
DIRS-10_CCri,DIRS,N/A,1.2,"1,1.2"
DIRS-11B_ACar,DIRS,N/A,1.2,"1,1.2"
DIRS-11_CPB,DIRS,N/A,1.2,"1,1.2"
BEL-14_DP-I,Bel-Pao,N/A,1.1.3,"1,1.1,1.1.3"
DIRS-12_CPB,DIRS,N/A,1.2,"1,1.2"
DIRS-13B_CPB,DIRS,N/A,1.2,"1,1.2"
DIRS-13_ACar,DIRS,N/A,1.2,"1,1.2"
DIRS-13_XT,DIRS,N/A,1.2,"1,1.2"
DIRS-14_DR,DIRS,N/A,1.2,"1,1.2"
DIRS-15_CCri,DIRS,N/A,1.2,"1,1.2"
DIRS-16_CCri,DIRS,N/A,1.2,"1,1.2"
DIRS-17A_XT,DIRS,N/A,1.2,"1,1.2"
DIRS-17_DR,DIRS,N/A,1.2,"1,1.2"
DIRS-18_CCri,DIRS,N/A,1.2,"1,1.2"
BEL-14_DTa-LTR,Bel-Pao,N/A,1.1.3,"1,1.1,1.1.3"
DIRS-19B_CPB,DIRS,N/A,1.2,"1,1.2"
DIRS-19_XT,DIRS,N/A,1.2,"1,1.2"
DIRS-1C_CPB,DIRS,N/A,1.2,"1,1.2"
DIRS-1d_Lch,DIRS,N/A,1.2,"1,1.2"
DIRS-1_ACal,DIRS,N/A,1.2,"1,1.2"
DIRS-1_BF,DIRS,N/A,1.2,"1,1.2"
DIRS-1_CPB,DIRS,N/A,1.2,"1,1.2"
DIRS-1_EL,DIRS,N/A,1.2,"1,1.2"
DIRS-1_Lme,DIRS,N/A,1.2,"1,1.2"
DIRS-1_NVi,DIRS,N/A,1.2,"1,1.2"
BEL-14_SI-I,Bel-Pao,N/A,1.1.3,"1,1.1,1.1.3"
DIRS-1_PSo,DIRS,N/A,1.2,"1,1.2"
DIRS-1_SK,DIRS,N/A,1.2,"1,1.2"
DIRS-20_CCri,DIRS,N/A,1.2,"1,1.2"
DIRS-21_ACar,DIRS,N/A,1.2,"1,1.2"
DIRS-22A_XT,DIRS,N/A,1.2,"1,1.2"
DIRS-23_ACar,DIRS,N/A,1.2,"1,1.2"
DIRS-24_XT,DIRS,N/A,1.2,"1,1.2"
DIRS-26A_XT,DIRS,N/A,1.2,"1,1.2"
DIRS-27_ACar,DIRS,N/A,1.2,"1,1.2"
DIRS-28_XT,DIRS,N/A,1.2,"1,1.2"
BEL-154_AA-LTR,5S,N/A,1.5.3,"1,1.5,1.5.3"
DIRS-2A_XT,DIRS,N/A,1.2,"1,1.2"
DIRS-2E_CPB,DIRS,N/A,1.2,"1,1.2"
DIRS-2_CCri,DIRS,N/A,1.2,"1,1.2"
DIRS-2_EL,DIRS,N/A,1.2,"1,1.2"
DIRS-2_MLP-LTR,DIRS,N/A,1.2,"1,1.2"
DIRS-2_PSo,DIRS,N/A,1.2,"1,1.2"
DIRS-2_SSa,DIRS,N/A,1.2,"1,1.2"
DIRS-31_ACar,DIRS,N/A,1.2,"1,1.2"
DIRS-32_XT,DIRS,N/A,1.2,"1,1.2"
DIRS-34A_XT,DIRS,N/A,1.2,"1,1.2"
BEL-157_AA-I,Bel-Pao,N/A,1.1.3,"1,1.1,1.1.3"
DIRS-35_XT,DIRS,N/A,1.2,"1,1.2"
DIRS-37A_XT,DIRS,N/A,1.2,"1,1.2"
DIRS-39_NV,DIRS,N/A,1.2,"1,1.2"
DIRS-3_ACar,DIRS,N/A,1.2,"1,1.2"
DIRS-3_DR,DIRS,N/A,1.2,"1,1.2"
DIRS-3_PSo,DIRS,N/A,1.2,"1,1.2"
DIRS-40_NV,DIRS,N/A,1.2,"1,1.2"
DIRS-42_NV,DIRS,N/A,1.2,"1,1.2"
DIRS-44_XT,DIRS,N/A,1.2,"1,1.2"
DIRS-48_XT,DIRS,N/A,1.2,"1,1.2"
BEL-159_AA-LTR,Bel-Pao,N/A,1.1.3,"1,1.1,1.1.3"
DIRS-4N1-LTR_DR,DIRS,N/A,1.2,"1,1.2"
DIRS-4N4-LTR_DR,DIRS,N/A,1.2,"1,1.2"
DIRS-4_CPB,DIRS,N/A,1.2,"1,1.2"
DIRS-4_PGr,DIRS,N/A,1.2,"1,1.2"
DIRS-50_XT,DIRS,N/A,1.2,"1,1.2"
DIRS-5B_LCh,DIRS,N/A,1.2,"1,1.2"
DIRS-5_DPu,DIRS,N/A,1.2,"1,1.2"
DIRS-5_SP,DIRS,N/A,1.2,"1,1.2"
DIRS-6B_DR,DIRS,N/A,1.2,"1,1.2"
DIRS-6_CPB,DIRS,N/A,1.2,"1,1.2"
BEL-15_CGi-I,Bel-Pao,N/A,1.1.3,"1,1.1,1.1.3"
DIRS-6_SP,DIRS,N/A,1.2,"1,1.2"
DIRS-7_CCri,DIRS,N/A,1.2,"1,1.2"
DIRS-7_NV,DIRS,N/A,1.2,"1,1.2"
DIRS-8B_DR,DIRS,N/A,1.2,"1,1.2"
DIRS-8_Lch,DIRS,N/A,1.2,"1,1.2"
DIRS-9B_DR,DIRS,N/A,1.2,"1,1.2"
DIRS-9_DR,DIRS,N/A,1.2,"1,1.2"
DIRS-N1_NV,DIRS,N/A,1.2,"1,1.2"
DIRS1a_DR,DIRS,N/A,1.2,"1,1.2"
DITAIL,SubclassI,N/A,2.1,"2,2.1"
AACOPIA1_I,Copia,N/A,1.1.1,"1,1.1,1.1.1"
ACASINE2d,SINE,N/A,1.5,"1,1.5"
BEL-15_DAn-LTR,Bel-Pao,N/A,1.1.3,"1,1.1,1.1.3"
DIVER2_I,Bel-Pao,N/A,1.1.3,"1,1.1,1.1.3"
DM1731_LTR,Copia,N/A,1.1.1,"1,1.1,1.1.1"
DM412_I,gypsy,N/A,1.1.2,"1,1.1,1.1.2"
Dmedpu27,Tc1-Mariner,N/A,2.1.1.1,"2,2.1,2.1.1,2.1.1.1"
DMRT1C,Jockey,N/A,1.4.3,"1,1.4,1.4.3"
DNA-1-10_DR,CACTA,N/A,2.1.1.9,"2,2.1,2.1.1,2.1.1.9"
DNA-1-3_DR,SubclassI,N/A,2.1,"2,2.1"
DNA-1-8_DR,SubclassI,N/A,2.1,"2,2.1"
DNA-10_AAe,SubclassI,N/A,2.1,"2,2.1"
DNA-10_EL,SubclassI,N/A,2.1,"2,2.1"
BEL-15_DPu-LTR,Bel-Pao,N/A,1.1.3,"1,1.1,1.1.3"
DNA-11N_SBi,SubclassI,N/A,2.1,"2,2.1"
DNA-11_CTe,SubclassI,N/A,2.1,"2,2.1"
DNA-12N_SBi,SubclassI,N/A,2.1,"2,2.1"
DNA-12_CTe,SubclassI,N/A,2.1,"2,2.1"
DNA-13_CGi,SubclassI,N/A,2.1,"2,2.1"
DNA-14_ALy,SubclassI,N/A,2.1,"2,2.1"
DNA-15B_CGi,SubclassI,N/A,2.1,"2,2.1"
DNA-15_SSa,SubclassI,N/A,2.1,"2,2.1"
DNA-16_PSt,SubclassI,N/A,2.1,"2,2.1"
DNA-18_CCri,SubclassI,N/A,2.1,"2,2.1"
BEL-160_AA-I,Bel-Pao,N/A,1.1.3,"1,1.1,1.1.3"
DNA-19_CCri,SubclassI,N/A,2.1,"2,2.1"
DNA-1_ADi,SubclassI,N/A,2.1,"2,2.1"
DNA-1_BTe,SubclassI,N/A,2.1,"2,2.1"
DNA-1_DBp,SubclassI,N/A,2.1,"2,2.1"
DNA-1_EL,SubclassI,N/A,2.1,"2,2.1"
DNA-1_Gav,PIF-Harbinger,N/A,2.1.1.8,"2,2.1,2.1.1,2.1.1.8"
DNA-1_NV,SubclassI,N/A,2.1,"2,2.1"
DNA-1_RC,SubclassI,N/A,2.1,"2,2.1"
DNA-2-10_DR,SubclassI,N/A,2.1,"2,2.1"
DNA-2-15_DR,Transib,N/A,2.1.1.5,"2,2.1,2.1.1,2.1.1.5"
BEL-162_AA-LTR,Bel-Pao,N/A,1.1.3,"1,1.1,1.1.3"
DNA-2-1_DR,CACTA,N/A,2.1.1.9,"2,2.1,2.1.1,2.1.1.9"
DNA-2-21_DR,SubclassI,N/A,2.1,"2,2.1"
DNA-2-25_DR,Mutator,N/A,2.1.1.3,"2,2.1,2.1.1,2.1.1.3"
DNA-2-2_DR,SubclassI,N/A,2.1,"2,2.1"
DNA-2-30_DR,SubclassI,N/A,2.1,"2,2.1"
DNA-2-3_NV,SubclassI,N/A,2.1,"2,2.1"
DNA-2-6_DR,CACTA,N/A,2.1.1.9,"2,2.1,2.1.1,2.1.1.9"
DNA-2-8_DR,CACTA,N/A,2.1.1.9,"2,2.1,2.1.1,2.1.1.9"
DNA-20_ALy,Mutator,N/A,2.1.1.3,"2,2.1,2.1.1,2.1.1.3"
DNA-21_EL,SubclassI,N/A,2.1,"2,2.1"
BEL-165_AA-I,Bel-Pao,N/A,1.1.3,"1,1.1,1.1.3"
DNA-23_PSt,PIF-Harbinger,N/A,2.1.1.8,"2,2.1,2.1.1,2.1.1.8"
DNA-25_PSt,SubclassI,N/A,2.1,"2,2.1"
DNA-2B_ATr,SubclassI,N/A,2.1,"2,2.1"
DNA-2N1_PBa,SubclassI,N/A,2.1,"2,2.1"
DNA-2_AEc,SubclassI,N/A,2.1,"2,2.1"
DNA-2_CTe,SubclassI,N/A,2.1,"2,2.1"
DNA-2_EN,Mutator,N/A,2.1.1.3,"2,2.1,2.1.1,2.1.1.3"
DNA-2_LVa,SubclassI,N/A,2.1,"2,2.1"
DNA-2_PSt,SubclassI,N/A,2.1,"2,2.1"
DNA-2_SSa,LINE,N/A,1.4,"1,1.4"
BEL-167_AA-LTR,Bel-Pao,N/A,1.1.3,"1,1.1,1.1.3"
DNA-3-1_DR,SubclassI,N/A,2.1,"2,2.1"
DNA-3-2B_DR,SubclassI,N/A,2.1,"2,2.1"
DNA-3-2_PTr,SubclassI,N/A,2.1,"2,2.1"
DNA-3-3_PTr__2,SubclassI,N/A,2.1,"2,2.1"
DNA-3-5_NV,SubclassI,N/A,2.1,"2,2.1"
DNA-3-7_CR,PIF-Harbinger,N/A,2.1.1.8,"2,2.1,2.1.1,2.1.1.8"
DNA-31_PSt,SubclassI,N/A,2.1,"2,2.1"
DNA-3_ACar,SubclassI,N/A,2.1,"2,2.1"
DNA-3_Crp,SubclassI,N/A,2.1,"2,2.1"
DNA-3_Mad,SubclassI,N/A,2.1,"2,2.1"
BEL-16_AA-I,Bel-Pao,N/A,1.1.3,"1,1.1,1.1.3"
DNA-3_RC,SubclassI,N/A,2.1,"2,2.1"
DNA-4-1_NV,SubclassI,N/A,2.1,"2,2.1"
DNA-4-4_DR,SubclassI,N/A,2.1,"2,2.1"
DNA-4B_PBa,SubclassI,N/A,2.1,"2,2.1"
DNA-4_AN,Mutator,N/A,2.1.1.3,"2,2.1,2.1.1,2.1.1.3"
DNA-4_LVa,SubclassI,N/A,2.1,"2,2.1"
DNA-4_PSt,SubclassI,N/A,2.1,"2,2.1"
DNA-5-10_NV,hAT,N/A,2.1.1.2,"2,2.1,2.1.1,2.1.1.2"
DNA-5-15_NV,SubclassI,N/A,2.1,"2,2.1"
DNA-5-1B_DR,SubclassI,N/A,2.1,"2,2.1"
BEL-16_CGi-LTR,Bel-Pao,N/A,1.1.3,"1,1.1,1.1.3"
DNA-5-2B_DR,Merlin,N/A,2.1.1.4,"2,2.1,2.1.1,2.1.1.4"
DNA-5-4_DR,SubclassI,N/A,2.1,"2,2.1"
DNA-5-6_DR,SubclassI,N/A,2.1,"2,2.1"
DNA-5-8C_DR,SubclassI,N/A,2.1,"2,2.1"
DNA-5-9_DR,hAT,N/A,2.1.1.2,"2,2.1,2.1.1,2.1.1.2"
DNA-5N_PPa,LINE,N/A,1.4,"1,1.4"
DNA-5_ALy,SubclassI,N/A,2.1,"2,2.1"
DNA-5_LCh,SubclassI,N/A,2.1,"2,2.1"
DNA-5_PPac,SubclassI,N/A,2.1,"2,2.1"
DNA-5_STu,SubclassI,N/A,2.1,"2,2.1"
BEL-16_DEl-I,Bel-Pao,N/A,1.1.3,"1,1.1,1.1.3"
DNA-6-2A_NV,SubclassI,N/A,2.1,"2,2.1"
DNA-6-6_NV,SubclassI,N/A,2.1,"2,2.1"
DNA-6-N2_DR,SubclassI,N/A,2.1,"2,2.1"
DNA-6-N7_DR,SubclassI,N/A,2.1,"2,2.1"
DNA-6_AAe,SubclassI,N/A,2.1,"2,2.1"
DNA-6_FV,SubclassI,N/A,2.1,"2,2.1"
DNA-6_SBi,SubclassI,N/A,2.1,"2,2.1"
DNA-7-11_NV,SubclassI,N/A,2.1,"2,2.1"
DNA-7-16A_NV,SubclassI,N/A,2.1,"2,2.1"
DNA-7-1_NV,SubclassI,N/A,2.1,"2,2.1"
BEL-16_DR-LTR,Bel-Pao,N/A,1.1.3,"1,1.1,1.1.3"
DNA-7-23_NV,SubclassI,N/A,2.1,"2,2.1"
DNA-7-5_NV,SubclassI,N/A,2.1,"2,2.1"
DNA-7_AAe,SubclassI,N/A,2.1,"2,2.1"
DNA-7_CTe,SubclassI,N/A,2.1,"2,2.1"
DNA-7_PBa,SubclassI,N/A,2.1,"2,2.1"
DNA-8-10_DR,SubclassI,N/A,2.1,"2,2.1"
DNA-8-14_DR,hAT,N/A,2.1.1.2,"2,2.1,2.1.1,2.1.1.2"
DNA-8-1A_EHux,SubclassI,N/A,2.1,"2,2.1"
DNA-8-1N_SBi,SubclassI,N/A,2.1,"2,2.1"
DNA-8-1_SP,SubclassI,N/A,2.1,"2,2.1"
ACCORD_LTR,gypsy,N/A,1.1.2,"1,1.1,1.1.2"
BEL-170_AA-I,Bel-Pao,N/A,1.1.3,"1,1.1,1.1.3"
DNA-8-24_DR,SubclassI,N/A,2.1,"2,2.1"
DNA-8-2A_NV,SubclassI,N/A,2.1,"2,2.1"
DNA-8-30_DR,SubclassI,N/A,2.1,"2,2.1"
DNA-8-3_HM,SubclassI,N/A,2.1,"2,2.1"
DNA-8-4_NV,SubclassI,N/A,2.1,"2,2.1"
DNA-8-9_DR,hAT,N/A,2.1.1.2,"2,2.1,2.1.1,2.1.1.2"
DNA-8_ACar,SubclassI,N/A,2.1,"2,2.1"
DNA-8_NV,SubclassI,N/A,2.1,"2,2.1"
DNA-9-11_NV,SubclassI,N/A,2.1,"2,2.1"
DNA-9-15_NV,SubclassI,N/A,2.1,"2,2.1"
BEL-172_AA-LTR,Bel-Pao,N/A,1.1.3,"1,1.1,1.1.3"
DNA-9-1A_SBi,SubclassI,N/A,2.1,"2,2.1"
DNA-9-1_NV,SubclassI,N/A,2.1,"2,2.1"
DNA-9-21_NV,SubclassI,N/A,2.1,"2,2.1"
DNA-9-23_NV,SubclassI,N/A,2.1,"2,2.1"
DNA-9-28_NV,tRNA,N/A,1.5.1,"1,1.5,1.5.1"
DNA-9-30_NV,SubclassI,N/A,2.1,"2,2.1"
DNA-9-34_NV,SubclassI,N/A,2.1,"2,2.1"
DNA-9-38_NV,SubclassI,N/A,2.1,"2,2.1"
DNA-9-4_NV,Tc1-Mariner,N/A,2.1.1.1,"2,2.1,2.1.1,2.1.1.1"
DNA-9-8_NV,Tc1-Mariner,N/A,2.1.1.1,"2,2.1,2.1.1,2.1.1.1"
BEL-175_AA-I,L1,N/A,1.4.4,"1,1.4,1.4.4"
DNA-9_ALy,Merlin,N/A,2.1.1.4,"2,2.1,2.1.1,2.1.1.4"
DNA-9_LMi,Tc1-Mariner,N/A,2.1.1.1,"2,2.1,2.1.1,2.1.1.1"
DNA-AATT-1_CQ,SubclassI,N/A,2.1,"2,2.1"
DNA-AT-2_NV,SubclassI,N/A,2.1,"2,2.1"
DNA-CCGG-1_DR,SubclassI,N/A,2.1,"2,2.1"
DNA-like-1_Hmel,SubclassI,N/A,2.1,"2,2.1"
DNA-like-9_Hmel,SubclassI,N/A,2.1,"2,2.1"
DNA-TA-10_NV,SubclassI,N/A,2.1,"2,2.1"
DNA-TA-13_CQ,SubclassI,N/A,2.1,"2,2.1"
DNA-TA-16_NV,SubclassI,N/A,2.1,"2,2.1"
BEL-177_AA-LTR,Bel-Pao,N/A,1.1.3,"1,1.1,1.1.3"
DNA-TA-1_AAe,SubclassI,N/A,2.1,"2,2.1"
DNA-TA-1_NV,SubclassI,N/A,2.1,"2,2.1"
DNA-TA-1_TM,SubclassI,N/A,2.1,"2,2.1"
DNA-TA-21-LTR_NV,SubclassI,N/A,2.1,"2,2.1"
DNA-TA-24_NV,SubclassI,N/A,2.1,"2,2.1"
DNA-TA-2N_PPa,SubclassI,N/A,2.1,"2,2.1"
DNA-TA-2_NV,hAT,N/A,2.1.1.2,"2,2.1,2.1.1,2.1.1.2"
DNA-TA-3_DR,SubclassI,N/A,2.1,"2,2.1"
DNA-TA-4_NV,SubclassI,N/A,2.1,"2,2.1"
DNA-TA-6_AAe,SubclassI,N/A,2.1,"2,2.1"
BEL-17_AA-I,Bel-Pao,N/A,1.1.3,"1,1.1,1.1.3"
DNA-TA-7_CQ,SubclassI,N/A,2.1,"2,2.1"
DNA-TA-8_DR,SubclassI,N/A,2.1,"2,2.1"
DNA-TA-9_NV,SubclassI,N/A,2.1,"2,2.1"
DNA-TTAA-1_NV,SubclassI,N/A,2.1,"2,2.1"
DNA-TTAA-4_NV,SubclassI,N/A,2.1,"2,2.1"
DNA-TTAA-9_NV,SubclassI,N/A,2.1,"2,2.1"
DNA-X-11_DR,SubclassI,N/A,2.1,"2,2.1"
DNA-X-15_DR,SubclassI,N/A,2.1,"2,2.1"
DNA-X-2_DR,SubclassI,N/A,2.1,"2,2.1"
DNA-X-4B_DR,SubclassI,N/A,2.1,"2,2.1"
BEL-17_CGi-LTR,Bel-Pao,N/A,1.1.3,"1,1.1,1.1.3"
DNA-X-6_DR,SubclassI,N/A,2.1,"2,2.1"
DNA-X-8_NV,SubclassI,N/A,2.1,"2,2.1"
DNA1-2_ML,SubclassI,N/A,2.1,"2,2.1"
DNA10_XT,SubclassI,N/A,2.1,"2,2.1"
DNA13TA1a_DR,SubclassI,N/A,2.1,"2,2.1"
DNA15TA1_DR,SubclassI,N/A,2.1,"2,2.1"
DNA18_Lch,SubclassI,N/A,2.1,"2,2.1"
DNA1b_Lch,SubclassI,N/A,2.1,"2,2.1"
DNA1_Mam__3,SubclassI,N/A,2.1,"2,2.1"
DNA2-11_CB,SubclassI,N/A,2.1,"2,2.1"
BEL-17_DEl-I,Bel-Pao,N/A,1.1.3,"1,1.1,1.1.3"
DNA2-13_CB,SubclassI,N/A,2.1,"2,2.1"
DNA2-14_CGi,SubclassI,N/A,2.1,"2,2.1"
DNA2-16_CGi,SubclassI,N/A,2.1,"2,2.1"
DNA2-18_CGi,SubclassI,N/A,2.1,"2,2.1"
DNA2-1_CGi,SubclassI,N/A,2.1,"2,2.1"
DNA2-1_EL,CACTA,N/A,2.1.1.9,"2,2.1,2.1.1,2.1.1.9"
DNA2-1_Tad,gypsy,N/A,1.1.2,"1,1.1,1.1.2"
DNA2-21_CGi,Bel-Pao,N/A,1.1.3,"1,1.1,1.1.3"
DNA2-24_CB,SubclassI,N/A,2.1,"2,2.1"
DNA2-26_CGi,SubclassI,N/A,2.1,"2,2.1"
BEL-17_DTa-LTR,SubclassI,N/A,2.1,"2,2.1"
DNA2-2_AP,SubclassI,N/A,2.1,"2,2.1"
DNA2-2_EL,SubclassI,N/A,2.1,"2,2.1"
DNA2-30_CGi,SubclassI,N/A,2.1,"2,2.1"
DNA2-34_CGi,SubclassI,N/A,2.1,"2,2.1"
DNA2-3_CQ,SubclassI,N/A,2.1,"2,2.1"
DNA2-4B_LMi,SubclassI,N/A,2.1,"2,2.1"
DNA2-4_LMi,SubclassI,N/A,2.1,"2,2.1"
DNA2-5_CB,SubclassI,N/A,2.1,"2,2.1"
DNA2-6B_EL,SubclassI,N/A,2.1,"2,2.1"
DNA2-6_LMi,SubclassI,N/A,2.1,"2,2.1"
BEL-181_AA-LTR,Bel-Pao,N/A,1.1.3,"1,1.1,1.1.3"
DNA2-8_AP,SubclassI,N/A,2.1,"2,2.1"
DNA2-9_CGi,SubclassI,N/A,2.1,"2,2.1"
DNA22_Lch,hAT,N/A,2.1.1.2,"2,2.1,2.1.1,2.1.1.2"
DNA26_Lch,hAT,N/A,2.1.1.2,"2,2.1,2.1.1,2.1.1.2"
DNA2b_Lch,SubclassI,N/A,2.1,"2,2.1"
DNA3-10_Mad,SubclassI,N/A,2.1,"2,2.1"
DNA3-11_Mad,Merlin,N/A,2.1.1.4,"2,2.1,2.1.1,2.1.1.4"
DNA3-12_MLP,Mutator,N/A,2.1.1.3,"2,2.1,2.1.1,2.1.1.3"
DNA3-14_PSt,SubclassI,N/A,2.1,"2,2.1"
DNA3-17_PSt,SubclassI,N/A,2.1,"2,2.1"
BEL-184_AA-I,Bel-Pao,N/A,1.1.3,"1,1.1,1.1.3"
DNA3-1B_ATr,SubclassI,N/A,2.1,"2,2.1"
DNA3-1_CB,SubclassI,N/A,2.1,"2,2.1"
DNA3-1_CTe,SubclassI,N/A,2.1,"2,2.1"
DNA3-1_FV,SubclassI,N/A,2.1,"2,2.1"
DNA3-1_PGr,SubclassI,N/A,2.1,"2,2.1"
DNA3-20_PSt,SubclassI,N/A,2.1,"2,2.1"
DNA3-2B_PSt,SubclassI,N/A,2.1,"2,2.1"
DNA3-2_CGi,SubclassI,N/A,2.1,"2,2.1"
DNA3-2_LMi,SubclassI,N/A,2.1,"2,2.1"
DNA3-2_PTrit,SubclassI,N/A,2.1,"2,2.1"
AeBuster3,hAT,N/A,2.1.1.2,"2,2.1,2.1.1,2.1.1.2"
BEL-186_AA-LTR,Bel-Pao,N/A,1.1.3,"1,1.1,1.1.3"
DNA3-3_CB,SubclassI,N/A,2.1,"2,2.1"
DNA3-3_Mad,SubclassI,N/A,2.1,"2,2.1"
DNA3-3_STu,SubclassI,N/A,2.1,"2,2.1"
DNA3-4_Mad,PIF-Harbinger,N/A,2.1.1.8,"2,2.1,2.1.1,2.1.1.8"
DNA3-5_AP,SubclassI,N/A,2.1,"2,2.1"
DNA3-5_STu,SubclassI,N/A,2.1,"2,2.1"
DNA3-6_MLP,Tc1-Mariner,N/A,2.1.1.1,"2,2.1,2.1.1,2.1.1.1"
DNA3-7_LMi,SubclassI,N/A,2.1,"2,2.1"
DNA3-890_Gav,SubclassI,N/A,2.1,"2,2.1"
DNA3-8_LMi,SubclassI,N/A,2.1,"2,2.1"
BEL-189_AA-I,Bel-Pao,N/A,1.1.3,"1,1.1,1.1.3"
DNA3-9_AP,gypsy,N/A,1.1.2,"1,1.1,1.1.2"
DNA3-9_PSt,SubclassI,N/A,2.1,"2,2.1"
DNA33_Lch,SubclassI,N/A,2.1,"2,2.1"
DNA38_Lch,hAT,N/A,2.1.1.2,"2,2.1,2.1.1,2.1.1.2"
DNA4-10_CTe,SubclassI,N/A,2.1,"2,2.1"
DNA4-12_CGi,SubclassI,N/A,2.1,"2,2.1"
DNA4-17B_CGi,SubclassI,N/A,2.1,"2,2.1"
DNA4-1B_EL,SubclassI,N/A,2.1,"2,2.1"
DNA4-1_CCri,Tc1-Mariner,N/A,2.1.1.1,"2,2.1,2.1.1,2.1.1.1"
DNA4-1_LVa,SubclassI,N/A,2.1,"2,2.1"
BEL-18_CGi-LTR,Bel-Pao,N/A,1.1.3,"1,1.1,1.1.3"
DNA4-21_CGi,SubclassI,N/A,2.1,"2,2.1"
DNA4-26_CGi,SubclassI,N/A,2.1,"2,2.1"
DNA4-2B_SSa,SubclassI,N/A,2.1,"2,2.1"
DNA4-2_CQ,SubclassI,N/A,2.1,"2,2.1"
DNA4-31_CGi,SubclassI,N/A,2.1,"2,2.1"
DNA4-37_CGi,SubclassI,N/A,2.1,"2,2.1"
DNA4-3_AP,SubclassI,N/A,2.1,"2,2.1"
DNA4-3_SSa,SubclassI,N/A,2.1,"2,2.1"
DNA4-41_CGi,SubclassI,N/A,2.1,"2,2.1"
DNA4-45_CGi,SubclassI,N/A,2.1,"2,2.1"
BEL-18_DEl-I,Mutator,N/A,2.1.1.3,"2,2.1,2.1.1,2.1.1.3"
DNA4-4_CGi,SubclassI,N/A,2.1,"2,2.1"
DNA4-5B_AP,SubclassI,N/A,2.1,"2,2.1"
DNA4-5_EL,SubclassI,N/A,2.1,"2,2.1"
DNA4-6_EL,SubclassI,N/A,2.1,"2,2.1"
DNA4-7_EL,SubclassI,N/A,2.1,"2,2.1"
DNA4-8_SSa,SubclassI,N/A,2.1,"2,2.1"
DNA4-9_EL,SubclassI,N/A,2.1,"2,2.1"
DNA5-1_CCri,SubclassI,N/A,2.1,"2,2.1"
DNA5-1_PSt,SubclassI,N/A,2.1,"2,2.1"
DNA5-3_CGi,SubclassI,N/A,2.1,"2,2.1"
BEL-18_DWil-I,Bel-Pao,N/A,1.1.3,"1,1.1,1.1.3"
DNA5-6_CGi,SubclassI,N/A,2.1,"2,2.1"
DNA5_Xt,SINE,N/A,1.5,"1,1.5"
DNA6-13B_CGi,Merlin,N/A,2.1.1.4,"2,2.1,2.1.1,2.1.1.4"
DNA6-1_CB,SubclassI,N/A,2.1,"2,2.1"
DNA6-1_Mad,Merlin,N/A,2.1.1.4,"2,2.1,2.1.1,2.1.1.4"
DNA6-2_CGi,SubclassI,N/A,2.1,"2,2.1"
DNA6-3_MLP,SubclassI,N/A,2.1,"2,2.1"
DNA6-5_DR,SubclassI,N/A,2.1,"2,2.1"
DNA6-8_CGi,PIF-Harbinger,N/A,2.1.1.8,"2,2.1,2.1.1,2.1.1.8"
DNA6_Lch,Bel-Pao,N/A,1.1.3,"1,1.1,1.1.3"
BEL-191_AA-LTR,Bel-Pao,N/A,1.1.3,"1,1.1,1.1.3"
DNA7-1E_PGr,SubclassI,N/A,2.1,"2,2.1"
DNA7-1_CQ,SubclassI,N/A,2.1,"2,2.1"
DNA7-1_MLP,SubclassI,N/A,2.1,"2,2.1"
DNA7-2_CGi,SubclassI,N/A,2.1,"2,2.1"
DNA7-2_PSt,SubclassI,N/A,2.1,"2,2.1"
DNA7-5_PSt,SubclassI,N/A,2.1,"2,2.1"
DNA8-100B_AP,SubclassI,N/A,2.1,"2,2.1"
DNA8-104_AP,SubclassI,N/A,2.1,"2,2.1"
DNA8-109_AP,SubclassI,N/A,2.1,"2,2.1"
DNA8-10_CQ,SubclassI,N/A,2.1,"2,2.1"
BEL-194_AA-I,Bel-Pao,N/A,1.1.3,"1,1.1,1.1.3"
DNA8-111_AP,SubclassI,N/A,2.1,"2,2.1"
DNA8-11_AP,hAT,N/A,2.1.1.2,"2,2.1,2.1.1,2.1.1.2"
DNA8-11_LMi,SubclassI,N/A,2.1,"2,2.1"
DNA8-12_DR,SubclassI,N/A,2.1,"2,2.1"
DNA8-13_CQ,SubclassI,N/A,2.1,"2,2.1"
DNA8-14_CQ,PIF-Harbinger,N/A,2.1.1.8,"2,2.1,2.1.1,2.1.1.8"
DNA8-15_DR,SubclassI,N/A,2.1,"2,2.1"
DNA8-17_AP,SubclassI,N/A,2.1,"2,2.1"
DNA8-18_DR,CACTA,N/A,2.1.1.9,"2,2.1,2.1.1,2.1.1.9"
DNA8-1_AAe,SubclassI,N/A,2.1,"2,2.1"
BEL-196_AA-LTR,Bel-Pao,N/A,1.1.3,"1,1.1,1.1.3"
DNA8-1_CQ,SubclassI,N/A,2.1,"2,2.1"
DNA8-1_FV,PiggyBac,N/A,2.1.1.7,"2,2.1,2.1.1,2.1.1.7"
DNA8-1_MLP,SubclassI,N/A,2.1,"2,2.1"
DNA8-20_AP,SubclassI,N/A,2.1,"2,2.1"
DNA8-22_DR,SubclassI,N/A,2.1,"2,2.1"
DNA8-25_AP,SubclassI,N/A,2.1,"2,2.1"
DNA8-28B_AP,SubclassI,N/A,2.1,"2,2.1"
DNA8-2_AAe,SubclassI,N/A,2.1,"2,2.1"
DNA8-2_Crp,SubclassI,N/A,2.1,"2,2.1"
DNA8-2_Mad,PIF-Harbinger,N/A,2.1.1.8,"2,2.1,2.1.1,2.1.1.8"
BEL-199_AA-I,Bel-Pao,N/A,1.1.3,"1,1.1,1.1.3"
DNA8-30_AP,SubclassI,N/A,2.1,"2,2.1"
DNA8-35_AP,SubclassI,N/A,2.1,"2,2.1"
DNA8-3B_DR,SubclassI,N/A,2.1,"2,2.1"
DNA8-3_CQ,SubclassI,N/A,2.1,"2,2.1"
DNA8-3_Mad,SubclassI,N/A,2.1,"2,2.1"
DNA8-45_AP,SubclassI,N/A,2.1,"2,2.1"
DNA8-4A_DR,hAT,N/A,2.1.1.2,"2,2.1,2.1.1,2.1.1.2"
DNA8-4_AMi,SubclassI,N/A,2.1,"2,2.1"
DNA8-4_EL,SubclassI,N/A,2.1,"2,2.1"
DNA8-52B_AP,SubclassI,N/A,2.1,"2,2.1"
BEL-19_CQ-LTR,Bel-Pao,N/A,1.1.3,"1,1.1,1.1.3"
DNA8-55B_AP,SubclassI,N/A,2.1,"2,2.1"
DNA8-58_AP,SubclassI,N/A,2.1,"2,2.1"
DNA8-5_CQ,SubclassI,N/A,2.1,"2,2.1"
DNA8-60_AP,SubclassI,N/A,2.1,"2,2.1"
DNA8-64_AP,SubclassI,N/A,2.1,"2,2.1"
DNA8-69_AP,SubclassI,N/A,2.1,"2,2.1"
DNA8-6_DR,Transib,N/A,2.1.1.5,"2,2.1,2.1.1,2.1.1.5"
DNA8-71B_AP,SubclassI,N/A,2.1,"2,2.1"
DNA8-74_AP,SubclassI,N/A,2.1,"2,2.1"
DNA8-79_AP,SubclassI,N/A,2.1,"2,2.1"
AFLAV_LTR,gypsy,N/A,1.1.2,"1,1.1,1.1.2"
BEL-19_DTa-I,Bel-Pao,N/A,1.1.3,"1,1.1,1.1.3"
DNA8-7_DR,SubclassI,N/A,2.1,"2,2.1"
DNA8-82_AP,SubclassI,N/A,2.1,"2,2.1"
DNA8-87_AP,SubclassI,N/A,2.1,"2,2.1"
DNA8-8_AP,hAT,N/A,2.1.1.2,"2,2.1,2.1.1,2.1.1.2"
DNA8-8_EL,SubclassI,N/A,2.1,"2,2.1"
DNA8-91_AP,SubclassI,N/A,2.1,"2,2.1"
DNA8-96_AP,SubclassI,N/A,2.1,"2,2.1"
DNA8-9_CB,SubclassI,N/A,2.1,"2,2.1"
DNA8-9_LMi,SubclassI,N/A,2.1,"2,2.1"
DNA9-11B_ATr,SubclassI,N/A,2.1,"2,2.1"
BEL-1N_AA-LTR,Bel-Pao,N/A,1.1.3,"1,1.1,1.1.3"
DNA9-13_ATr,SubclassI,N/A,2.1,"2,2.1"
DNA9-15_Mad,SubclassI,N/A,2.1,"2,2.1"
DNA9-1_CB,SubclassI,N/A,2.1,"2,2.1"
DNA9-1_Mad,SubclassI,N/A,2.1,"2,2.1"
DNA9-1_ZM,Mutator,N/A,2.1.1.3,"2,2.1,2.1.1,2.1.1.3"
DNA9-2B_CGi,SubclassI,N/A,2.1,"2,2.1"
DNA9-2_FV,SubclassI,N/A,2.1,"2,2.1"
DNA9-2_PSt,SubclassI,N/A,2.1,"2,2.1"
DNA9-3_CGi,SubclassI,N/A,2.1,"2,2.1"
DNA9-3_MLP,SubclassI,N/A,2.1,"2,2.1"
BEL-1_AEc-I,Bel-Pao,N/A,1.1.3,"1,1.1,1.1.3"
DNA9-4_DR,SubclassI,N/A,2.1,"2,2.1"
DNA9-4_STu,SubclassI,N/A,2.1,"2,2.1"
DNA9-5_Mad,SubclassI,N/A,2.1,"2,2.1"
DNA9-6_DR,SubclassI,N/A,2.1,"2,2.1"
DNA9-7_FV,SubclassI,N/A,2.1,"2,2.1"
DNA9-8_Mad,SubclassI,N/A,2.1,"2,2.1"
DNA9NNN1B_DR,PIF-Harbinger,N/A,2.1.1.8,"2,2.1,2.1.1,2.1.1.8"
DNANA1_MD,SubclassI,N/A,2.1,"2,2.1"
DNANA5_MD,SubclassI,N/A,2.1,"2,2.1"
DNAT_ME,SubclassI,N/A,2.1,"2,2.1"
BEL-1_BM-LTR,Bel-Pao,N/A,1.1.3,"1,1.1,1.1.3"
DNAX-10_SP,SubclassI,N/A,2.1,"2,2.1"
DNAX-17B_DR,SubclassI,N/A,2.1,"2,2.1"
DNAX-1C_DR,SubclassI,N/A,2.1,"2,2.1"
DNAX-1_Tad,SubclassI,N/A,2.1,"2,2.1"
DNAX-23_DR,SubclassI,N/A,2.1,"2,2.1"
DNAX-27_DR,SubclassI,N/A,2.1,"2,2.1"
DNAX-3B_AP,SubclassI,N/A,2.1,"2,2.1"
DNAX-3_TCa,SubclassI,N/A,2.1,"2,2.1"
DNAX-5_AP,SubclassI,N/A,2.1,"2,2.1"
DNAX-6_Tad,SubclassI,N/A,2.1,"2,2.1"
BEL-1_CGi-I,Bel-Pao,N/A,1.1.3,"1,1.1,1.1.3"
DNAX-8C_AP,SubclassI,N/A,2.1,"2,2.1"
DNAX1_ML,SubclassI,N/A,2.1,"2,2.1"
DNAX4_ML,hAT,N/A,2.1.1.2,"2,2.1,2.1.1,2.1.1.2"
DOC,Jockey,N/A,1.4.3,"1,1.4,1.4.3"
DOC6_DM,Jockey,N/A,1.4.3,"1,1.4,1.4.3"
Dong-2_Lch,RTE,N/A,1.4.2,"1,1.4,1.4.2"
Dorna1cons,Tc1-Mariner,N/A,2.1.1.1,"2,2.1,2.1.1,2.1.1.1"
Dparam2cons,Tc1-Mariner,N/A,2.1.1.1,"2,2.1,2.1.1,2.1.1.1"
DS-RICE2N,hAT,N/A,2.1.1.2,"2,2.1,2.1.1,2.1.1.2"
Dtripu1cons,Tc1-Mariner,N/A,2.1.1.1,"2,2.1,2.1.1,2.1.1.1"
BEL-1_CSa-LTR,Bel-Pao,N/A,1.1.3,"1,1.1,1.1.3"
E3,SubclassI,N/A,2.1,"2,2.1"
EbuSINE2,5S,N/A,1.5.3,"1,1.5,1.5.3"
EdSINE1,SINE,N/A,1.5,"1,1.5"
EHAPT2,SINE,N/A,1.5,"1,1.5"
ENDOVIR1_I,Copia,N/A,1.1.1,"1,1.1,1.1.1"
EnSpm-10_ALy,CACTA,N/A,2.1.1.9,"2,2.1,2.1.1,2.1.1.9"
EnSpm-10_OS,CACTA,N/A,2.1.1.9,"2,2.1,2.1.1,2.1.1.9"
EnSpm-11_FV,hAT,N/A,2.1.1.2,"2,2.1,2.1.1,2.1.1.2"
EnSpm-12_CCri,CACTA,N/A,2.1.1.9,"2,2.1,2.1.1,2.1.1.9"
EnSpm-12_ZM,CACTA,N/A,2.1.1.9,"2,2.1,2.1.1,2.1.1.9"
BEL-1_DBi-I,Bel-Pao,N/A,1.1.3,"1,1.1,1.1.3"
EnSpm-13_SBi,Mutator,N/A,2.1.1.3,"2,2.1,2.1.1,2.1.1.3"
EnSpm-14_CCri,CACTA,N/A,2.1.1.9,"2,2.1,2.1.1,2.1.1.9"
EnSpm-14_ZM,CACTA,N/A,2.1.1.9,"2,2.1,2.1.1,2.1.1.9"
EnSpm-15_SBi,CACTA,N/A,2.1.1.9,"2,2.1,2.1.1,2.1.1.9"
EnSpm-16_SBi,CACTA,N/A,2.1.1.9,"2,2.1,2.1.1,2.1.1.9"
EnSpm-17_DR,CACTA,N/A,2.1.1.9,"2,2.1,2.1.1,2.1.1.9"
EnSpm-18_DR,CACTA,N/A,2.1.1.9,"2,2.1,2.1.1,2.1.1.9"
EnSpm-19_DR,CACTA,N/A,2.1.1.9,"2,2.1,2.1.1,2.1.1.9"
EnSpm-1N1_DDi,SubclassI,N/A,2.1,"2,2.1"
EnSpm-1_AEc,Merlin,N/A,2.1.1.4,"2,2.1,2.1.1,2.1.1.4"
BEL-1_DEl-LTR,Bel-Pao,N/A,1.1.3,"1,1.1,1.1.3"
EnSpm-1_CGi,CACTA,N/A,2.1.1.9,"2,2.1,2.1.1,2.1.1.9"
EnSpm-1_GM,CACTA,N/A,2.1.1.9,"2,2.1,2.1.1,2.1.1.9"
EnSpm-1_LU,CACTA,N/A,2.1.1.9,"2,2.1,2.1.1,2.1.1.9"
EnSpm-1_PGr,CACTA,N/A,2.1.1.9,"2,2.1,2.1.1,2.1.1.9"
EnSpm-1_SIn,CACTA,N/A,2.1.1.9,"2,2.1,2.1.1,2.1.1.9"
EnSpm-1_TM,CACTA,N/A,2.1.1.9,"2,2.1,2.1.1,2.1.1.9"
EnSpm-21_CCri,Mutator,N/A,2.1.1.3,"2,2.1,2.1.1,2.1.1.3"
EnSpm-22_SBi,CACTA,N/A,2.1.1.9,"2,2.1,2.1.1,2.1.1.9"
EnSpm-26_CCri,CACTA,N/A,2.1.1.9,"2,2.1,2.1.1,2.1.1.9"
EnSpm-28_CCri,SubclassI,N/A,2.1,"2,2.1"
BEL-1_DFi-I,Bel-Pao,N/A,1.1.3,"1,1.1,1.1.3"
EnSpm-2B_ROr,PiggyBac,N/A,2.1.1.7,"2,2.1,2.1.1,2.1.1.7"
EnSpm-2_ADi,CACTA,N/A,2.1.1.9,"2,2.1,2.1.1,2.1.1.9"
EnSpm-2_DR,CACTA,N/A,2.1.1.9,"2,2.1,2.1.1,2.1.1.9"
EnSpm-2_Mad,CACTA,N/A,2.1.1.9,"2,2.1,2.1.1,2.1.1.9"
EnSpm-2_SIn,SubclassI,N/A,2.1,"2,2.1"
EnSpm-2_TD,CACTA,N/A,2.1.1.9,"2,2.1,2.1.1,2.1.1.9"
EnSpm-31_SBi,CACTA,N/A,2.1.1.9,"2,2.1,2.1.1,2.1.1.9"
EnSpm-34_CCri,CACTA,N/A,2.1.1.9,"2,2.1,2.1.1,2.1.1.9"
EnSpm-37_SBi,CACTA,N/A,2.1.1.9,"2,2.1,2.1.1,2.1.1.9"
EnSpm-3N1_SSa,Merlin,N/A,2.1.1.4,"2,2.1,2.1.1,2.1.1.4"
BEL-1_DKi-LTR,Bel-Pao,N/A,1.1.3,"1,1.1,1.1.3"
EnSpm-3_CCri,CACTA,N/A,2.1.1.9,"2,2.1,2.1.1,2.1.1.9"
EnSpm-3_HM,CACTA,N/A,2.1.1.9,"2,2.1,2.1.1,2.1.1.9"
EnSpm-3_SIn,SubclassI,N/A,2.1,"2,2.1"
EnSpm-40_SBi,CACTA,N/A,2.1.1.9,"2,2.1,2.1.1,2.1.1.9"
EnSpm-43_SBi,CACTA,N/A,2.1.1.9,"2,2.1,2.1.1,2.1.1.9"
EnSpm-4N2_DR,CACTA,N/A,2.1.1.9,"2,2.1,2.1.1,2.1.1.9"
EnSpm-4_DR,CACTA,N/A,2.1.1.9,"2,2.1,2.1.1,2.1.1.9"
EnSpm-4_Mad,CACTA,N/A,2.1.1.9,"2,2.1,2.1.1,2.1.1.9"
EnSpm-4_VV,Mutator,N/A,2.1.1.3,"2,2.1,2.1.1,2.1.1.3"
EnSpm-5_FV,CACTA,N/A,2.1.1.9,"2,2.1,2.1.1,2.1.1.9"
AFROSINE2,tRNA,N/A,1.5.1,"1,1.5,1.5.1"
BEL-1_DRh-I,Bel-Pao,N/A,1.1.3,"1,1.1,1.1.3"
EnSpm-5_PGr,CACTA,N/A,2.1.1.9,"2,2.1,2.1.1,2.1.1.9"
EnSpm-6N1_CCri,CACTA,N/A,2.1.1.9,"2,2.1,2.1.1,2.1.1.9"
ENSPM-6_DR,SubclassI,N/A,2.1,"2,2.1"
EnSpm-6_VV,CACTA,N/A,2.1.1.9,"2,2.1,2.1.1,2.1.1.9"
EnSpm-7_DR,CACTA,N/A,2.1.1.9,"2,2.1,2.1.1,2.1.1.9"
ENSPM-7_ZM,CACTA,N/A,2.1.1.9,"2,2.1,2.1.1,2.1.1.9"
EnSpm-8_FV,CACTA,N/A,2.1.1.9,"2,2.1,2.1.1,2.1.1.9"
EnSpm-9B_CCri,SubclassI,N/A,2.1,"2,2.1"
EnSpm-9_DR,CACTA,N/A,2.1.1.9,"2,2.1,2.1.1,2.1.1.9"
ENSPM-9_ZM,CACTA,N/A,2.1.1.9,"2,2.1,2.1.1,2.1.1.9"
BEL-1_DVir-LTR,Bel-Pao,N/A,1.1.3,"1,1.1,1.1.3"
EnSpm-N12_SBi,CACTA,N/A,2.1.1.9,"2,2.1,2.1.1,2.1.1.9"
EnSpm-N14_SBi,SubclassI,N/A,2.1,"2,2.1"
EnSpm-N17_DR,SubclassI,N/A,2.1,"2,2.1"
EnSpm-N19_SBi,CACTA,N/A,2.1.1.9,"2,2.1,2.1.1,2.1.1.9"
EnSpm-N1_BF,SubclassI,N/A,2.1,"2,2.1"
EnSpm-N1_FV,CACTA,N/A,2.1.1.9,"2,2.1,2.1.1,2.1.1.9"
EnSpm-N1_OS,Mutator,N/A,2.1.1.3,"2,2.1,2.1.1,2.1.1.3"
EnSpm-N1_SP,SubclassI,N/A,2.1,"2,2.1"
EnSpm-N1_TD,CACTA,N/A,2.1.1.9,"2,2.1,2.1.1,2.1.1.9"
EnSpm-N21_DR,SubclassI,N/A,2.1,"2,2.1"
BEL-1_HAS-I,Bel-Pao,N/A,1.1.3,"1,1.1,1.1.3"
EnSpm-N25_DR,SubclassI,N/A,2.1,"2,2.1"
EnSpm-N2_EL,SubclassI,N/A,2.1,"2,2.1"
EnSpm-N36_SBi,CACTA,N/A,2.1.1.9,"2,2.1,2.1.1,2.1.1.9"
EnSpm-N3C_DR,Merlin,N/A,2.1.1.4,"2,2.1,2.1.1,2.1.1.4"
EnSpm-N3_SBi,CACTA,N/A,2.1.1.9,"2,2.1,2.1.1,2.1.1.9"
EnSpm-N4_BF,SubclassI,N/A,2.1,"2,2.1"
EnSpm-N5_DR,SubclassI,N/A,2.1,"2,2.1"
EnSpm-N8_DR,CACTA,N/A,2.1.1.9,"2,2.1,2.1.1,2.1.1.9"
EnSpm1_DR,CACTA,N/A,2.1.1.9,"2,2.1,2.1.1,2.1.1.9"
EnSpm1_TM,CACTA,N/A,2.1.1.9,"2,2.1,2.1.1,2.1.1.9"
BEL-1_IS-LTR,Bel-Pao,N/A,1.1.3,"1,1.1,1.1.3"
ENSPM2_OS,CACTA,N/A,2.1.1.9,"2,2.1,2.1.1,2.1.1.9"
ENSPM2_ZM,CACTA,N/A,2.1.1.9,"2,2.1,2.1.1,2.1.1.9"
ENSPM3_ZM,CACTA,N/A,2.1.1.9,"2,2.1,2.1.1,2.1.1.9"
EnSpm5_SB,CACTA,N/A,2.1.1.9,"2,2.1,2.1.1,2.1.1.9"
EnSpm8_SB,CACTA,N/A,2.1.1.9,"2,2.1,2.1.1,2.1.1.9"
ENSPM_OS,CACTA,N/A,2.1.1.9,"2,2.1,2.1.1,2.1.1.9"
ERE1B,tRNA,N/A,1.5.1,"1,1.5,1.5.1"
ERE3B2,tRNA,N/A,1.5.1,"1,1.5,1.5.1"
ERE3D,tRNA,N/A,1.5.1,"1,1.5,1.5.1"
Eri-2A_EE,tRNA,N/A,1.5.1,"1,1.5,1.5.1"
BEL-1_LMi-I,Bel-Pao,N/A,1.1.3,"1,1.1,1.1.3"
ERIKA1_TM_I,gypsy,N/A,1.1.2,"1,1.1,1.1.2"
Erine2b,tRNA,N/A,1.5.1,"1,1.5,1.5.1"
ERV-1_AMi-I,L1,N/A,1.4.4,"1,1.4,1.4.4"
ERV-1_Crp-LTR,Tc1-Mariner,N/A,2.1.1.1,"2,2.1,2.1.1,2.1.1.1"
ERV-1_PM-I,RTE,N/A,1.4.2,"1,1.4,1.4.2"
ERV-2B_LCh-I,L1,N/A,1.4.4,"1,1.4,1.4.4"
ERV-2_CPB-I,gypsy,N/A,1.1.2,"1,1.1,1.1.2"
ERV-2_PM-I,gypsy,N/A,1.1.2,"1,1.1,1.1.2"
ERV-3C_LCh-LTR,Copia,N/A,1.1.1,"1,1.1,1.1.1"
ERV-3_Crp-I,Bel-Pao,N/A,1.1.3,"1,1.1,1.1.3"
BEL-1_PBa-LTR,Bel-Pao,N/A,1.1.3,"1,1.1,1.1.3"
ERV-3_PM-LTR,DIRS,N/A,1.2,"1,1.2"
ERV-4_CPB-I,gypsy,N/A,1.1.2,"1,1.1,1.1.2"
ERV-4_LCh-LTR,gypsy,N/A,1.1.2,"1,1.1,1.1.2"
ERV-5_CPB-I,gypsy,N/A,1.1.2,"1,1.1,1.1.2"
ERV-5_LCh-LTR,Copia,N/A,1.1.1,"1,1.1,1.1.1"
ERV-6_CPB-I,SubclassI,N/A,2.1,"2,2.1"
ERV-6_LCh-LTR,gypsy,N/A,1.1.2,"1,1.1,1.1.2"
ERV-7_PM-LTR,Jockey,N/A,1.4.3,"1,1.4,1.4.3"
ERV1-1-EC_LTR,gypsy,N/A,1.1.2,"1,1.1,1.1.2"
ERV1-1-I_XT,gypsy,N/A,1.1.2,"1,1.1,1.1.2"
BEL-1_SI-I,Bel-Pao,N/A,1.1.3,"1,1.1,1.1.3"
ERV1-1-LTR_XT,gypsy,N/A,1.1.2,"1,1.1,1.1.2"
ERV1-10_EL-I,gypsy,N/A,1.1.2,"1,1.1,1.1.2"
ERV1-12_EL-I,SubclassI,N/A,2.1,"2,2.1"
ERV1-14_EL-I,gypsy,N/A,1.1.2,"1,1.1,1.1.2"
ERV1-1B_CPB-I,L1,N/A,1.4.4,"1,1.4,1.4.4"
ERV1-1B_PVa-I,gypsy,N/A,1.1.2,"1,1.1,1.1.2"
ERV1-1C-LTR_BT,LINE,N/A,1.4,"1,1.4"
ERV1-1_AMi-I,gypsy,N/A,1.1.2,"1,1.1,1.1.2"
ERV1-1_CJa-LTR,DIRS,N/A,1.2,"1,1.2"
ERV1-1_EL-I,Copia,N/A,1.1.1,"1,1.1,1.1.1"
BEL-1_TCa-LTR,SINE,N/A,1.5,"1,1.5"
ERV1-1_FCa-LTR,DIRS,N/A,1.2,"1,1.2"
ERV1-1_LA-LTR,SubclassI,N/A,2.1,"2,2.1"
ERV1-1_OC-I,DIRS,N/A,1.2,"1,1.2"
ERV1-1_PCa-LTR,gypsy,N/A,1.1.2,"1,1.1,1.1.2"
ERV1-1_STr-I,L1,N/A,1.4.4,"1,1.4,1.4.4"
ERV1-2-EC_LTR,DIRS,N/A,1.2,"1,1.2"
ERV1-2-LTR_BT,Copia,N/A,1.1.1,"1,1.1,1.1.1"
ERV1-2B-EC_LTR,gypsy,N/A,1.1.2,"1,1.1,1.1.2"
ERV1-2C-LTR_BT,RTE,N/A,1.4.2,"1,1.4,1.4.2"
ERV1-2_ACar-LTR,Bel-Pao,N/A,1.1.3,"1,1.1,1.1.3"
BEL-2-LTR_HM,SINE,N/A,1.5,"1,1.5"
ERV1-2_CPB-LTR,Copia,N/A,1.1.1,"1,1.1,1.1.1"
ERV1-2_ET-LTR,tRNA,N/A,1.5.1,"1,1.5,1.5.1"
ERV1-2_Gav-I,L1,N/A,1.4.4,"1,1.4,1.4.4"
ERV1-2_PCa-LTR,tRNA,N/A,1.5.1,"1,1.5,1.5.1"
ERV1-2_SSc-I,gypsy,N/A,1.1.2,"1,1.1,1.1.2"
ERV1-3-EC_LTR,DIRS,N/A,1.2,"1,1.2"
ERV1-3-LTR_DR,Bel-Pao,N/A,1.1.3,"1,1.1,1.1.3"
ERV1-3B-EC_LTR,gypsy,N/A,1.1.2,"1,1.1,1.1.2"
ERV1-3C-EC_LTR,DIRS,N/A,1.2,"1,1.2"
ERV1-3Y_AMi-LTR,Bel-Pao,N/A,1.1.3,"1,1.1,1.1.3"
BEL-200_AA-LTR,Bel-Pao,N/A,1.1.3,"1,1.1,1.1.3"
ERV1-3_Crp-I,Bel-Pao,N/A,1.1.3,"1,1.1,1.1.3"
ERV1-3_ET-LTR,SINE,N/A,1.5,"1,1.5"
ERV1-3_SSc-I,DIRS,N/A,1.2,"1,1.2"
ERV1-4-EC_LTR,DIRS,N/A,1.2,"1,1.2"
ERV1-4B-Vpa_LTR,DIRS,N/A,1.2,"1,1.2"
ERV1-4B_TSy-LTR,Bel-Pao,N/A,1.1.3,"1,1.1,1.1.3"
ERV1-4N-EC_I,L1,N/A,1.4.4,"1,1.4,1.4.4"
ERV1-4_AMi-LTR,tRNA,N/A,1.5.1,"1,1.5,1.5.1"
ERV1-4_DR-I,Copia,N/A,1.1.1,"1,1.1,1.1.1"
ERV1-4_Gav-LTR,Copia,N/A,1.1.1,"1,1.1,1.1.1"
Ag-CR1-22,Bel-Pao,N/A,1.1.3,"1,1.1,1.1.3"
BEL-203_AA-I,Bel-Pao,N/A,1.1.3,"1,1.1,1.1.3"
ERV1-4_TSy-I,gypsy,N/A,1.1.2,"1,1.1,1.1.2"
ERV1-5B_EL-LTR,LINE,N/A,1.4,"1,1.4"
ERV1-5N2-EC_LTR,Copia,N/A,1.1.1,"1,1.1,1.1.1"
ERV1-5_DR-I,gypsy,N/A,1.1.2,"1,1.1,1.1.2"
ERV1-5_TSy-LTR,gypsy,N/A,1.1.2,"1,1.1,1.1.2"
ERV1-6_AMi-I,L1,N/A,1.4.4,"1,1.4,1.4.4"
ERV1-6_EL-LTR,gypsy,N/A,1.1.2,"1,1.1,1.1.2"
ERV1-7_AMi-I,gypsy,N/A,1.1.2,"1,1.1,1.1.2"
ERV1-7_DR-LTR,gypsy,N/A,1.1.2,"1,1.1,1.1.2"
ERV1-8_AMi-I,gypsy,N/A,1.1.2,"1,1.1,1.1.2"
BEL-205_AA-LTR,Bel-Pao,N/A,1.1.3,"1,1.1,1.1.3"
ERV1-8_SSa-I,gypsy,N/A,1.1.2,"1,1.1,1.1.2"
ERV1-9_AMi-I,L1,N/A,1.4.4,"1,1.4,1.4.4"
ERV1-I_EC,L1,N/A,1.4.4,"1,1.4,1.4.4"
ERV1-N1-I_DR,Copia,N/A,1.1.1,"1,1.1,1.1.1"
ERV1-N2-LTR_DR,gypsy,N/A,1.1.2,"1,1.1,1.1.2"
ERV1-N3D-LTR_DR,gypsy,N/A,1.1.2,"1,1.1,1.1.2"
ERV1-N6-I_DR,SubclassI,N/A,2.1,"2,2.1"
ERV1-N8-LTR_DR,L1,N/A,1.4.4,"1,1.4,1.4.4"
ERV10_MD_LTR,gypsy,N/A,1.1.2,"1,1.1,1.1.2"
ERV12_MD_I,LINE,N/A,1.4,"1,1.4"
BEL-208_AA-I,Bel-Pao,N/A,1.1.3,"1,1.1,1.1.3"
ERV13_MD_LTR,gypsy,N/A,1.1.2,"1,1.1,1.1.2"
ERV16_MD_I,L1,N/A,1.4.4,"1,1.4,1.4.4"
ERV18_MD_LTR,gypsy,N/A,1.1.2,"1,1.1,1.1.2"
ERV1A-CPo_LTR,DIRS,N/A,1.2,"1,1.2"
ERV1N-1_SSc-I,L1,N/A,1.4.4,"1,1.4,1.4.4"
ERV1N-3_SSc-LTR,LINE,N/A,1.4,"1,1.4"
ERV1X2-I_ML,gypsy,N/A,1.1.2,"1,1.1,1.1.2"
ERV2-1-EC_LTR,gypsy,N/A,1.1.2,"1,1.1,1.1.2"
ERV2-1-Pca_I,DIRS,N/A,1.2,"1,1.2"
ERV2-1B_SH-LTR,DIRS,N/A,1.2,"1,1.2"
BEL-20_AA-LTR,Bel-Pao,N/A,1.1.3,"1,1.1,1.1.3"
ERV2-1N-OP_I,LINE,N/A,1.4,"1,1.4"
ERV2-1_CHo-LTR,gypsy,N/A,1.1.2,"1,1.1,1.1.2"
ERV2-1_EE-I,DIRS,N/A,1.2,"1,1.2"
ERV2-1_Mim-LTR,SINE,N/A,1.5,"1,1.5"
ERV2-1_PVa-I,DIRS,N/A,1.2,"1,1.2"
ERV2-1_SH-LTR,gypsy,N/A,1.1.2,"1,1.1,1.1.2"
ERV2-1_TSy-I,L1,N/A,1.4.4,"1,1.4,1.4.4"
ERV2-2-LTR_BT,SINE,N/A,1.5,"1,1.5"
ERV2-2B_BT-LTR,SINE,N/A,1.5,"1,1.5"
ERV2-2C_SA-LTR,gypsy,N/A,1.1.2,"1,1.1,1.1.2"
BEL-20_DAn-I,Bel-Pao,N/A,1.1.3,"1,1.1,1.1.3"
ERV2-2_CGr-LTR,SINE,N/A,1.5,"1,1.5"
ERV2-2_ET-I,DIRS,N/A,1.2,"1,1.2"
ERV2-2_Opr-LTR,tRNA,N/A,1.5.1,"1,1.5,1.5.1"
ERV2-2_STr-I,L1,N/A,1.4.4,"1,1.4,1.4.4"
ERV2-2_TSy-LTR,gypsy,N/A,1.1.2,"1,1.1,1.1.2"
ERV2-3b_CPo-LTR,gypsy,N/A,1.1.2,"1,1.1,1.1.2"
ERV2-3c_CPo-I,DIRS,N/A,1.2,"1,1.2"
ERV2-3_CGr-I,L1,N/A,1.4.4,"1,1.4,1.4.4"
ERV2-3_EE-LTR,Bel-Pao,N/A,1.1.3,"1,1.1,1.1.3"
ERV2-3_Pca-I,L1,N/A,1.4.4,"1,1.4,1.4.4"
BEL-20_DWil-LTR,Bel-Pao,N/A,1.1.3,"1,1.1,1.1.3"
ERV2-3_STr-LTR,SubclassI,N/A,2.1,"2,2.1"
ERV2-4B1_EE-LTR,Copia,N/A,1.1.1,"1,1.1,1.1.1"
ERV2-4B_Pca-LTR,gypsy,N/A,1.1.2,"1,1.1,1.1.2"
ERV2-4_EE-I,SubclassI,N/A,2.1,"2,2.1"
ERV2-4_Opr-LTR,Copia,N/A,1.1.1,"1,1.1,1.1.1"
ERV2-4_TSy-I,L1,N/A,1.4.4,"1,1.4,1.4.4"
ERV2-5_EE-I,DIRS,N/A,1.2,"1,1.2"
ERV2-5_Pca-LTR,SubclassI,N/A,2.1,"2,2.1"
ERV2-7_PCa-I,DIRS,N/A,1.2,"1,1.2"
ERV2-9_PCa-LTR,SubclassI,N/A,2.1,"2,2.1"
BEL-212_AA-I,Bel-Pao,N/A,1.1.3,"1,1.1,1.1.3"
ERV2-N1_Opr-I,DIRS,N/A,1.2,"1,1.2"
ERV21_MD_LTR,RTE,N/A,1.4.2,"1,1.4,1.4.2"
ERV23_MD_I,L1,N/A,1.4.4,"1,1.4,1.4.4"
ERV25_MD_I,L1,N/A,1.4.4,"1,1.4,1.4.4"
ERV28_MD_I,L1,N/A,1.4.4,"1,1.4,1.4.4"
ERV2A-CPo_LTR,DIRS,N/A,1.2,"1,1.2"
ERV2B-Dor_LTR,tRNA,N/A,1.5.1,"1,1.5,1.5.1"
ERV2N-1_SSc-I,RTE,N/A,1.4.2,"1,1.4,1.4.2"
ERV2N1-Mim_LTR,Bel-Pao,N/A,1.1.3,"1,1.1,1.1.3"
ERV2X1-I_ML,L1,N/A,1.4.4,"1,1.4,1.4.4"
BEL-214_AA-LTR,Bel-Pao,N/A,1.1.3,"1,1.1,1.1.3"
ERV2X2-LTR_ML,L1,N/A,1.4.4,"1,1.4,1.4.4"
ERV2X7-LTR_ML,gypsy,N/A,1.1.2,"1,1.1,1.1.2"
ERV3-1-EC_LTR,SINE,N/A,1.5,"1,1.5"
ERV3-1B-EC_LTR,tRNA,N/A,1.5.1,"1,1.5,1.5.1"
ERV3-1N1-LTR_XT,Bel-Pao,N/A,1.1.3,"1,1.1,1.1.3"
ERV3-1N_MEu-I,L1,N/A,1.4.4,"1,1.4,1.4.4"
ERV3-1_CHo_LTR,gypsy,N/A,1.1.2,"1,1.1,1.1.2"
ERV3-1_CPo-I,PIF-Harbinger,N/A,2.1.1.8,"2,2.1,2.1.1,2.1.1.8"
ERV3-1_ET-LTR,gypsy,N/A,1.1.2,"1,1.1,1.1.2"
ERV3-1_Pca-I,gypsy,N/A,1.1.2,"1,1.1,1.1.2"
BEL-217_AA-I,Bel-Pao,N/A,1.1.3,"1,1.1,1.1.3"
ERV3-2_AMi-I,gypsy,N/A,1.1.2,"1,1.1,1.1.2"
ERV3-2_Crp-LTR,gypsy,N/A,1.1.2,"1,1.1,1.1.2"
ERV32a_MD_LTR,gypsy,N/A,1.1.2,"1,1.1,1.1.2"
ERV33_MD_LTR,gypsy,N/A,1.1.2,"1,1.1,1.1.2"
ERV36_MD_I,Copia,N/A,1.1.1,"1,1.1,1.1.1"
ERV39_MD_I,L1,N/A,1.4.4,"1,1.4,1.4.4"
ERV4-1_CPB-LTR,Bel-Pao,N/A,1.1.3,"1,1.1,1.1.3"
ERV40_MD_I,L1,N/A,1.4.4,"1,1.4,1.4.4"
ERV42_MD_LTR,LTR,N/A,1.1,"1,1.1"
ERV47C_MD_LTR,gypsy,N/A,1.1.2,"1,1.1,1.1.2"
BEL-219_AA-LTR,Bel-Pao,N/A,1.1.3,"1,1.1,1.1.3"
ERV4_DR-LTR,Copia,N/A,1.1.1,"1,1.1,1.1.1"
ERV5-1_PM-LTR,gypsy,N/A,1.1.2,"1,1.1,1.1.2"
ERV54C-EC_LTR,gypsy,N/A,1.1.2,"1,1.1,1.1.2"
ERV5_MD_LTR,gypsy,N/A,1.1.2,"1,1.1,1.1.2"
ERV7b_MD_I,SubclassI,N/A,2.1,"2,2.1"
ERV8_MD_LTR,SINE,N/A,1.5,"1,1.5"
ERV9_MD_LTR,gypsy,N/A,1.1.2,"1,1.1,1.1.2"
ERVB1_3-I_RN,gypsy,N/A,1.1.2,"1,1.1,1.1.2"
ERVB2_2-LTR_RN,LINE,N/A,1.4,"1,1.4"
ERVB4_1B-I_MM,Bel-Pao,N/A,1.1.3,"1,1.1,1.1.3"
Ag-Jock-1,Jockey,N/A,1.4.3,"1,1.4,1.4.3"
BEL-21_CQ-I,Bel-Pao,N/A,1.1.3,"1,1.1,1.1.3"
ERVB4_2B-LTR_MM,gypsy,N/A,1.1.2,"1,1.1,1.1.2"
ERVB4_6-I_RN,L1,N/A,1.4.4,"1,1.4,1.4.4"
ERVB5_2-LTR_MM,gypsy,N/A,1.1.2,"1,1.1,1.1.2"
ERVB5_5-I_RN,R2,N/A,1.4.1,"1,1.4,1.4.1"
ERVB7_1-LTR_MM,tRNA,N/A,1.5.1,"1,1.5,1.5.1"
ERVH_OC_I,DIRS,N/A,1.2,"1,1.2"
ERVL-E,L1,N/A,1.4.4,"1,1.4,1.4.4"
ERVNOC_I,5S,N/A,1.5.3,"1,1.5,1.5.3"
EuthAT-1,hAT,N/A,2.1.1.2,"2,2.1,2.1.1,2.1.1.2"
Eutr8__2,hAT,N/A,2.1.1.2,"2,2.1,2.1.1,2.1.1.2"
BEL-21_DTa-LTR,Bel-Pao,N/A,1.1.3,"1,1.1,1.1.3"
EutTc1-N1,CACTA,N/A,2.1.1.9,"2,2.1,2.1.1,2.1.1.9"
EXPANDER1_DR,RTE,N/A,1.4.2,"1,1.4,1.4.2"
F524,tRNA,N/A,1.5.1,"1,1.5,1.5.1"
FAMAR1,Tc1-Mariner,N/A,2.1.1.1,"2,2.1,2.1.1,2.1.1.1"
FB4_DM,Mutator,N/A,2.1.1.3,"2,2.1,2.1.1,2.1.1.3"
FERVLTR4b_LTR,gypsy,N/A,1.1.2,"1,1.1,1.1.2"
FERVR2_I,gypsy,N/A,1.1.2,"1,1.1,1.1.2"
FMLN1_SI,LINE,N/A,1.4,"1,1.4"
FOLYT1,Tc1-Mariner,N/A,2.1.1.1,"2,2.1,2.1.1,2.1.1.1"
FOT1_CA,Tc1-Mariner,N/A,2.1.1.1,"2,2.1,2.1.1,2.1.1.1"
BEL-221_AA-I,Bel-Pao,N/A,1.1.3,"1,1.1,1.1.3"
FROGGER_LTR,Bel-Pao,N/A,1.1.3,"1,1.1,1.1.3"
FW,Jockey,N/A,1.4.3,"1,1.4,1.4.3"
G4_DM,Jockey,N/A,1.4.3,"1,1.4,1.4.3"
GAG_CA,Copia,N/A,1.1.1,"1,1.1,1.1.1"
Galluhop,Tc1-Mariner,N/A,2.1.1.1,"2,2.1,2.1.1,2.1.1.1"
GarnAlu3B,tRNA,N/A,1.5.1,"1,1.5,1.5.1"
GGERV10_LTR,tRNA,N/A,1.5.1,"1,1.5,1.5.1"
GGERV21_LTR,5S,N/A,1.5.3,"1,1.5,1.5.3"
GGERVK1,L1,N/A,1.4.4,"1,1.4,1.4.4"
GGLTR10A_LTR,gypsy,N/A,1.1.2,"1,1.1,1.1.2"
BEL-223_AA-LTR,Bel-Pao,N/A,1.1.3,"1,1.1,1.1.3"
GGLTR10D_I,R2,N/A,1.4.1,"1,1.4,1.4.1"
GGLTR12B,gypsy,N/A,1.1.2,"1,1.1,1.1.2"
GGLTR3B4,gypsy,N/A,1.1.2,"1,1.1,1.1.2"
GGLTR3E3_LTR,gypsy,N/A,1.1.2,"1,1.1,1.1.2"
GGLTR6_LTR,gypsy,N/A,1.1.2,"1,1.1,1.1.2"
GGLTR9_LTR,gypsy,N/A,1.1.2,"1,1.1,1.1.2"
Ginger1-10_HM,CACTA,N/A,2.1.1.9,"2,2.1,2.1.1,2.1.1.9"
Ginger1-1_AP,SubclassI,N/A,2.1,"2,2.1"
Ginger1-2_DR,SubclassI,N/A,2.1,"2,2.1"
Ginger1-6_HM,SubclassI,N/A,2.1,"2,2.1"
BEL-227_AA-I,Bel-Pao,N/A,1.1.3,"1,1.1,1.1.3"
Ginger2-1_AP,SubclassI,N/A,2.1,"2,2.1"
Ginger2-1_MG,SubclassI,N/A,2.1,"2,2.1"
Ginger2-N1_AP,SubclassI,N/A,2.1,"2,2.1"
GLT2_SM,LTR,N/A,1.1,"1,1.1"
GmCOPIA11_I,Copia,N/A,1.1.1,"1,1.1,1.1.1"
GmGYPSY11_LTR__2,LTR,N/A,1.1,"1,1.1"
GOLEM__2,Tc1-Mariner,N/A,2.1.1.1,"2,2.1,2.1.1,2.1.1.1"
GORPI,CACTA,N/A,2.1.1.9,"2,2.1,2.1.1,2.1.1.9"
GTWIN_I,gypsy,N/A,1.1.2,"1,1.1,1.1.2"
GYCUME1_I,gypsy,N/A,1.1.2,"1,1.1,1.1.2"
BEL-229_AA-LTR,Bel-Pao,N/A,1.1.3,"1,1.1,1.1.3"
GYMAG1_LTR,gypsy,N/A,1.1.2,"1,1.1,1.1.2"
Gyp1c_Cis_I,Tc1-Mariner,N/A,2.1.1.1,"2,2.1,2.1.1,2.1.1.1"
Gyp2_Cis_I,DIRS,N/A,1.2,"1,1.2"
GYPOT1_LTR__2,gypsy,N/A,1.1.2,"1,1.1,1.1.2"
GYPSHAN2_I_MT__2,Copia,N/A,1.1.1,"1,1.1,1.1.1"
GYPSHAN4_LTR_MT,SubclassI,N/A,2.1,"2,2.1"
GYPSI_LTR,gypsy,N/A,1.1.2,"1,1.1,1.1.2"
GYPSOL2_LTR__2,gypsy,N/A,1.1.2,"1,1.1,1.1.2"
GYPSO_I,gypsy,N/A,1.1.2,"1,1.1,1.1.2"
Gypsy-1-I_CR,gypsy,N/A,1.1.2,"1,1.1,1.1.2"
BEL-22_DAn-I,Bel-Pao,N/A,1.1.3,"1,1.1,1.1.3"
Gypsy-1-I_LG,gypsy,N/A,1.1.2,"1,1.1,1.1.2"
Gypsy-1-I_PPl,gypsy,N/A,1.1.2,"1,1.1,1.1.2"
Gypsy-1-LTR_AN,gypsy,N/A,1.1.2,"1,1.1,1.1.2"
Gypsy-1-LTR_HM,Bel-Pao,N/A,1.1.3,"1,1.1,1.1.3"
Gypsy-1-LTR_PI,Tc1-Mariner,N/A,2.1.1.1,"2,2.1,2.1.1,2.1.1.1"
Gypsy-10-I_HM,SubclassI,N/A,2.1,"2,2.1"
Gypsy-10-LTR_XT,gypsy,N/A,1.1.2,"1,1.1,1.1.2"
Gypsy-100_CQ-LTR,gypsy,N/A,1.1.2,"1,1.1,1.1.2"
Gypsy-100_SB-I,gypsy,N/A,1.1.2,"1,1.1,1.1.2"
Gypsy-101_AA-LTR,gypsy,N/A,1.1.2,"1,1.1,1.1.2"
BEL-230_AA-LTR,Bel-Pao,N/A,1.1.3,"1,1.1,1.1.3"
Gypsy-101_MLP-LTR,gypsy,N/A,1.1.2,"1,1.1,1.1.2"
Gypsy-102_AA-I,gypsy,N/A,1.1.2,"1,1.1,1.1.2"
Gypsy-102_GM-LTR,Copia,N/A,1.1.1,"1,1.1,1.1.1"
Gypsy-102_ZM-I,gypsy,N/A,1.1.2,"1,1.1,1.1.2"
Gypsy-103_CCri-LTR,gypsy,N/A,1.1.2,"1,1.1,1.1.2"
Gypsy-103_SB-I,DIRS,N/A,1.2,"1,1.2"
Gypsy-104_AA-LTR,Copia,N/A,1.1.1,"1,1.1,1.1.1"
Gypsy-104_SB-I,gypsy,N/A,1.1.2,"1,1.1,1.1.2"
Gypsy-105_AA-LTR,Bel-Pao,N/A,1.1.3,"1,1.1,1.1.3"
Gypsy-105_SB-I,DIRS,N/A,1.2,"1,1.2"
BEL-233_AA-I,Bel-Pao,N/A,1.1.3,"1,1.1,1.1.3"
Gypsy-106_AA-LTR,Bel-Pao,N/A,1.1.3,"1,1.1,1.1.3"
Gypsy-106_SB-I,gypsy,N/A,1.1.2,"1,1.1,1.1.2"
Gypsy-107_AA-LTR,gypsy,N/A,1.1.2,"1,1.1,1.1.2"
Gypsy-107_SB-I,gypsy,N/A,1.1.2,"1,1.1,1.1.2"
Gypsy-108_AA-LTR,gypsy,N/A,1.1.2,"1,1.1,1.1.2"
Gypsy-108_SB-I,gypsy,N/A,1.1.2,"1,1.1,1.1.2"
Gypsy-109_AA-LTR,gypsy,N/A,1.1.2,"1,1.1,1.1.2"
Gypsy-109_SB-I,gypsy,N/A,1.1.2,"1,1.1,1.1.2"
Gypsy-10B_Crp-LTR,gypsy,N/A,1.1.2,"1,1.1,1.1.2"
Gypsy-10_AC-I,DIRS,N/A,1.2,"1,1.2"
BEL-235_AA-LTR,Bel-Pao,N/A,1.1.3,"1,1.1,1.1.3"
Gypsy-10_Adi-I,gypsy,N/A,1.1.2,"1,1.1,1.1.2"
Gypsy-10_AMi-LTR,gypsy,N/A,1.1.2,"1,1.1,1.1.2"
Gypsy-10_BD-I,gypsy,N/A,1.1.2,"1,1.1,1.1.2"
Gypsy-10_BRa-LTR,gypsy,N/A,1.1.2,"1,1.1,1.1.2"
Gypsy-10_CFl-I,gypsy,N/A,1.1.2,"1,1.1,1.1.2"
Gypsy-10_CPB-LTR,gypsy,N/A,1.1.2,"1,1.1,1.1.2"
Gypsy-10_CSa-I,gypsy,N/A,1.1.2,"1,1.1,1.1.2"
Gypsy-10_DAn-LTR,gypsy,N/A,1.1.2,"1,1.1,1.1.2"
Gypsy-10_DEu-LTR,Bel-Pao,N/A,1.1.3,"1,1.1,1.1.3"
Gypsy-10_DPer-I,gypsy,N/A,1.1.2,"1,1.1,1.1.2"
Ag-Outcast-2,L1,N/A,1.4.4,"1,1.4,1.4.4"
BEL-238_AA-I,Bel-Pao,N/A,1.1.3,"1,1.1,1.1.3"
Gypsy-10_DRh-LTR,gypsy,N/A,1.1.2,"1,1.1,1.1.2"
Gypsy-10_DVir-LTR,gypsy,N/A,1.1.2,"1,1.1,1.1.2"
Gypsy-10_EPa-LTR,gypsy,N/A,1.1.2,"1,1.1,1.1.2"
Gypsy-10_GA-I,gypsy,N/A,1.1.2,"1,1.1,1.1.2"
Gypsy-10_GM-LTR,gypsy,N/A,1.1.2,"1,1.1,1.1.2"
Gypsy-10_JC-I,gypsy,N/A,1.1.2,"1,1.1,1.1.2"
Gypsy-10_LG-LTR,Copia,N/A,1.1.1,"1,1.1,1.1.1"
Gypsy-10_LVa-I,gypsy,N/A,1.1.2,"1,1.1,1.1.2"
Gypsy-10_MLP-LTR,gypsy,N/A,1.1.2,"1,1.1,1.1.2"
Gypsy-10_PBa-I,gypsy,N/A,1.1.2,"1,1.1,1.1.2"
BEL-23_AA-LTR,Bel-Pao,N/A,1.1.3,"1,1.1,1.1.3"
Gypsy-10_PIT-LTR,gypsy,N/A,1.1.2,"1,1.1,1.1.2"
Gypsy-10_PR-I,Bel-Pao,N/A,1.1.3,"1,1.1,1.1.3"
Gypsy-10_PSH-LTR,gypsy,N/A,1.1.2,"1,1.1,1.1.2"
Gypsy-10_PTrit-LTR,gypsy,N/A,1.1.2,"1,1.1,1.1.2"
Gypsy-10_RP-I,gypsy,N/A,1.1.2,"1,1.1,1.1.2"
Gypsy-10_SCH-LTR,gypsy,N/A,1.1.2,"1,1.1,1.1.2"
Gypsy-10_SSa-I,gypsy,N/A,1.1.2,"1,1.1,1.1.2"
Gypsy-10_TA-LTR,gypsy,N/A,1.1.2,"1,1.1,1.1.2"
Gypsy-10_XT-I,DIRS,N/A,1.2,"1,1.2"
Gypsy-11-LTR_CR,PIF-Harbinger,N/A,2.1.1.8,"2,2.1,2.1.1,2.1.1.8"
BEL-242_AA-I,Bel-Pao,N/A,1.1.3,"1,1.1,1.1.3"
Gypsy-110_AA-LTR,gypsy,N/A,1.1.2,"1,1.1,1.1.2"
Gypsy-110_MLP-I,gypsy,N/A,1.1.2,"1,1.1,1.1.2"
Gypsy-110_ZM-LTR,gypsy,N/A,1.1.2,"1,1.1,1.1.2"
Gypsy-111_GM-I,gypsy,N/A,1.1.2,"1,1.1,1.1.2"
Gypsy-111_SB-LTR,gypsy,N/A,1.1.2,"1,1.1,1.1.2"
Gypsy-112_MLP-I,gypsy,N/A,1.1.2,"1,1.1,1.1.2"
Gypsy-112_ZM-LTR,gypsy,N/A,1.1.2,"1,1.1,1.1.2"
Gypsy-113_MLP-I,gypsy,N/A,1.1.2,"1,1.1,1.1.2"
Gypsy-113_ZM-LTR,gypsy,N/A,1.1.2,"1,1.1,1.1.2"
Gypsy-114_MLP-I,gypsy,N/A,1.1.2,"1,1.1,1.1.2"
BEL-244_AA-LTR,Bel-Pao,N/A,1.1.3,"1,1.1,1.1.3"
Gypsy-114_ZM-LTR,gypsy,N/A,1.1.2,"1,1.1,1.1.2"
Gypsy-115_GM-I,gypsy,N/A,1.1.2,"1,1.1,1.1.2"
Gypsy-115_SB-LTR,gypsy,N/A,1.1.2,"1,1.1,1.1.2"
Gypsy-116_AA-LTR,Bel-Pao,N/A,1.1.3,"1,1.1,1.1.3"
Gypsy-116_SB-I,DIRS,N/A,1.2,"1,1.2"
Gypsy-117-LTR_DR,gypsy,N/A,1.1.2,"1,1.1,1.1.2"
Gypsy-117_MLP-LTR,gypsy,N/A,1.1.2,"1,1.1,1.1.2"
Gypsy-118_AA-LTR,Bel-Pao,N/A,1.1.3,"1,1.1,1.1.3"
Gypsy-118_SB-I,gypsy,N/A,1.1.2,"1,1.1,1.1.2"
Gypsy-119_GM-I,gypsy,N/A,1.1.2,"1,1.1,1.1.2"
BEL-248_AA-I,Bel-Pao,N/A,1.1.3,"1,1.1,1.1.3"
Gypsy-119_SB-LTR,gypsy,N/A,1.1.2,"1,1.1,1.1.2"
Gypsy-11_ADe-I,DIRS,N/A,1.2,"1,1.2"
Gypsy-11_ALY-LTR,Bel-Pao,N/A,1.1.3,"1,1.1,1.1.3"
Gypsy-11_ATr-I,gypsy,N/A,1.1.2,"1,1.1,1.1.2"
Gypsy-11_BG-LTR,gypsy,N/A,1.1.2,"1,1.1,1.1.2"
Gypsy-11_CCri-I,gypsy,N/A,1.1.2,"1,1.1,1.1.2"
Gypsy-11_CGi-LTR,gypsy,N/A,1.1.2,"1,1.1,1.1.2"
Gypsy-11_Crp-LTR,gypsy,N/A,1.1.2,"1,1.1,1.1.2"
Gypsy-11_DAn-I,gypsy,N/A,1.1.2,"1,1.1,1.1.2"
Gypsy-11_DEl-LTR,gypsy,N/A,1.1.2,"1,1.1,1.1.2"
BEL-24_AA-LTR,Bel-Pao,N/A,1.1.3,"1,1.1,1.1.3"
Gypsy-11_DPer-I,gypsy,N/A,1.1.2,"1,1.1,1.1.2"
Gypsy-11_DRh-LTR,gypsy,N/A,1.1.2,"1,1.1,1.1.2"
Gypsy-11_DVir-I,gypsy,N/A,1.1.2,"1,1.1,1.1.2"
Gypsy-11_EL-LTR,gypsy,N/A,1.1.2,"1,1.1,1.1.2"
Gypsy-11_GA-I,Jockey,N/A,1.4.3,"1,1.4,1.4.3"
Gypsy-11_Hmel_I,gypsy,N/A,1.1.2,"1,1.1,1.1.2"
Gypsy-11_JC-LTR,Copia,N/A,1.1.1,"1,1.1,1.1.1"
Gypsy-11_LG-I,gypsy,N/A,1.1.2,"1,1.1,1.1.2"
Gypsy-11_LMi-LTR,tRNA,N/A,1.5.1,"1,1.5,1.5.1"
Gypsy-11_MLP-I,gypsy,N/A,1.1.2,"1,1.1,1.1.2"
BEL-251_AA-I,Bel-Pao,N/A,1.1.3,"1,1.1,1.1.3"
Gypsy-11_PAb-LTR,Copia,N/A,1.1.1,"1,1.1,1.1.1"
Gypsy-11_PIT-I,gypsy,N/A,1.1.2,"1,1.1,1.1.2"
Gypsy-11_PPa-LTR,Copia,N/A,1.1.1,"1,1.1,1.1.1"
Gypsy-11_PSH-I,gypsy,N/A,1.1.2,"1,1.1,1.1.2"
Gypsy-11_PTrit-LTR,gypsy,N/A,1.1.2,"1,1.1,1.1.2"
Gypsy-11_SB-I,DIRS,N/A,1.2,"1,1.2"
Gypsy-11_SI-LTR,Bel-Pao,N/A,1.1.3,"1,1.1,1.1.3"
Gypsy-11_SSa-I,gypsy,N/A,1.1.2,"1,1.1,1.1.2"
Gypsy-11_TA-LTR,gypsy,N/A,1.1.2,"1,1.1,1.1.2"
Gypsy-11_XT-I,Bel-Pao,N/A,1.1.3,"1,1.1,1.1.3"
BEL-253_AA-LTR,Bel-Pao,N/A,1.1.3,"1,1.1,1.1.3"
Gypsy-12-I_XT,gypsy,N/A,1.1.2,"1,1.1,1.1.2"
Gypsy-120_AA-LTR,SubclassI,N/A,2.1,"2,2.1"
Gypsy-120_ZM-I,gypsy,N/A,1.1.2,"1,1.1,1.1.2"
Gypsy-121_MLP-LTR,Copia,N/A,1.1.1,"1,1.1,1.1.1"
Gypsy-122B_SBi-I,gypsy,N/A,1.1.2,"1,1.1,1.1.2"
Gypsy-122_MLP-I,gypsy,N/A,1.1.2,"1,1.1,1.1.2"
Gypsy-122_ZM-LTR,SINE,N/A,1.5,"1,1.5"
Gypsy-123_MLP-LTR,RTE,N/A,1.4.2,"1,1.4,1.4.2"
Gypsy-124N_SBi-I,gypsy,N/A,1.1.2,"1,1.1,1.1.2"
Gypsy-124_GM-LTR,gypsy,N/A,1.1.2,"1,1.1,1.1.2"
BEL-256_AA-I,Bel-Pao,N/A,1.1.3,"1,1.1,1.1.3"
Gypsy-124_ZM-I,gypsy,N/A,1.1.2,"1,1.1,1.1.2"
Gypsy-125_AA-LTR,Bel-Pao,N/A,1.1.3,"1,1.1,1.1.3"
Gypsy-125_SBi-I,gypsy,N/A,1.1.2,"1,1.1,1.1.2"
Gypsy-126_AA-LTR,gypsy,N/A,1.1.2,"1,1.1,1.1.2"
Gypsy-126_MLP-I,gypsy,N/A,1.1.2,"1,1.1,1.1.2"
Gypsy-126_ZM-LTR,gypsy,N/A,1.1.2,"1,1.1,1.1.2"
Gypsy-127_SBi-I,gypsy,N/A,1.1.2,"1,1.1,1.1.2"
Gypsy-128_AA-LTR,gypsy,N/A,1.1.2,"1,1.1,1.1.2"
Gypsy-128_ZM-I,gypsy,N/A,1.1.2,"1,1.1,1.1.2"
Gypsy-129_DR-LTR,gypsy,N/A,1.1.2,"1,1.1,1.1.2"
BEL-258_AA-LTR,tRNA,N/A,1.5.1,"1,1.5,1.5.1"
Gypsy-129_ZM-I,gypsy,N/A,1.1.2,"1,1.1,1.1.2"
Gypsy-12B_AMi-LTR,gypsy,N/A,1.1.2,"1,1.1,1.1.2"
Gypsy-12D3_AMi-LTR,gypsy,N/A,1.1.2,"1,1.1,1.1.2"
Gypsy-12E_AMi-LTR,gypsy,N/A,1.1.2,"1,1.1,1.1.2"
Gypsy-12_ADe-I,gypsy,N/A,1.1.2,"1,1.1,1.1.2"
Gypsy-12_ALY-LTR,gypsy,N/A,1.1.2,"1,1.1,1.1.2"
Gypsy-12_ATr-LTR,LINE,N/A,1.4,"1,1.4"
Gypsy-12_BRa-I,gypsy,N/A,1.1.2,"1,1.1,1.1.2"
Gypsy-12_CCri-LTR,Bel-Pao,N/A,1.1.3,"1,1.1,1.1.3"
Gypsy-12_CPB-I,gypsy,N/A,1.1.2,"1,1.1,1.1.2"
AgaP12,SubclassI,N/A,2.1,"2,2.1"
BEL-25_CQ-I,Bel-Pao,N/A,1.1.3,"1,1.1,1.1.3"
Gypsy-12_CSa-I,DIRS,N/A,1.2,"1,1.2"
Gypsy-12_DAn-LTR,Copia,N/A,1.1.1,"1,1.1,1.1.1"
Gypsy-12_DEu-I,gypsy,N/A,1.1.2,"1,1.1,1.1.2"
Gypsy-12_DPer-LTR,gypsy,N/A,1.1.2,"1,1.1,1.1.2"
Gypsy-12_DSim-I,gypsy,N/A,1.1.2,"1,1.1,1.1.2"
Gypsy-12_DVir-LTR,DIRS,N/A,1.2,"1,1.2"
Gypsy-12_FV-LTR,Copia,N/A,1.1.1,"1,1.1,1.1.1"
Gypsy-12_GM-LTR,SubclassI,N/A,2.1,"2,2.1"
Gypsy-12_JC-LTR,Copia,N/A,1.1.1,"1,1.1,1.1.1"
Gypsy-12_LG-I,Bel-Pao,N/A,1.1.3,"1,1.1,1.1.3"
BEL-261_AA-LTR,Bel-Pao,N/A,1.1.3,"1,1.1,1.1.3"
Gypsy-12_LMi-LTR,Bel-Pao,N/A,1.1.3,"1,1.1,1.1.3"
Gypsy-12_MLP-I,gypsy,N/A,1.1.2,"1,1.1,1.1.2"
Gypsy-12_PAb-LTR,gypsy,N/A,1.1.2,"1,1.1,1.1.2"
Gypsy-12_PIT-I,Bel-Pao,N/A,1.1.3,"1,1.1,1.1.3"
Gypsy-12_PPa-LTR,tRNA,N/A,1.5.1,"1,1.5,1.5.1"
Gypsy-12_PSH-I,DIRS,N/A,1.2,"1,1.2"
Gypsy-12_PTrit-LTR,gypsy,N/A,1.1.2,"1,1.1,1.1.2"
Gypsy-12_RP-I,gypsy,N/A,1.1.2,"1,1.1,1.1.2"
Gypsy-12_SCH-LTR,gypsy,N/A,1.1.2,"1,1.1,1.1.2"
Gypsy-12_SSa-I,gypsy,N/A,1.1.2,"1,1.1,1.1.2"
BEL-264_AA-I,Bel-Pao,N/A,1.1.3,"1,1.1,1.1.3"
Gypsy-12_TA-LTR,gypsy,N/A,1.1.2,"1,1.1,1.1.2"
Gypsy-12_XT-I,gypsy,N/A,1.1.2,"1,1.1,1.1.2"
Gypsy-13-LTR_HM,SubclassI,N/A,2.1,"2,2.1"
Gypsy-130_DR-I,gypsy,N/A,1.1.2,"1,1.1,1.1.2"
Gypsy-130_SBi-LTR,gypsy,N/A,1.1.2,"1,1.1,1.1.2"
Gypsy-131_DR-I,gypsy,N/A,1.1.2,"1,1.1,1.1.2"
Gypsy-131_SBi-LTR,gypsy,N/A,1.1.2,"1,1.1,1.1.2"
Gypsy-132_GM-I,gypsy,N/A,1.1.2,"1,1.1,1.1.2"
Gypsy-132_ZM-LTR,tRNA,N/A,1.5.1,"1,1.5,1.5.1"
Gypsy-133_SBi-I,gypsy,N/A,1.1.2,"1,1.1,1.1.2"
BEL-266_AA-LTR,Bel-Pao,N/A,1.1.3,"1,1.1,1.1.3"
Gypsy-134_AA-LTR,gypsy,N/A,1.1.2,"1,1.1,1.1.2"
Gypsy-134_ZM-I,gypsy,N/A,1.1.2,"1,1.1,1.1.2"
Gypsy-135_GM-LTR,Copia,N/A,1.1.1,"1,1.1,1.1.1"
Gypsy-136_AA-I,gypsy,N/A,1.1.2,"1,1.1,1.1.2"
Gypsy-136_SBi-LTR,gypsy,N/A,1.1.2,"1,1.1,1.1.2"
Gypsy-137_GM-I,gypsy,N/A,1.1.2,"1,1.1,1.1.2"
Gypsy-137_ZM-LTR,gypsy,N/A,1.1.2,"1,1.1,1.1.2"
Gypsy-138_SBi-I,gypsy,N/A,1.1.2,"1,1.1,1.1.2"
Gypsy-139_AA-LTR,tRNA,N/A,1.5.1,"1,1.5,1.5.1"
Gypsy-13B_AMi-LTR,gypsy,N/A,1.1.2,"1,1.1,1.1.2"
BEL-269_AA-I,Bel-Pao,N/A,1.1.3,"1,1.1,1.1.3"
Gypsy-13_ADe-I,gypsy,N/A,1.1.2,"1,1.1,1.1.2"
Gypsy-13_ALY-LTR,gypsy,N/A,1.1.2,"1,1.1,1.1.2"
Gypsy-13_BD-I,gypsy,N/A,1.1.2,"1,1.1,1.1.2"
Gypsy-13_BRa-LTR,gypsy,N/A,1.1.2,"1,1.1,1.1.2"
Gypsy-13_CFl-I,DIRS,N/A,1.2,"1,1.2"
Gypsy-13_CPB-LTR,gypsy,N/A,1.1.2,"1,1.1,1.1.2"
Gypsy-13_CSa-LTR,gypsy,N/A,1.1.2,"1,1.1,1.1.2"
Gypsy-13_DBi-I,gypsy,N/A,1.1.2,"1,1.1,1.1.2"
Gypsy-13_DEl-LTR,LINE,N/A,1.4,"1,1.4"
Gypsy-13_DPu-I,gypsy,N/A,1.1.2,"1,1.1,1.1.2"
BEL-26_CQ-LTR,Bel-Pao,N/A,1.1.3,"1,1.1,1.1.3"
Gypsy-13_DSim-LTR,gypsy,N/A,1.1.2,"1,1.1,1.1.2"
Gypsy-13_DWil-I,gypsy,N/A,1.1.2,"1,1.1,1.1.2"
Gypsy-13_FV-LTR,Copia,N/A,1.1.1,"1,1.1,1.1.1"
Gypsy-13_GM-LTR,Copia,N/A,1.1.1,"1,1.1,1.1.1"
Gypsy-13_JC-I,gypsy,N/A,1.1.2,"1,1.1,1.1.2"
Gypsy-13_LCh-LTR,gypsy,N/A,1.1.2,"1,1.1,1.1.2"
Gypsy-13_LMi-I,gypsy,N/A,1.1.2,"1,1.1,1.1.2"
Gypsy-13_Mad-LTR__2,Bel-Pao,N/A,1.1.3,"1,1.1,1.1.3"
Gypsy-13_PAb-I,gypsy,N/A,1.1.2,"1,1.1,1.1.2"
Gypsy-13_PGr-LTR,gypsy,N/A,1.1.2,"1,1.1,1.1.2"
BEL-271_AA-I,Bel-Pao,N/A,1.1.3,"1,1.1,1.1.3"
Gypsy-13_PPa-I,Copia,N/A,1.1.1,"1,1.1,1.1.1"
Gypsy-13_PR-LTR,gypsy,N/A,1.1.2,"1,1.1,1.1.2"
Gypsy-13_RC-I,gypsy,N/A,1.1.2,"1,1.1,1.1.2"
Gypsy-13_RP-LTR,Bel-Pao,N/A,1.1.3,"1,1.1,1.1.3"
Gypsy-13_SI-I,Bel-Pao,N/A,1.1.3,"1,1.1,1.1.3"
Gypsy-13_SSa-LTR,gypsy,N/A,1.1.2,"1,1.1,1.1.2"
Gypsy-13_TC-I,gypsy,N/A,1.1.2,"1,1.1,1.1.2"
Gypsy-14-I_HM,gypsy,N/A,1.1.2,"1,1.1,1.1.2"
Gypsy-140_AA-I,DIRS,N/A,1.2,"1,1.2"
Gypsy-140_ZM-LTR,gypsy,N/A,1.1.2,"1,1.1,1.1.2"
BEL-273_AA-LTR,Bel-Pao,N/A,1.1.3,"1,1.1,1.1.3"
Gypsy-141_ZM-I,gypsy,N/A,1.1.2,"1,1.1,1.1.2"
Gypsy-142_ZM-LTR,gypsy,N/A,1.1.2,"1,1.1,1.1.2"
Gypsy-144_AA-I,Bel-Pao,N/A,1.1.3,"1,1.1,1.1.3"
Gypsy-145_AA-LTR,Bel-Pao,N/A,1.1.3,"1,1.1,1.1.3"
Gypsy-146_ZM-I,gypsy,N/A,1.1.2,"1,1.1,1.1.2"
Gypsy-147_ZM-LTR,RTE,N/A,1.4.2,"1,1.4,1.4.2"
Gypsy-149_AA-I,Bel-Pao,N/A,1.1.3,"1,1.1,1.1.3"
Gypsy-14B_AMi-I,gypsy,N/A,1.1.2,"1,1.1,1.1.2"
Gypsy-14B_DWil-LTR,gypsy,N/A,1.1.2,"1,1.1,1.1.2"
Gypsy-14_ADe-LTR,Copia,N/A,1.1.1,"1,1.1,1.1.1"
BEL-276_AA-I,Bel-Pao,N/A,1.1.3,"1,1.1,1.1.3"
Gypsy-14_AMi-I,gypsy,N/A,1.1.2,"1,1.1,1.1.2"
Gypsy-14_ATr-LTR,gypsy,N/A,1.1.2,"1,1.1,1.1.2"
Gypsy-14_BRa-I,gypsy,N/A,1.1.2,"1,1.1,1.1.2"
Gypsy-14_CCri-LTR,gypsy,N/A,1.1.2,"1,1.1,1.1.2"
Gypsy-14_CPB-I,gypsy,N/A,1.1.2,"1,1.1,1.1.2"
Gypsy-14_CSa-LTR,gypsy,N/A,1.1.2,"1,1.1,1.1.2"
Gypsy-14_DBi-I,gypsy,N/A,1.1.2,"1,1.1,1.1.2"
Gypsy-14_DEl-LTR,gypsy,N/A,1.1.2,"1,1.1,1.1.2"
Gypsy-14_DPu-I,gypsy,N/A,1.1.2,"1,1.1,1.1.2"
Gypsy-14_DTa-LTR,Bel-Pao,N/A,1.1.3,"1,1.1,1.1.3"
BEL-278_AA-LTR,Bel-Pao,N/A,1.1.3,"1,1.1,1.1.3"
Gypsy-14_FV-LTR,gypsy,N/A,1.1.2,"1,1.1,1.1.2"
Gypsy-14_GM-LTR,gypsy,N/A,1.1.2,"1,1.1,1.1.2"
Gypsy-14_LBS-I,gypsy,N/A,1.1.2,"1,1.1,1.1.2"
Gypsy-14_LG-LTR,Copia,N/A,1.1.1,"1,1.1,1.1.1"
Gypsy-14_LVa-I,gypsy,N/A,1.1.2,"1,1.1,1.1.2"
Gypsy-14_MLP-LTR,gypsy,N/A,1.1.2,"1,1.1,1.1.2"
Gypsy-14_PBa-I,gypsy,N/A,1.1.2,"1,1.1,1.1.2"
Gypsy-14_PIT-LTR,gypsy,N/A,1.1.2,"1,1.1,1.1.2"
Gypsy-14_PR-I,Bel-Pao,N/A,1.1.3,"1,1.1,1.1.3"
Gypsy-14_PTrit-LTR,gypsy,N/A,1.1.2,"1,1.1,1.1.2"
AgaP2-P12MITE326,SubclassI,N/A,2.1,"2,2.1"
BEL-27_CQ-I,Bel-Pao,N/A,1.1.3,"1,1.1,1.1.3"
Gypsy-14_RP-I,gypsy,N/A,1.1.2,"1,1.1,1.1.2"
Gypsy-14_SCH-LTR,gypsy,N/A,1.1.2,"1,1.1,1.1.2"
Gypsy-14_SSa-I,gypsy,N/A,1.1.2,"1,1.1,1.1.2"
Gypsy-14_TC-LTR,gypsy,N/A,1.1.2,"1,1.1,1.1.2"
Gypsy-15-I_NV,gypsy,N/A,1.1.2,"1,1.1,1.1.2"
Gypsy-15-LTR_XT,gypsy,N/A,1.1.2,"1,1.1,1.1.2"
Gypsy-150_ZM-LTR,tRNA,N/A,1.5.1,"1,1.5,1.5.1"
Gypsy-152_AA-I,gypsy,N/A,1.1.2,"1,1.1,1.1.2"
Gypsy-153_AA-LTR,gypsy,N/A,1.1.2,"1,1.1,1.1.2"
Gypsy-154_ZM-I,DIRS,N/A,1.2,"1,1.2"
BEL-281_AA-LTR,Bel-Pao,N/A,1.1.3,"1,1.1,1.1.3"
Gypsy-155_ZM-LTR,gypsy,N/A,1.1.2,"1,1.1,1.1.2"
Gypsy-157_AA-I,gypsy,N/A,1.1.2,"1,1.1,1.1.2"
Gypsy-158_AA-LTR,gypsy,N/A,1.1.2,"1,1.1,1.1.2"
Gypsy-159_ZM-I,gypsy,N/A,1.1.2,"1,1.1,1.1.2"
Gypsy-15N_PPa-LTR,Copia,N/A,1.1.1,"1,1.1,1.1.1"
Gypsy-15_Adi-I,Bel-Pao,N/A,1.1.3,"1,1.1,1.1.3"
Gypsy-15_AMi-LTR,gypsy,N/A,1.1.2,"1,1.1,1.1.2"
Gypsy-15_BD-I,gypsy,N/A,1.1.2,"1,1.1,1.1.2"
Gypsy-15_BRa-LTR,gypsy,N/A,1.1.2,"1,1.1,1.1.2"
Gypsy-15_CGi-I,gypsy,N/A,1.1.2,"1,1.1,1.1.2"
BEL-284_AA-I,Bel-Pao,N/A,1.1.3,"1,1.1,1.1.3"
Gypsy-15_CQ-LTR,gypsy,N/A,1.1.2,"1,1.1,1.1.2"
Gypsy-15_CT-I,gypsy,N/A,1.1.2,"1,1.1,1.1.2"
Gypsy-15_DBi-LTR,Bel-Pao,N/A,1.1.3,"1,1.1,1.1.3"
Gypsy-15_DFi-LTR,gypsy,N/A,1.1.2,"1,1.1,1.1.2"
Gypsy-15_DTa-I,gypsy,N/A,1.1.2,"1,1.1,1.1.2"
Gypsy-15_FV-I,gypsy,N/A,1.1.2,"1,1.1,1.1.2"
Gypsy-15_GM-I,gypsy,N/A,1.1.2,"1,1.1,1.1.2"
Gypsy-15_JC-LTR,Copia,N/A,1.1.1,"1,1.1,1.1.1"
Gypsy-15_LH-I,gypsy,N/A,1.1.2,"1,1.1,1.1.2"
Gypsy-15_LVa-LTR,gypsy,N/A,1.1.2,"1,1.1,1.1.2"
BEL-286_AA-LTR,Bel-Pao,N/A,1.1.3,"1,1.1,1.1.3"
Gypsy-15_OD-I,gypsy,N/A,1.1.2,"1,1.1,1.1.2"
Gypsy-15_PBa-LTR,gypsy,N/A,1.1.2,"1,1.1,1.1.2"
Gypsy-15_PMar-LTR,gypsy,N/A,1.1.2,"1,1.1,1.1.2"
Gypsy-15_PSo-I,gypsy,N/A,1.1.2,"1,1.1,1.1.2"
Gypsy-15_RC-LTR,gypsy,N/A,1.1.2,"1,1.1,1.1.2"
Gypsy-15_SB-I,gypsy,N/A,1.1.2,"1,1.1,1.1.2"
Gypsy-15_SI-LTR,gypsy,N/A,1.1.2,"1,1.1,1.1.2"
Gypsy-15_ST-I,Mutator,N/A,2.1.1.3,"2,2.1,2.1.1,2.1.1.3"
Gypsy-15_XT-LTR,gypsy,N/A,1.1.2,"1,1.1,1.1.2"
Gypsy-16-I_XT,gypsy,N/A,1.1.2,"1,1.1,1.1.2"
BEL-289_AA-I,Bel-Pao,N/A,1.1.3,"1,1.1,1.1.3"
Gypsy-16-LTR_XT,Bel-Pao,N/A,1.1.3,"1,1.1,1.1.3"
Gypsy-161_ZM-I,DIRS,N/A,1.2,"1,1.2"
Gypsy-162_DR-LTR,gypsy,N/A,1.1.2,"1,1.1,1.1.2"
Gypsy-163_ZM-I,gypsy,N/A,1.1.2,"1,1.1,1.1.2"
Gypsy-164_ZM-LTR,Copia,N/A,1.1.1,"1,1.1,1.1.1"
Gypsy-165_ZM-I,gypsy,N/A,1.1.2,"1,1.1,1.1.2"
Gypsy-166_AA-I,gypsy,N/A,1.1.2,"1,1.1,1.1.2"
Gypsy-167-LTR_DR,gypsy,N/A,1.1.2,"1,1.1,1.1.2"
Gypsy-168-I_DR,gypsy,N/A,1.1.2,"1,1.1,1.1.2"
Gypsy-168_ZM-LTR,gypsy,N/A,1.1.2,"1,1.1,1.1.2"
BEL-28_CQ-LTR,Bel-Pao,N/A,1.1.3,"1,1.1,1.1.3"
Gypsy-169_ZM-I,gypsy,N/A,1.1.2,"1,1.1,1.1.2"
Gypsy-16_ADe-I,gypsy,N/A,1.1.2,"1,1.1,1.1.2"
Gypsy-16_ALY-LTR,Copia,N/A,1.1.1,"1,1.1,1.1.1"
Gypsy-16_BD-I,gypsy,N/A,1.1.2,"1,1.1,1.1.2"
Gypsy-16_BRa-LTR,gypsy,N/A,1.1.2,"1,1.1,1.1.2"
Gypsy-16_CGi-I,Bel-Pao,N/A,1.1.3,"1,1.1,1.1.3"
Gypsy-16_CQ-LTR,gypsy,N/A,1.1.2,"1,1.1,1.1.2"
Gypsy-16_CT-I,gypsy,N/A,1.1.2,"1,1.1,1.1.2"
Gypsy-16_DBi-LTR,Bel-Pao,N/A,1.1.3,"1,1.1,1.1.3"
Gypsy-16_DPu-LTR,tRNA,N/A,1.5.1,"1,1.5,1.5.1"
BEL-2_AA-I,Bel-Pao,N/A,1.1.3,"1,1.1,1.1.3"
Gypsy-16_DWil-I,gypsy,N/A,1.1.2,"1,1.1,1.1.2"
Gypsy-16_GA-I,gypsy,N/A,1.1.2,"1,1.1,1.1.2"
Gypsy-16_IS-I,gypsy,N/A,1.1.2,"1,1.1,1.1.2"
Gypsy-16_LBS-LTR,DIRS,N/A,1.2,"1,1.2"
Gypsy-16_LH-I,gypsy,N/A,1.1.2,"1,1.1,1.1.2"
Gypsy-16_Mad-I__2,gypsy,N/A,1.1.2,"1,1.1,1.1.2"
Gypsy-16_OD-LTR,Bel-Pao,N/A,1.1.3,"1,1.1,1.1.3"
Gypsy-16_PGr-I,gypsy,N/A,1.1.2,"1,1.1,1.1.2"
Gypsy-16_PM-LTR,gypsy,N/A,1.1.2,"1,1.1,1.1.2"
Gypsy-16_PR-I,gypsy,N/A,1.1.2,"1,1.1,1.1.2"
BEL-2_AEc-LTR,SubclassI,N/A,2.1,"2,2.1"
Gypsy-16_PTrit-LTR,gypsy,N/A,1.1.2,"1,1.1,1.1.2"
Gypsy-16_RP-I,DIRS,N/A,1.2,"1,1.2"
Gypsy-16_SCH-LTR,gypsy,N/A,1.1.2,"1,1.1,1.1.2"
Gypsy-16_SSa-I,gypsy,N/A,1.1.2,"1,1.1,1.1.2"
Gypsy-16_TC-LTR,gypsy,N/A,1.1.2,"1,1.1,1.1.2"
Gypsy-17-I_XT,gypsy,N/A,1.1.2,"1,1.1,1.1.2"
Gypsy-17-LTR_XT,gypsy,N/A,1.1.2,"1,1.1,1.1.2"
Gypsy-170_ZM-I,gypsy,N/A,1.1.2,"1,1.1,1.1.2"
Gypsy-171_AA-LTR,Bel-Pao,N/A,1.1.3,"1,1.1,1.1.3"
Gypsy-172_AA-LTR,Bel-Pao,N/A,1.1.3,"1,1.1,1.1.3"
BEL-2_BMa-I,DIRS,N/A,1.2,"1,1.2"
Gypsy-173_AA-LTR,Bel-Pao,N/A,1.1.3,"1,1.1,1.1.3"
Gypsy-173_ZM-LTR,gypsy,N/A,1.1.2,"1,1.1,1.1.2"
Gypsy-174_ZM-I,gypsy,N/A,1.1.2,"1,1.1,1.1.2"
Gypsy-175_DR-LTR,Copia,N/A,1.1.1,"1,1.1,1.1.1"
Gypsy-176_DR-I,DIRS,N/A,1.2,"1,1.2"
Gypsy-177_AA-LTR,gypsy,N/A,1.1.2,"1,1.1,1.1.2"
Gypsy-178_AA-I,gypsy,N/A,1.1.2,"1,1.1,1.1.2"
Gypsy-178_ZM-LTR,gypsy,N/A,1.1.2,"1,1.1,1.1.2"
Gypsy-179_ZM-I,gypsy,N/A,1.1.2,"1,1.1,1.1.2"
Gypsy-17_ADe-LTR,SINE,N/A,1.5,"1,1.5"
BEL-2_CQ-LTR,Bel-Pao,N/A,1.1.3,"1,1.1,1.1.3"
Gypsy-17_AMi-I,gypsy,N/A,1.1.2,"1,1.1,1.1.2"
Gypsy-17_ATr-LTR,gypsy,N/A,1.1.2,"1,1.1,1.1.2"
Gypsy-17_BRa-I,gypsy,N/A,1.1.2,"1,1.1,1.1.2"
Gypsy-17_CFl-LTR,gypsy,N/A,1.1.2,"1,1.1,1.1.2"
Gypsy-17_CQ-I,Bel-Pao,N/A,1.1.3,"1,1.1,1.1.3"
Gypsy-17_CSa-LTR,gypsy,N/A,1.1.2,"1,1.1,1.1.2"
Gypsy-17_DBi-I,gypsy,N/A,1.1.2,"1,1.1,1.1.2"
Gypsy-17_DEl-LTR,SINE,N/A,1.5,"1,1.5"
Gypsy-17_DTa-I,gypsy,N/A,1.1.2,"1,1.1,1.1.2"
Gypsy-17_FV-I,gypsy,N/A,1.1.2,"1,1.1,1.1.2"
AC9_ZM,PIF-Harbinger,N/A,2.1.1.8,"2,2.1,2.1.1,2.1.1.8"
AGM1,Bel-Pao,N/A,1.1.3,"1,1.1,1.1.3"
BEL-2_DAn-I,Bel-Pao,N/A,1.1.3,"1,1.1,1.1.3"
Gypsy-17_Gav-LTR,tRNA,N/A,1.5.1,"1,1.5,1.5.1"
Gypsy-17_JC-I,gypsy,N/A,1.1.2,"1,1.1,1.1.2"
Gypsy-17_LCh-LTR,gypsy,N/A,1.1.2,"1,1.1,1.1.2"
Gypsy-17_LMi-I,gypsy,N/A,1.1.2,"1,1.1,1.1.2"
Gypsy-17_MLP-I,DIRS,N/A,1.2,"1,1.2"
Gypsy-17_PAb-LTR,LINE,N/A,1.4,"1,1.4"
Gypsy-17_PIT-I,Bel-Pao,N/A,1.1.3,"1,1.1,1.1.3"
Gypsy-17_PMar-LTR,gypsy,N/A,1.1.2,"1,1.1,1.1.2"
Gypsy-17_PSo-I,Bel-Pao,N/A,1.1.3,"1,1.1,1.1.3"
Gypsy-17_RC-LTR,gypsy,N/A,1.1.2,"1,1.1,1.1.2"
BEL-2_DBp-LTR,Bel-Pao,N/A,1.1.3,"1,1.1,1.1.3"
Gypsy-17_SB-I,gypsy,N/A,1.1.2,"1,1.1,1.1.2"
Gypsy-17_SI-LTR,Bel-Pao,N/A,1.1.3,"1,1.1,1.1.3"
Gypsy-17_ST-I,gypsy,N/A,1.1.2,"1,1.1,1.1.2"
Gypsy-17_XT-LTR,gypsy,N/A,1.1.2,"1,1.1,1.1.2"
Gypsy-18-LTR_DR,gypsy,N/A,1.1.2,"1,1.1,1.1.2"
Gypsy-180_AA-LTR,gypsy,N/A,1.1.2,"1,1.1,1.1.2"
Gypsy-181_AA-I,gypsy,N/A,1.1.2,"1,1.1,1.1.2"
Gypsy-181_ZM-LTR,gypsy,N/A,1.1.2,"1,1.1,1.1.2"
Gypsy-182_ZM-I,gypsy,N/A,1.1.2,"1,1.1,1.1.2"
Gypsy-183_DR-LTR,gypsy,N/A,1.1.2,"1,1.1,1.1.2"
BEL-2_DFi-I,Bel-Pao,N/A,1.1.3,"1,1.1,1.1.3"
Gypsy-184_DR-I,DIRS,N/A,1.2,"1,1.2"
Gypsy-185_AA-LTR,Bel-Pao,N/A,1.1.3,"1,1.1,1.1.3"
Gypsy-186_AA-I,L1,N/A,1.4.4,"1,1.4,1.4.4"
Gypsy-186_ZM-LTR,Copia,N/A,1.1.1,"1,1.1,1.1.1"
Gypsy-187_ZM-I,gypsy,N/A,1.1.2,"1,1.1,1.1.2"
Gypsy-188_DR-LTR,gypsy,N/A,1.1.2,"1,1.1,1.1.2"
Gypsy-189_DR-I,gypsy,N/A,1.1.2,"1,1.1,1.1.2"
Gypsy-18A_SB-I,gypsy,N/A,1.1.2,"1,1.1,1.1.2"
Gypsy-18_AA-I,gypsy,N/A,1.1.2,"1,1.1,1.1.2"
Gypsy-18_Adi-LTR,gypsy,N/A,1.1.2,"1,1.1,1.1.2"
BEL-2_DPer-LTR,Bel-Pao,N/A,1.1.3,"1,1.1,1.1.3"
Gypsy-18_Ano-I,gypsy,N/A,1.1.2,"1,1.1,1.1.2"
Gypsy-18_BD-LTR,gypsy,N/A,1.1.2,"1,1.1,1.1.2"
Gypsy-18_CCri-I,gypsy,N/A,1.1.2,"1,1.1,1.1.2"
Gypsy-18_CPB-LTR,hAT,N/A,2.1.1.2,"2,2.1,2.1.1,2.1.1.2"
Gypsy-18_CSa-I,gypsy,N/A,1.1.2,"1,1.1,1.1.2"
Gypsy-18_DAn-LTR,Copia,N/A,1.1.1,"1,1.1,1.1.1"
Gypsy-18_DPu-LTR,gypsy,N/A,1.1.2,"1,1.1,1.1.2"
Gypsy-18_EL-LTR,gypsy,N/A,1.1.2,"1,1.1,1.1.2"
Gypsy-18_Gav-I,gypsy,N/A,1.1.2,"1,1.1,1.1.2"
Gypsy-18_HM-LTR,Bel-Pao,N/A,1.1.3,"1,1.1,1.1.3"
BEL-2_DSe-I,Bel-Pao,N/A,1.1.3,"1,1.1,1.1.3"
Gypsy-18_LBS-I,gypsy,N/A,1.1.2,"1,1.1,1.1.2"
Gypsy-18_LG-LTR,gypsy,N/A,1.1.2,"1,1.1,1.1.2"
Gypsy-18_LVa,RTE,N/A,1.4.2,"1,1.4,1.4.2"
Gypsy-18_OD-I,Bel-Pao,N/A,1.1.3,"1,1.1,1.1.3"
Gypsy-18_PBa-LTR,gypsy,N/A,1.1.2,"1,1.1,1.1.2"
Gypsy-18_PM-I,gypsy,N/A,1.1.2,"1,1.1,1.1.2"
Gypsy-18_PPe-LTR,SubclassI,N/A,2.1,"2,2.1"
Gypsy-18_RC-I,gypsy,N/A,1.1.2,"1,1.1,1.1.2"
Gypsy-18_RP-LTR,gypsy,N/A,1.1.2,"1,1.1,1.1.2"
Gypsy-18_SI-I,gypsy,N/A,1.1.2,"1,1.1,1.1.2"
BEL-2_DVir-LTR,Bel-Pao,N/A,1.1.3,"1,1.1,1.1.3"
Gypsy-18_SSa-LTR,SubclassI,N/A,2.1,"2,2.1"
Gypsy-19-I_NVi,gypsy,N/A,1.1.2,"1,1.1,1.1.2"
Gypsy-19-LTR_XT,gypsy,N/A,1.1.2,"1,1.1,1.1.2"
Gypsy-190_ZM-I,gypsy,N/A,1.1.2,"1,1.1,1.1.2"
Gypsy-191_DR-LTR,Bel-Pao,N/A,1.1.3,"1,1.1,1.1.3"
Gypsy-192_DR-I,gypsy,N/A,1.1.2,"1,1.1,1.1.2"
Gypsy-193_AA-LTR,Bel-Pao,N/A,1.1.3,"1,1.1,1.1.3"
Gypsy-194B_DR-LTR,gypsy,N/A,1.1.2,"1,1.1,1.1.2"
Gypsy-194_ZM-I,gypsy,N/A,1.1.2,"1,1.1,1.1.2"
Gypsy-195_DR-LTR,Copia,N/A,1.1.1,"1,1.1,1.1.1"
BEL-2_HMM-I,I,N/A,1.4.5,"1,1.4,1.4.5"
Gypsy-196_DR-I,gypsy,N/A,1.1.2,"1,1.1,1.1.2"
Gypsy-197_AA-LTR,Copia,N/A,1.1.1,"1,1.1,1.1.1"
Gypsy-198_AA-I,gypsy,N/A,1.1.2,"1,1.1,1.1.2"
Gypsy-198_ZM-LTR,gypsy,N/A,1.1.2,"1,1.1,1.1.2"
Gypsy-199_ZM-I,gypsy,N/A,1.1.2,"1,1.1,1.1.2"
Gypsy-19_ADe-LTR,gypsy,N/A,1.1.2,"1,1.1,1.1.2"
Gypsy-19_AMi-I,gypsy,N/A,1.1.2,"1,1.1,1.1.2"
Gypsy-19_ATr-LTR,gypsy,N/A,1.1.2,"1,1.1,1.1.2"
Gypsy-19_BRa-I,gypsy,N/A,1.1.2,"1,1.1,1.1.2"
Gypsy-19_CGi-LTR,gypsy,N/A,1.1.2,"1,1.1,1.1.2"
BEL-2_LH-LTR,Bel-Pao,N/A,1.1.3,"1,1.1,1.1.3"
Gypsy-19_Crp-I,gypsy,N/A,1.1.2,"1,1.1,1.1.2"
Gypsy-19_CT-LTR,SubclassI,N/A,2.1,"2,2.1"
Gypsy-19_DEl-I,gypsy,N/A,1.1.2,"1,1.1,1.1.2"
Gypsy-19_DWil-I,gypsy,N/A,1.1.2,"1,1.1,1.1.2"
Gypsy-19_GA-I,I,N/A,1.4.5,"1,1.4,1.4.5"
Gypsy-19_GM-LTR,gypsy,N/A,1.1.2,"1,1.1,1.1.2"
Gypsy-19_LCh-I,gypsy,N/A,1.1.2,"1,1.1,1.1.2"
Gypsy-19_LH-LTR,SINE,N/A,1.5,"1,1.5"
Gypsy-19_MLP-I,gypsy,N/A,1.1.2,"1,1.1,1.1.2"
Gypsy-19_PAb-LTR,gypsy,N/A,1.1.2,"1,1.1,1.1.2"
BEL-2_PBa-LTR,Bel-Pao,N/A,1.1.3,"1,1.1,1.1.3"
Gypsy-19_PIT-I,gypsy,N/A,1.1.2,"1,1.1,1.1.2"
Gypsy-19_PMar-LTR,gypsy,N/A,1.1.2,"1,1.1,1.1.2"
Gypsy-19_RC-I,gypsy,N/A,1.1.2,"1,1.1,1.1.2"
Gypsy-19_RP-LTR,Copia,N/A,1.1.1,"1,1.1,1.1.1"
Gypsy-19_SI-I,gypsy,N/A,1.1.2,"1,1.1,1.1.2"
Gypsy-19_SSa-LTR,gypsy,N/A,1.1.2,"1,1.1,1.1.2"
Gypsy-1B_AMi-LTR,gypsy,N/A,1.1.2,"1,1.1,1.1.2"
Gypsy-1_AC-LTR,gypsy,N/A,1.1.2,"1,1.1,1.1.2"
Gypsy-1_Adi-I,gypsy,N/A,1.1.2,"1,1.1,1.1.2"
Gypsy-1_AEc-LTR,Copia,N/A,1.1.1,"1,1.1,1.1.1"
BEL-2_SSa-I,Bel-Pao,N/A,1.1.3,"1,1.1,1.1.3"
Gypsy-1_AMi-I,gypsy,N/A,1.1.2,"1,1.1,1.1.2"
Gypsy-1_ARO-LTR,gypsy,N/A,1.1.2,"1,1.1,1.1.2"
Gypsy-1_BG-I,gypsy,N/A,1.1.2,"1,1.1,1.1.2"
Gypsy-1_BRa-LTR,gypsy,N/A,1.1.2,"1,1.1,1.1.2"
Gypsy-1_CBW-I,Jockey,N/A,1.4.3,"1,1.4,1.4.3"
Gypsy-1_CCri-LTR,gypsy,N/A,1.1.2,"1,1.1,1.1.2"
Gypsy-1_CGi-I,gypsy,N/A,1.1.2,"1,1.1,1.1.2"
Gypsy-1_Cop-I,gypsy,N/A,1.1.2,"1,1.1,1.1.2"
Gypsy-1_CPB-LTR,5S,N/A,1.5.3,"1,1.5,1.5.3"
Gypsy-1_Crp-I,gypsy,N/A,1.1.2,"1,1.1,1.1.2"
ALINE,SINE,N/A,1.5,"1,1.5"
BEL-3-I_XT,Bel-Pao,N/A,1.1.3,"1,1.1,1.1.3"
Gypsy-1_CT-LTR,Copia,N/A,1.1.1,"1,1.1,1.1.1"
Gypsy-1_DBp-I,gypsy,N/A,1.1.2,"1,1.1,1.1.2"
Gypsy-1_Deu-LTR,SINE,N/A,1.5,"1,1.5"
Gypsy-1_DG-I,gypsy,N/A,1.1.2,"1,1.1,1.1.2"
Gypsy-1_DKi-LTR,Bel-Pao,N/A,1.1.3,"1,1.1,1.1.3"
Gypsy-1_DRh-I,gypsy,N/A,1.1.2,"1,1.1,1.1.2"
Gypsy-1_DSim-LTR,Bel-Pao,N/A,1.1.3,"1,1.1,1.1.3"
Gypsy-1_DWil-I,gypsy,N/A,1.1.2,"1,1.1,1.1.2"
Gypsy-1_EPa-I,gypsy,N/A,1.1.2,"1,1.1,1.1.2"
Gypsy-1_FR-LTR,tRNA,N/A,1.5.1,"1,1.5,1.5.1"
BEL-30_AA-I,L1,N/A,1.4.4,"1,1.4,1.4.4"
Gypsy-1_GDe-I,gypsy,N/A,1.1.2,"1,1.1,1.1.2"
Gypsy-1_GM-LTR,Copia,N/A,1.1.1,"1,1.1,1.1.1"
Gypsy-1_HMM-I,Bel-Pao,N/A,1.1.3,"1,1.1,1.1.3"
Gypsy-1_JC-LTR,Bel-Pao,N/A,1.1.3,"1,1.1,1.1.3"
Gypsy-1_LENY-I,gypsy,N/A,1.1.2,"1,1.1,1.1.2"
Gypsy-1_LH-LTR,DIRS,N/A,1.2,"1,1.2"
Gypsy-1_LU-I,gypsy,N/A,1.1.2,"1,1.1,1.1.2"
Gypsy-1_LWa-LTR,SubclassI,N/A,2.1,"2,2.1"
Gypsy-1_MLP-I,gypsy,N/A,1.1.2,"1,1.1,1.1.2"
Gypsy-1_NG-LTR,gypsy,N/A,1.1.2,"1,1.1,1.1.2"
BEL-31_AA-LTR,Bel-Pao,N/A,1.1.3,"1,1.1,1.1.3"
Gypsy-1_PBa-I,gypsy,N/A,1.1.2,"1,1.1,1.1.2"
Gypsy-1_PGr-I,gypsy,N/A,1.1.2,"1,1.1,1.1.2"
Gypsy-1_PMar-LTR,gypsy,N/A,1.1.2,"1,1.1,1.1.2"
Gypsy-1_PPM-LTR,tRNA,N/A,1.5.1,"1,1.5,1.5.1"
Gypsy-1_PSH-I,gypsy,N/A,1.1.2,"1,1.1,1.1.2"
Gypsy-1_PSt-LTR,Copia,N/A,1.1.1,"1,1.1,1.1.1"
Gypsy-1_RC-I,gypsy,N/A,1.1.2,"1,1.1,1.1.2"
Gypsy-1_RP-LTR,Bel-Pao,N/A,1.1.3,"1,1.1,1.1.3"
Gypsy-1_SK-I,gypsy,N/A,1.1.2,"1,1.1,1.1.2"
Gypsy-1_SPDB-LTR,gypsy,N/A,1.1.2,"1,1.1,1.1.2"
BEL-32_CQ-I,Jockey,N/A,1.4.3,"1,1.4,1.4.3"
Gypsy-1_TCa-LTR,SubclassI,N/A,2.1,"2,2.1"
Gypsy-1_Trm-LTR,gypsy,N/A,1.1.2,"1,1.1,1.1.2"
Gypsy-2-I_DP,gypsy,N/A,1.1.2,"1,1.1,1.1.2"
Gypsy-2-LTR_AF,SubclassI,N/A,2.1,"2,2.1"
Gypsy-2-LTR_PI,DIRS,N/A,1.2,"1,1.2"
Gypsy-20-I_XT,gypsy,N/A,1.1.2,"1,1.1,1.1.2"
Gypsy-200_AA-I,Bel-Pao,N/A,1.1.3,"1,1.1,1.1.3"
Gypsy-200_ZM-LTR,gypsy,N/A,1.1.2,"1,1.1,1.1.2"
Gypsy-201_ZM-I,gypsy,N/A,1.1.2,"1,1.1,1.1.2"
Gypsy-202_ZM-I,DIRS,N/A,1.2,"1,1.2"
BEL-33_CQ-LTR,Bel-Pao,N/A,1.1.3,"1,1.1,1.1.3"
Gypsy-203_ZM-I,gypsy,N/A,1.1.2,"1,1.1,1.1.2"
Gypsy-204_DR-LTR,tRNA,N/A,1.5.1,"1,1.5,1.5.1"
Gypsy-205_DR-I,RTE,N/A,1.4.2,"1,1.4,1.4.2"
Gypsy-206_DR-I,gypsy,N/A,1.1.2,"1,1.1,1.1.2"
Gypsy-207_AA-LTR,SINE,N/A,1.5,"1,1.5"
Gypsy-208_AA-I,gypsy,N/A,1.1.2,"1,1.1,1.1.2"
Gypsy-209_AA-LTR,Bel-Pao,N/A,1.1.3,"1,1.1,1.1.3"
Gypsy-20C_Crp-LTR,gypsy,N/A,1.1.2,"1,1.1,1.1.2"
Gypsy-20_Adi-I,gypsy,N/A,1.1.2,"1,1.1,1.1.2"
Gypsy-20_Ano-LTR,Copia,N/A,1.1.1,"1,1.1,1.1.1"
BEL-35_AA-I,DIRS,N/A,1.2,"1,1.2"
Gypsy-20_BG-I,gypsy,N/A,1.1.2,"1,1.1,1.1.2"
Gypsy-20_CCri-LTR,gypsy,N/A,1.1.2,"1,1.1,1.1.2"
Gypsy-20_CQ-I,Copia,N/A,1.1.1,"1,1.1,1.1.1"
Gypsy-20_CSa-LTR,Bel-Pao,N/A,1.1.3,"1,1.1,1.1.3"
Gypsy-20_DBp-I,gypsy,N/A,1.1.2,"1,1.1,1.1.2"
Gypsy-20_DTa-LTR,gypsy,N/A,1.1.2,"1,1.1,1.1.2"
Gypsy-20_FV-LTR,gypsy,N/A,1.1.2,"1,1.1,1.1.2"
Gypsy-20_GM-I,gypsy,N/A,1.1.2,"1,1.1,1.1.2"
Gypsy-20_JC-LTR,SubclassI,N/A,2.1,"2,2.1"
Gypsy-20_LH-I,Bel-Pao,N/A,1.1.3,"1,1.1,1.1.3"
BEL-36_AA-LTR,Bel-Pao,N/A,1.1.3,"1,1.1,1.1.3"
Gypsy-20_Mad-LTR__2,Copia,N/A,1.1.1,"1,1.1,1.1.1"
Gypsy-20_PAb-I,gypsy,N/A,1.1.2,"1,1.1,1.1.2"
Gypsy-20_PGr-LTR,gypsy,N/A,1.1.2,"1,1.1,1.1.2"
Gypsy-20_PMar-I,gypsy,N/A,1.1.2,"1,1.1,1.1.2"
Gypsy-20_PSo-LTR,gypsy,N/A,1.1.2,"1,1.1,1.1.2"
Gypsy-20_RP-I,RTE,N/A,1.4.2,"1,1.4,1.4.2"
Gypsy-20_SCH-LTR,gypsy,N/A,1.1.2,"1,1.1,1.1.2"
Gypsy-20_SSa-I,DIRS,N/A,1.2,"1,1.2"
Gypsy-21-I_NV,gypsy,N/A,1.1.2,"1,1.1,1.1.2"
Gypsy-21-LTR_NVi,gypsy,N/A,1.1.2,"1,1.1,1.1.2"
BEL-37_AA-I,Bel-Pao,N/A,1.1.3,"1,1.1,1.1.3"
Gypsy-210_DR-LTR,gypsy,N/A,1.1.2,"1,1.1,1.1.2"
Gypsy-212_AA-I,gypsy,N/A,1.1.2,"1,1.1,1.1.2"
Gypsy-213_DR-I,DIRS,N/A,1.2,"1,1.2"
Gypsy-215_AA-I,gypsy,N/A,1.1.2,"1,1.1,1.1.2"
Gypsy-216_DR-I,gypsy,N/A,1.1.2,"1,1.1,1.1.2"
Gypsy-217_DR-LTR,gypsy,N/A,1.1.2,"1,1.1,1.1.2"
Gypsy-219_AA-I,gypsy,N/A,1.1.2,"1,1.1,1.1.2"
Gypsy-21_AA-LTR,SubclassI,N/A,2.1,"2,2.1"
Gypsy-21_ALY-I,gypsy,N/A,1.1.2,"1,1.1,1.1.2"
Gypsy-21_Ano-LTR,gypsy,N/A,1.1.2,"1,1.1,1.1.2"
BEL-38-LTR_DR,SubclassI,N/A,2.1,"2,2.1"
Gypsy-21_BG-LTR,gypsy,N/A,1.1.2,"1,1.1,1.1.2"
Gypsy-21_CGi-I,gypsy,N/A,1.1.2,"1,1.1,1.1.2"
Gypsy-21_Crp-LTR,gypsy,N/A,1.1.2,"1,1.1,1.1.2"
Gypsy-21_DAn-I,gypsy,N/A,1.1.2,"1,1.1,1.1.2"
Gypsy-21_DPu-I,gypsy,N/A,1.1.2,"1,1.1,1.1.2"
Gypsy-21_DY-LTR,gypsy,N/A,1.1.2,"1,1.1,1.1.2"
Gypsy-21_FV-I,gypsy,N/A,1.1.2,"1,1.1,1.1.2"
Gypsy-21_Gav-LTR,gypsy,N/A,1.1.2,"1,1.1,1.1.2"
Gypsy-21_LBS-I,gypsy,N/A,1.1.2,"1,1.1,1.1.2"
Gypsy-21_LG-LTR,Copia,N/A,1.1.1,"1,1.1,1.1.1"
BEL-39_AA-I,Bel-Pao,N/A,1.1.3,"1,1.1,1.1.3"
Gypsy-21_Mad-I,gypsy,N/A,1.1.2,"1,1.1,1.1.2"
Gypsy-21_OD-LTR,Bel-Pao,N/A,1.1.3,"1,1.1,1.1.3"
Gypsy-21_PGr-I,gypsy,N/A,1.1.2,"1,1.1,1.1.2"
Gypsy-21_PM-LTR,tRNA,N/A,1.5.1,"1,1.5,1.5.1"
Gypsy-21_PSo-I,gypsy,N/A,1.1.2,"1,1.1,1.1.2"
Gypsy-21_SB-LTR,gypsy,N/A,1.1.2,"1,1.1,1.1.2"
Gypsy-21_SSa-I,gypsy,N/A,1.1.2,"1,1.1,1.1.2"
Gypsy-21_VV-LTR,gypsy,N/A,1.1.2,"1,1.1,1.1.2"
Gypsy-22-I_XT,gypsy,N/A,1.1.2,"1,1.1,1.1.2"
Gypsy-22-LTR_XT,gypsy,N/A,1.1.2,"1,1.1,1.1.2"
ALPINE2,tRNA,N/A,1.5.1,"1,1.5,1.5.1"
BEL-39_DRe-LTR,Bel-Pao,N/A,1.1.3,"1,1.1,1.1.3"
Gypsy-221_AA-I,gypsy,N/A,1.1.2,"1,1.1,1.1.2"
Gypsy-222_AA-LTR,gypsy,N/A,1.1.2,"1,1.1,1.1.2"
Gypsy-223_DR-LTR,gypsy,N/A,1.1.2,"1,1.1,1.1.2"
Gypsy-225_AA-LTR,gypsy,N/A,1.1.2,"1,1.1,1.1.2"
Gypsy-226_DR-LTR,Bel-Pao,N/A,1.1.3,"1,1.1,1.1.3"
Gypsy-228_AA-LTR,SubclassI,N/A,2.1,"2,2.1"
Gypsy-22_AA-I,gypsy,N/A,1.1.2,"1,1.1,1.1.2"
Gypsy-22_Adi-LTR,gypsy,N/A,1.1.2,"1,1.1,1.1.2"
Gypsy-22_Ano-I,gypsy,N/A,1.1.2,"1,1.1,1.1.2"
Gypsy-22_BD-LTR,gypsy,N/A,1.1.2,"1,1.1,1.1.2"
BEL-3_AEc-I,Bel-Pao,N/A,1.1.3,"1,1.1,1.1.3"
Gypsy-22_CCri-I,gypsy,N/A,1.1.2,"1,1.1,1.1.2"
Gypsy-22_CPB-LTR,SubclassI,N/A,2.1,"2,2.1"
Gypsy-22_CSa-I,gypsy,N/A,1.1.2,"1,1.1,1.1.2"
Gypsy-22_DAn-LTR,RTE,N/A,1.4.2,"1,1.4,1.4.2"
Gypsy-22_DPu-I,gypsy,N/A,1.1.2,"1,1.1,1.1.2"
Gypsy-22_DY-LTR,Transib,N/A,2.1.1.5,"2,2.1,2.1.1,2.1.1.5"
Gypsy-22_GA-I,gypsy,N/A,1.1.2,"1,1.1,1.1.2"
Gypsy-22_GM-LTR,Copia,N/A,1.1.1,"1,1.1,1.1.1"
Gypsy-22_LG-I,gypsy,N/A,1.1.2,"1,1.1,1.1.2"
Gypsy-22_LMi-LTR,Bel-Pao,N/A,1.1.3,"1,1.1,1.1.3"
BEL-3_BMa-LTR,Bel-Pao,N/A,1.1.3,"1,1.1,1.1.3"
Gypsy-22_OD-I,Bel-Pao,N/A,1.1.3,"1,1.1,1.1.3"
Gypsy-22_PBa-LTR,Bel-Pao,N/A,1.1.3,"1,1.1,1.1.3"
Gypsy-22_PM-I,gypsy,N/A,1.1.2,"1,1.1,1.1.2"
Gypsy-22_PR-LTR,5S,N/A,1.5.3,"1,1.5,1.5.3"
Gypsy-22_RO-I,gypsy,N/A,1.1.2,"1,1.1,1.1.2"
Gypsy-22_SI-LTR,DIRS,N/A,1.2,"1,1.2"
Gypsy-23-I_DR,L1,N/A,1.4.4,"1,1.4,1.4.4"
Gypsy-23-LTR_DR,Tc1-Mariner,N/A,2.1.1.1,"2,2.1,2.1.1,2.1.1.1"
Gypsy-230_AA-I,DIRS,N/A,1.2,"1,1.2"
Gypsy-231_DR-LTR,gypsy,N/A,1.1.2,"1,1.1,1.1.2"
BEL-3_CSa-I,Bel-Pao,N/A,1.1.3,"1,1.1,1.1.3"
Gypsy-233_AA-LTR,gypsy,N/A,1.1.2,"1,1.1,1.1.2"
Gypsy-235_AA-I,gypsy,N/A,1.1.2,"1,1.1,1.1.2"
Gypsy-237_AA-LTR,gypsy,N/A,1.1.2,"1,1.1,1.1.2"
Gypsy-23_AA-I,gypsy,N/A,1.1.2,"1,1.1,1.1.2"
Gypsy-23_Adi-LTR,SINE,N/A,1.5,"1,1.5"
Gypsy-23_ATr-I,gypsy,N/A,1.1.2,"1,1.1,1.1.2"
Gypsy-23_BG-LTR,gypsy,N/A,1.1.2,"1,1.1,1.1.2"
Gypsy-23_CGi-I,DIRS,N/A,1.2,"1,1.2"
Gypsy-23_CQ-LTR,SINE,N/A,1.5,"1,1.5"
Gypsy-23_CT-I,RTE,N/A,1.4.2,"1,1.4,1.4.2"
BEL-3_DAn-LTR,Bel-Pao,N/A,1.1.3,"1,1.1,1.1.3"
Gypsy-23_DEl-I,gypsy,N/A,1.1.2,"1,1.1,1.1.2"
Gypsy-23_DWil-LTR,Copia,N/A,1.1.1,"1,1.1,1.1.1"
Gypsy-23_GA-I,gypsy,N/A,1.1.2,"1,1.1,1.1.2"
Gypsy-23_GM-LTR,gypsy,N/A,1.1.2,"1,1.1,1.1.2"
Gypsy-23_LG-I,gypsy,N/A,1.1.2,"1,1.1,1.1.2"
Gypsy-23_LMi-LTR,Copia,N/A,1.1.1,"1,1.1,1.1.1"
Gypsy-23_OD-I,gypsy,N/A,1.1.2,"1,1.1,1.1.2"
Gypsy-23_PBa-LTR,Bel-Pao,N/A,1.1.3,"1,1.1,1.1.3"
Gypsy-23_PM-I,gypsy,N/A,1.1.2,"1,1.1,1.1.2"
Gypsy-23_PR-LTR,gypsy,N/A,1.1.2,"1,1.1,1.1.2"
BEL-3_DEl-I,Bel-Pao,N/A,1.1.3,"1,1.1,1.1.3"
Gypsy-23_RO-I,gypsy,N/A,1.1.2,"1,1.1,1.1.2"
Gypsy-23_SI-LTR,gypsy,N/A,1.1.2,"1,1.1,1.1.2"
Gypsy-23_VV-I,gypsy,N/A,1.1.2,"1,1.1,1.1.2"
Gypsy-24-I_SP,gypsy,N/A,1.1.2,"1,1.1,1.1.2"
Gypsy-24-LTR_SP,gypsy,N/A,1.1.2,"1,1.1,1.1.2"
Gypsy-241_AA-LTR,Bel-Pao,N/A,1.1.3,"1,1.1,1.1.3"
Gypsy-244_AA-I,gypsy,N/A,1.1.2,"1,1.1,1.1.2"
Gypsy-246_AA-LTR,SubclassI,N/A,2.1,"2,2.1"
Gypsy-249_AA-I,gypsy,N/A,1.1.2,"1,1.1,1.1.2"
Gypsy-24_AA-LTR,SINE,N/A,1.5,"1,1.5"
BEL-3_DFi-LTR,Bel-Pao,N/A,1.1.3,"1,1.1,1.1.3"
Gypsy-24_ALY-I,gypsy,N/A,1.1.2,"1,1.1,1.1.2"
Gypsy-24_ATr-LTR,gypsy,N/A,1.1.2,"1,1.1,1.1.2"
Gypsy-24_BRa-I,gypsy,N/A,1.1.2,"1,1.1,1.1.2"
Gypsy-24_CGi-LTR,Copia,N/A,1.1.1,"1,1.1,1.1.1"
Gypsy-24_CSa-LTR,gypsy,N/A,1.1.2,"1,1.1,1.1.2"
Gypsy-24_DBp-I,gypsy,N/A,1.1.2,"1,1.1,1.1.2"
Gypsy-24_DWil-I,Bel-Pao,N/A,1.1.3,"1,1.1,1.1.3"
Gypsy-24_DYa-LTR,Bel-Pao,N/A,1.1.3,"1,1.1,1.1.3"
Gypsy-24_GM-I,gypsy,N/A,1.1.2,"1,1.1,1.1.2"
Gypsy-24_LBS-LTR,SubclassI,N/A,2.1,"2,2.1"
BEL-3_DPer-I,Bel-Pao,N/A,1.1.3,"1,1.1,1.1.3"
Gypsy-24_LMi-I,gypsy,N/A,1.1.2,"1,1.1,1.1.2"
Gypsy-24_MLP-LTR,gypsy,N/A,1.1.2,"1,1.1,1.1.2"
Gypsy-24_PBa-I,gypsy,N/A,1.1.2,"1,1.1,1.1.2"
Gypsy-24_PIT-LTR,tRNA,N/A,1.5.1,"1,1.5,1.5.1"
Gypsy-24_PR-I,gypsy,N/A,1.1.2,"1,1.1,1.1.2"
Gypsy-24_RC-LTR,gypsy,N/A,1.1.2,"1,1.1,1.1.2"
Gypsy-24_SI-LTR,gypsy,N/A,1.1.2,"1,1.1,1.1.2"
Gypsy-24_VV-I,gypsy,N/A,1.1.2,"1,1.1,1.1.2"
Gypsy-25-I_NV,gypsy,N/A,1.1.2,"1,1.1,1.1.2"
Gypsy-25-LTR_NVi,Bel-Pao,N/A,1.1.3,"1,1.1,1.1.3"
BEL-3_DRh-LTR,Bel-Pao,N/A,1.1.3,"1,1.1,1.1.3"
Gypsy-251_AA-LTR,gypsy,N/A,1.1.2,"1,1.1,1.1.2"
Gypsy-254_AA-I,gypsy,N/A,1.1.2,"1,1.1,1.1.2"
Gypsy-256_AA-LTR,SubclassI,N/A,2.1,"2,2.1"
Gypsy-259_AA-I,gypsy,N/A,1.1.2,"1,1.1,1.1.2"
Gypsy-25_AA-LTR,gypsy,N/A,1.1.2,"1,1.1,1.1.2"
Gypsy-25_ALY-I,gypsy,N/A,1.1.2,"1,1.1,1.1.2"
Gypsy-25_BD-LTR,gypsy,N/A,1.1.2,"1,1.1,1.1.2"
Gypsy-25_CCri-I,gypsy,N/A,1.1.2,"1,1.1,1.1.2"
Gypsy-25_CPB-LTR,gypsy,N/A,1.1.2,"1,1.1,1.1.2"
Gypsy-25_CT-I,gypsy,N/A,1.1.2,"1,1.1,1.1.2"
BEL-3_DWil-I,Bel-Pao,N/A,1.1.3,"1,1.1,1.1.3"
Gypsy-25_DEl-I,gypsy,N/A,1.1.2,"1,1.1,1.1.2"
Gypsy-25_DPu-I,gypsy,N/A,1.1.2,"1,1.1,1.1.2"
Gypsy-25_DYa-LTR,Bel-Pao,N/A,1.1.3,"1,1.1,1.1.3"
Gypsy-25_GM-I,gypsy,N/A,1.1.2,"1,1.1,1.1.2"
Gypsy-25_LBS-LTR,gypsy,N/A,1.1.2,"1,1.1,1.1.2"
Gypsy-25_Mad-I,gypsy,N/A,1.1.2,"1,1.1,1.1.2"
Gypsy-25_OD-I,gypsy,N/A,1.1.2,"1,1.1,1.1.2"
Gypsy-25_PBa-LTR,tRNA,N/A,1.5.1,"1,1.5,1.5.1"
Gypsy-25_PMar-I,L1,N/A,1.4.4,"1,1.4,1.4.4"
Gypsy-25_PTr-I__2,gypsy,N/A,1.1.2,"1,1.1,1.1.2"
ALTR2B2_SSc,gypsy,N/A,1.1.2,"1,1.1,1.1.2"
BEL-3_GA-LTR,SubclassI,N/A,2.1,"2,2.1"
Gypsy-25_SI-I,gypsy,N/A,1.1.2,"1,1.1,1.1.2"
Gypsy-25_SSa-LTR,gypsy,N/A,1.1.2,"1,1.1,1.1.2"
Gypsy-25_XT-LTR,Copia,N/A,1.1.1,"1,1.1,1.1.1"
Gypsy-26-LTR_DR,Copia,N/A,1.1.1,"1,1.1,1.1.1"
Gypsy-261_AA-I,gypsy,N/A,1.1.2,"1,1.1,1.1.2"
Gypsy-263_AA-LTR,gypsy,N/A,1.1.2,"1,1.1,1.1.2"
Gypsy-266_AA-I,gypsy,N/A,1.1.2,"1,1.1,1.1.2"
Gypsy-268_AA-LTR,Bel-Pao,N/A,1.1.3,"1,1.1,1.1.3"
Gypsy-26_AA-I,gypsy,N/A,1.1.2,"1,1.1,1.1.2"
Gypsy-26_Adi-LTR,gypsy,N/A,1.1.2,"1,1.1,1.1.2"
BEL-3_PBa-I,Bel-Pao,N/A,1.1.3,"1,1.1,1.1.3"
Gypsy-26_Ano-I,gypsy,N/A,1.1.2,"1,1.1,1.1.2"
Gypsy-26_BG-I,gypsy,N/A,1.1.2,"1,1.1,1.1.2"
Gypsy-26_CCri-LTR,gypsy,N/A,1.1.2,"1,1.1,1.1.2"
Gypsy-26_CQ-I,Bel-Pao,N/A,1.1.3,"1,1.1,1.1.3"
Gypsy-26_CT-LTR,Copia,N/A,1.1.1,"1,1.1,1.1.1"
Gypsy-26_DP-I,gypsy,N/A,1.1.2,"1,1.1,1.1.2"
Gypsy-26_DPu-LTR,gypsy,N/A,1.1.2,"1,1.1,1.1.2"
Gypsy-26_GA-I,gypsy,N/A,1.1.2,"1,1.1,1.1.2"
Gypsy-26_IS-LTR,gypsy,N/A,1.1.2,"1,1.1,1.1.2"
Gypsy-26_LMi-I,DIRS,N/A,1.2,"1,1.2"
BEL-3_PMar-LTR,gypsy,N/A,1.1.2,"1,1.1,1.1.2"
Gypsy-26_MLP-LTR,gypsy,N/A,1.1.2,"1,1.1,1.1.2"
Gypsy-26_PIT-I,gypsy,N/A,1.1.2,"1,1.1,1.1.2"
Gypsy-26_PMar-LTR,gypsy,N/A,1.1.2,"1,1.1,1.1.2"
Gypsy-26_SB-LTR,tRNA,N/A,1.5.1,"1,1.5,1.5.1"
Gypsy-26_SSa-I,gypsy,N/A,1.1.2,"1,1.1,1.1.2"
Gypsy-26_TC-LTR,gypsy,N/A,1.1.2,"1,1.1,1.1.2"
Gypsy-27-I_DR,gypsy,N/A,1.1.2,"1,1.1,1.1.2"
Gypsy-27-LTR_NV,gypsy,N/A,1.1.2,"1,1.1,1.1.2"
Gypsy-271_AA-LTR,gypsy,N/A,1.1.2,"1,1.1,1.1.2"
Gypsy-274_AA-I,gypsy,N/A,1.1.2,"1,1.1,1.1.2"
BEL-4-I_HM,Bel-Pao,N/A,1.1.3,"1,1.1,1.1.3"
Gypsy-276_AA-LTR,SINE,N/A,1.5,"1,1.5"
Gypsy-279_AA-I,Bel-Pao,N/A,1.1.3,"1,1.1,1.1.3"
Gypsy-27_ADe-LTR,gypsy,N/A,1.1.2,"1,1.1,1.1.2"
Gypsy-27_AMi-I,gypsy,N/A,1.1.2,"1,1.1,1.1.2"
Gypsy-27_BD-LTR,tRNA,N/A,1.5.1,"1,1.5,1.5.1"
Gypsy-27_CCri-I,gypsy,N/A,1.1.2,"1,1.1,1.1.2"
Gypsy-27_CPB-LTR,gypsy,N/A,1.1.2,"1,1.1,1.1.2"
Gypsy-27_CT-I,gypsy,N/A,1.1.2,"1,1.1,1.1.2"
Gypsy-27_DEl-I,gypsy,N/A,1.1.2,"1,1.1,1.1.2"
Gypsy-27_DPu-LTR,tRNA,N/A,1.5.1,"1,1.5,1.5.1"
BEL-4-LTR_XT,Bel-Pao,N/A,1.1.3,"1,1.1,1.1.3"
Gypsy-27_GA-I,gypsy,N/A,1.1.2,"1,1.1,1.1.2"
Gypsy-27_LBS-LTR,gypsy,N/A,1.1.2,"1,1.1,1.1.2"
Gypsy-27_MLP-I,gypsy,N/A,1.1.2,"1,1.1,1.1.2"
Gypsy-27_PAb-LTR,Copia,N/A,1.1.1,"1,1.1,1.1.1"
Gypsy-27_PMar-I,gypsy,N/A,1.1.2,"1,1.1,1.1.2"
Gypsy-27_PTr-LTR,gypsy,N/A,1.1.2,"1,1.1,1.1.2"
Gypsy-27_SP-I,Copia,N/A,1.1.1,"1,1.1,1.1.1"
Gypsy-27_ST-LTR,Copia,N/A,1.1.1,"1,1.1,1.1.1"
Gypsy-28-I_DR,gypsy,N/A,1.1.2,"1,1.1,1.1.2"
Gypsy-28-LTR_NV,gypsy,N/A,1.1.2,"1,1.1,1.1.2"
BEL-40_DRe-I,Bel-Pao,N/A,1.1.3,"1,1.1,1.1.3"
Gypsy-281_AA-LTR,Bel-Pao,N/A,1.1.3,"1,1.1,1.1.3"
Gypsy-284_AA-I,gypsy,N/A,1.1.2,"1,1.1,1.1.2"
Gypsy-286_AA-LTR,gypsy,N/A,1.1.2,"1,1.1,1.1.2"
Gypsy-289_AA-I,SubclassI,N/A,2.1,"2,2.1"
Gypsy-28B_SSa-LTR,gypsy,N/A,1.1.2,"1,1.1,1.1.2"
Gypsy-28_Adi-I,gypsy,N/A,1.1.2,"1,1.1,1.1.2"
Gypsy-28_AMi-LTR,gypsy,N/A,1.1.2,"1,1.1,1.1.2"
Gypsy-28_BG-I,gypsy,N/A,1.1.2,"1,1.1,1.1.2"
Gypsy-28_CCri-LTR,gypsy,N/A,1.1.2,"1,1.1,1.1.2"
Gypsy-28_CQ-I,gypsy,N/A,1.1.2,"1,1.1,1.1.2"
BEL-41_CQ-LTR,Bel-Pao,N/A,1.1.3,"1,1.1,1.1.3"
Gypsy-28_DAn-LTR,Jockey,N/A,1.4.3,"1,1.4,1.4.3"
Gypsy-28_DPu-LTR,gypsy,N/A,1.1.2,"1,1.1,1.1.2"
Gypsy-28_GA-I,gypsy,N/A,1.1.2,"1,1.1,1.1.2"
Gypsy-28_LMi-LTR,gypsy,N/A,1.1.2,"1,1.1,1.1.2"
Gypsy-28_OD-I,gypsy,N/A,1.1.2,"1,1.1,1.1.2"
Gypsy-28_PIT-LTR,tRNA,N/A,1.5.1,"1,1.5,1.5.1"
Gypsy-28_PSo-LTR,gypsy,N/A,1.1.2,"1,1.1,1.1.2"
Gypsy-28_SB-I,gypsy,N/A,1.1.2,"1,1.1,1.1.2"
Gypsy-28_SP-LTR,Bel-Pao,N/A,1.1.3,"1,1.1,1.1.3"
Gypsy-28_VV-I,Copia,N/A,1.1.1,"1,1.1,1.1.1"
BEL-42_CQ-I,Bel-Pao,N/A,1.1.3,"1,1.1,1.1.3"
Gypsy-29-LTR_DR,SINE,N/A,1.5,"1,1.5"
Gypsy-291_AA-I,gypsy,N/A,1.1.2,"1,1.1,1.1.2"
Gypsy-293_AA-LTR,Copia,N/A,1.1.1,"1,1.1,1.1.1"
Gypsy-296_AA-I,gypsy,N/A,1.1.2,"1,1.1,1.1.2"
Gypsy-298_AA-LTR,Bel-Pao,N/A,1.1.3,"1,1.1,1.1.3"
Gypsy-29_AA-I,gypsy,N/A,1.1.2,"1,1.1,1.1.2"
Gypsy-29_Adi-LTR,gypsy,N/A,1.1.2,"1,1.1,1.1.2"
Gypsy-29_ATr-I,gypsy,N/A,1.1.2,"1,1.1,1.1.2"
Gypsy-29_BG-LTR,gypsy,N/A,1.1.2,"1,1.1,1.1.2"
Gypsy-29_CGi-I,gypsy,N/A,1.1.2,"1,1.1,1.1.2"
BEL-43_AA-LTR,Bel-Pao,N/A,1.1.3,"1,1.1,1.1.3"
Gypsy-29_CQ-LTR,Copia,N/A,1.1.1,"1,1.1,1.1.1"
Gypsy-29_DEl-I,gypsy,N/A,1.1.2,"1,1.1,1.1.2"
Gypsy-29_DYa-I,gypsy,N/A,1.1.2,"1,1.1,1.1.2"
Gypsy-29_GM-LTR,gypsy,N/A,1.1.2,"1,1.1,1.1.2"
Gypsy-29_MLP-I,gypsy,N/A,1.1.2,"1,1.1,1.1.2"
Gypsy-29_PAb-LTR,gypsy,N/A,1.1.2,"1,1.1,1.1.2"
Gypsy-29_PMar-LTR,gypsy,N/A,1.1.2,"1,1.1,1.1.2"
Gypsy-29_RC-I,LTR,N/A,1.1,"1,1.1"
Gypsy-29_SI-LTR,gypsy,N/A,1.1.2,"1,1.1,1.1.2"
Gypsy-29_ST-I,gypsy,N/A,1.1.2,"1,1.1,1.1.2"
BEL-44_AA-I,Bel-Pao,N/A,1.1.3,"1,1.1,1.1.3"
Gypsy-2B_CCri-I,gypsy,N/A,1.1.2,"1,1.1,1.1.2"
Gypsy-2D_CCri-I,gypsy,N/A,1.1.2,"1,1.1,1.1.2"
Gypsy-2H_CCri-I,gypsy,N/A,1.1.2,"1,1.1,1.1.2"
Gypsy-2_AC-I,gypsy,N/A,1.1.2,"1,1.1,1.1.2"
Gypsy-2_ADe-LTR,gypsy,N/A,1.1.2,"1,1.1,1.1.2"
Gypsy-2_ALY-I,gypsy,N/A,1.1.2,"1,1.1,1.1.2"
Gypsy-2_AMi-LTR,gypsy,N/A,1.1.2,"1,1.1,1.1.2"
Gypsy-2_BFB-LTR,gypsy,N/A,1.1.2,"1,1.1,1.1.2"
Gypsy-2_BRa-I,gypsy,N/A,1.1.2,"1,1.1,1.1.2"
Gypsy-2_CCO-LTR,Copia,N/A,1.1.1,"1,1.1,1.1.1"
ALTR2C_BT,L1,N/A,1.4.4,"1,1.4,1.4.4"
BEL-44_DRe-LTR,SubclassI,N/A,2.1,"2,2.1"
Gypsy-2_CGi-I,gypsy,N/A,1.1.2,"1,1.1,1.1.2"
Gypsy-2_CP-I,gypsy,N/A,1.1.2,"1,1.1,1.1.2"
Gypsy-2_CPu-LTR,gypsy,N/A,1.1.2,"1,1.1,1.1.2"
Gypsy-2_CSa-I,DIRS,N/A,1.2,"1,1.2"
Gypsy-2_DAn-LTR,gypsy,N/A,1.1.2,"1,1.1,1.1.2"
Gypsy-2_DEl-I,gypsy,N/A,1.1.2,"1,1.1,1.1.2"
Gypsy-2_DFa-LTR,SubclassI,N/A,2.1,"2,2.1"
Gypsy-2_DKi-I,gypsy,N/A,1.1.2,"1,1.1,1.1.2"
Gypsy-2_DPu-LTR,SubclassI,N/A,2.1,"2,2.1"
Gypsy-2_DSim-I,gypsy,N/A,1.1.2,"1,1.1,1.1.2"
BEL-45_DRe-I,L1,N/A,1.4.4,"1,1.4,1.4.4"
Gypsy-2_DVir-LTR,gypsy,N/A,1.1.2,"1,1.1,1.1.2"
Gypsy-2_EPa-I,gypsy,N/A,1.1.2,"1,1.1,1.1.2"
Gypsy-2_FV-LTR,gypsy,N/A,1.1.2,"1,1.1,1.1.2"
Gypsy-2_GDe-I,gypsy,N/A,1.1.2,"1,1.1,1.1.2"
Gypsy-2_HMM-LTR,Bel-Pao,N/A,1.1.3,"1,1.1,1.1.3"
Gypsy-2_LBS-I,gypsy,N/A,1.1.2,"1,1.1,1.1.2"
Gypsy-2_LENY-LTR,gypsy,N/A,1.1.2,"1,1.1,1.1.2"
Gypsy-2_LU-I,gypsy,N/A,1.1.2,"1,1.1,1.1.2"
Gypsy-2_Mad-LTR,gypsy,N/A,1.1.2,"1,1.1,1.1.2"
Gypsy-2_MVPL-I,gypsy,N/A,1.1.2,"1,1.1,1.1.2"
BEL-46_CQ-LTR,Bel-Pao,N/A,1.1.3,"1,1.1,1.1.3"
Gypsy-2_PAb-LTR,LINE,N/A,1.4,"1,1.4"
Gypsy-2_PD-I,gypsy,N/A,1.1.2,"1,1.1,1.1.2"
Gypsy-2_PMar-I,gypsy,N/A,1.1.2,"1,1.1,1.1.2"
Gypsy-2_PPI-LTR,gypsy,N/A,1.1.2,"1,1.1,1.1.2"
Gypsy-2_PR-I,gypsy,N/A,1.1.2,"1,1.1,1.1.2"
Gypsy-2_PSH-LTR,gypsy,N/A,1.1.2,"1,1.1,1.1.2"
Gypsy-2_PTrit-I,gypsy,N/A,1.1.2,"1,1.1,1.1.2"
Gypsy-2_RC-LTR,gypsy,N/A,1.1.2,"1,1.1,1.1.2"
Gypsy-2_SCH-I,gypsy,N/A,1.1.2,"1,1.1,1.1.2"
Gypsy-2_SK-LTR,gypsy,N/A,1.1.2,"1,1.1,1.1.2"
BEL-47_CQ-I,Bel-Pao,N/A,1.1.3,"1,1.1,1.1.3"
Gypsy-2_SSa-I,gypsy,N/A,1.1.2,"1,1.1,1.1.2"
Gypsy-2_TCa-LTR,Copia,N/A,1.1.1,"1,1.1,1.1.1"
Gypsy-2_XT-I,DIRS,N/A,1.2,"1,1.2"
Gypsy-3-I_TA,gypsy,N/A,1.1.2,"1,1.1,1.1.2"
Gypsy-3-LTR_NV,SubclassI,N/A,2.1,"2,2.1"
Gypsy-30-I_NVi,gypsy,N/A,1.1.2,"1,1.1,1.1.2"
Gypsy-30_AA-LTR,gypsy,N/A,1.1.2,"1,1.1,1.1.2"
Gypsy-30_ALY-I,gypsy,N/A,1.1.2,"1,1.1,1.1.2"
Gypsy-30_ATr-LTR,gypsy,N/A,1.1.2,"1,1.1,1.1.2"
Gypsy-30_BRa-I,gypsy,N/A,1.1.2,"1,1.1,1.1.2"
BEL-48_AA-LTR,Bel-Pao,N/A,1.1.3,"1,1.1,1.1.3"
Gypsy-30_CGi-LTR,SubclassI,N/A,2.1,"2,2.1"
Gypsy-30_CT-I,Jockey,N/A,1.4.3,"1,1.4,1.4.3"
Gypsy-30_DEl-LTR,gypsy,N/A,1.1.2,"1,1.1,1.1.2"
Gypsy-30_DYa-I,L1,N/A,1.4.4,"1,1.4,1.4.4"
Gypsy-30_LMi-LTR,SINE,N/A,1.5,"1,1.5"
Gypsy-30_OD-I,Bel-Pao,N/A,1.1.3,"1,1.1,1.1.3"
Gypsy-30_PIT-LTR,Copia,N/A,1.1.1,"1,1.1,1.1.1"
Gypsy-30_PSo-I,gypsy,N/A,1.1.2,"1,1.1,1.1.2"
Gypsy-30_SI-I,gypsy,N/A,1.1.2,"1,1.1,1.1.2"
Gypsy-30_SSa-LTR,Copia,N/A,1.1.1,"1,1.1,1.1.1"
BEL-49_AA-I,Bel-Pao,N/A,1.1.3,"1,1.1,1.1.3"
Gypsy-31-I_DR,gypsy,N/A,1.1.2,"1,1.1,1.1.2"
Gypsy-31-LTR_NVi,Copia,N/A,1.1.1,"1,1.1,1.1.1"
Gypsy-31_ADe-I,gypsy,N/A,1.1.2,"1,1.1,1.1.2"
Gypsy-31_ALY-LTR,gypsy,N/A,1.1.2,"1,1.1,1.1.2"
Gypsy-31_BD-I,gypsy,N/A,1.1.2,"1,1.1,1.1.2"
Gypsy-31_BRa-LTR,Copia,N/A,1.1.1,"1,1.1,1.1.1"
Gypsy-31_CQ-I,gypsy,N/A,1.1.2,"1,1.1,1.1.2"
Gypsy-31_DAn-LTR,gypsy,N/A,1.1.2,"1,1.1,1.1.2"
Gypsy-31_DPu-I,gypsy,N/A,1.1.2,"1,1.1,1.1.2"
Gypsy-31_DYa-LTR,gypsy,N/A,1.1.2,"1,1.1,1.1.2"
BEL-49_DRe-LTR,Bel-Pao,N/A,1.1.3,"1,1.1,1.1.3"
Gypsy-31_LMi-I,gypsy,N/A,1.1.2,"1,1.1,1.1.2"
Gypsy-31_MLP-LTR,gypsy,N/A,1.1.2,"1,1.1,1.1.2"
Gypsy-31_PIT-I,gypsy,N/A,1.1.2,"1,1.1,1.1.2"
Gypsy-31_PMar-LTR,gypsy,N/A,1.1.2,"1,1.1,1.1.2"
Gypsy-31_SB-I,gypsy,N/A,1.1.2,"1,1.1,1.1.2"
Gypsy-31_SSa-LTR,gypsy,N/A,1.1.2,"1,1.1,1.1.2"
Gypsy-32-I_DR,gypsy,N/A,1.1.2,"1,1.1,1.1.2"
Gypsy-32-LTR_NVi,Bel-Pao,N/A,1.1.3,"1,1.1,1.1.3"
Gypsy-32_Adi-I,gypsy,N/A,1.1.2,"1,1.1,1.1.2"
Gypsy-32_ATr-LTR,gypsy,N/A,1.1.2,"1,1.1,1.1.2"
BEL-4_Ano-I,Bel-Pao,N/A,1.1.3,"1,1.1,1.1.3"
Gypsy-32_BRa-I,gypsy,N/A,1.1.2,"1,1.1,1.1.2"
Gypsy-32_CGi-LTR,gypsy,N/A,1.1.2,"1,1.1,1.1.2"
Gypsy-32_CT-I,gypsy,N/A,1.1.2,"1,1.1,1.1.2"
Gypsy-32_DP-I,gypsy,N/A,1.1.2,"1,1.1,1.1.2"
Gypsy-32_DWil-LTR,gypsy,N/A,1.1.2,"1,1.1,1.1.2"
Gypsy-32_GM-I,gypsy,N/A,1.1.2,"1,1.1,1.1.2"
Gypsy-32_Mad-LTR,gypsy,N/A,1.1.2,"1,1.1,1.1.2"
Gypsy-32_PAb-I,gypsy,N/A,1.1.2,"1,1.1,1.1.2"
Gypsy-32_PMar-I,gypsy,N/A,1.1.2,"1,1.1,1.1.2"
Gypsy-32_PT-LTR,Copia,N/A,1.1.1,"1,1.1,1.1.1"
BEL-4_CQ-LTR,Bel-Pao,N/A,1.1.3,"1,1.1,1.1.3"
Gypsy-32_SP-I,RTE,N/A,1.4.2,"1,1.4,1.4.2"
Gypsy-32_ST-LTR,gypsy,N/A,1.1.2,"1,1.1,1.1.2"
Gypsy-33-I_NVi,gypsy,N/A,1.1.2,"1,1.1,1.1.2"
Gypsy-33B_ATr-LTR,gypsy,N/A,1.1.2,"1,1.1,1.1.2"
Gypsy-33_Adi-I,gypsy,N/A,1.1.2,"1,1.1,1.1.2"
Gypsy-33_ATr-LTR,gypsy,N/A,1.1.2,"1,1.1,1.1.2"
Gypsy-33_BRa-I,gypsy,N/A,1.1.2,"1,1.1,1.1.2"
Gypsy-33_CGi-LTR,gypsy,N/A,1.1.2,"1,1.1,1.1.2"
Gypsy-33_CT-LTR,gypsy,N/A,1.1.2,"1,1.1,1.1.2"
Gypsy-33_DPu-LTR,gypsy,N/A,1.1.2,"1,1.1,1.1.2"
BEL-4_DAn-I,Bel-Pao,N/A,1.1.3,"1,1.1,1.1.3"
Gypsy-33_GM-I,gypsy,N/A,1.1.2,"1,1.1,1.1.2"
Gypsy-33_Mad-LTR,gypsy,N/A,1.1.2,"1,1.1,1.1.2"
Gypsy-33_PAb-I,gypsy,N/A,1.1.2,"1,1.1,1.1.2"
Gypsy-33_PM-LTR,gypsy,N/A,1.1.2,"1,1.1,1.1.2"
Gypsy-33_PT-I,gypsy,N/A,1.1.2,"1,1.1,1.1.2"
Gypsy-33_SI-LTR,Bel-Pao,N/A,1.1.3,"1,1.1,1.1.3"
Gypsy-33_VV-I,gypsy,N/A,1.1.2,"1,1.1,1.1.2"
Gypsy-34-LTR_NV,SINE,N/A,1.5,"1,1.5"
Gypsy-34_Adi-I,gypsy,N/A,1.1.2,"1,1.1,1.1.2"
Gypsy-34_AMi-LTR,gypsy,N/A,1.1.2,"1,1.1,1.1.2"
ALTR39_BT,Tc1-Mariner,N/A,2.1.1.1,"2,2.1,2.1.1,2.1.1.1"
BEL-4_DBp-LTR,Bel-Pao,N/A,1.1.3,"1,1.1,1.1.3"
Gypsy-34_BG-I,LINE,N/A,1.4,"1,1.4"
Gypsy-34_CCri-LTR,gypsy,N/A,1.1.2,"1,1.1,1.1.2"
Gypsy-34_CQ-I,gypsy,N/A,1.1.2,"1,1.1,1.1.2"
Gypsy-34_DAn-LTR,gypsy,N/A,1.1.2,"1,1.1,1.1.2"
Gypsy-34_DWil-LTR,gypsy,N/A,1.1.2,"1,1.1,1.1.2"
Gypsy-34_LMi-I,gypsy,N/A,1.1.2,"1,1.1,1.1.2"
Gypsy-34_MLP-LTR,gypsy,N/A,1.1.2,"1,1.1,1.1.2"
Gypsy-34_PAb-I,Tc1-Mariner,N/A,2.1.1.1,"2,2.1,2.1.1,2.1.1.1"
Gypsy-34_PMar-I,gypsy,N/A,1.1.2,"1,1.1,1.1.2"
Gypsy-34_PT-LTR,Copia,N/A,1.1.1,"1,1.1,1.1.1"
BEL-4_DFi-I,PIF-Harbinger,N/A,2.1.1.8,"2,2.1,2.1.1,2.1.1.8"
Gypsy-34_ST-I,gypsy,N/A,1.1.2,"1,1.1,1.1.2"
Gypsy-35-LTR_NV,gypsy,N/A,1.1.2,"1,1.1,1.1.2"
Gypsy-35_Adi-I,RTE,N/A,1.4.2,"1,1.4,1.4.2"
Gypsy-35_AMi-LTR,tRNA,N/A,1.5.1,"1,1.5,1.5.1"
Gypsy-35_BG-I,gypsy,N/A,1.1.2,"1,1.1,1.1.2"
Gypsy-35_CCri-LTR,gypsy,N/A,1.1.2,"1,1.1,1.1.2"
Gypsy-35_CQ-LTR,gypsy,N/A,1.1.2,"1,1.1,1.1.2"
Gypsy-35_DEl-I,gypsy,N/A,1.1.2,"1,1.1,1.1.2"
Gypsy-35_GA-I,gypsy,N/A,1.1.2,"1,1.1,1.1.2"
Gypsy-35_LMi-LTR,gypsy,N/A,1.1.2,"1,1.1,1.1.2"
BEL-4_DPer-LTR,Bel-Pao,N/A,1.1.3,"1,1.1,1.1.3"
Gypsy-35_NVi-I,gypsy,N/A,1.1.2,"1,1.1,1.1.2"
Gypsy-35_PAb-LTR,gypsy,N/A,1.1.2,"1,1.1,1.1.2"
Gypsy-35_PMar-I,gypsy,N/A,1.1.2,"1,1.1,1.1.2"
Gypsy-35_PT-LTR,Copia,N/A,1.1.1,"1,1.1,1.1.1"
Gypsy-35_ST-LTR,gypsy,N/A,1.1.2,"1,1.1,1.1.2"
Gypsy-36C_ATr-LTR,gypsy,N/A,1.1.2,"1,1.1,1.1.2"
Gypsy-36_ALy-I,gypsy,N/A,1.1.2,"1,1.1,1.1.2"
Gypsy-36_ATr-LTR,Bel-Pao,N/A,1.1.3,"1,1.1,1.1.3"
Gypsy-36_BRa-I,gypsy,N/A,1.1.2,"1,1.1,1.1.2"
Gypsy-36_CGi-LTR,LINE,N/A,1.4,"1,1.4"
BEL-4_DRh-I,Bel-Pao,N/A,1.1.3,"1,1.1,1.1.3"
Gypsy-36_DAn-LTR,gypsy,N/A,1.1.2,"1,1.1,1.1.2"
Gypsy-36_DWil-LTR,gypsy,N/A,1.1.2,"1,1.1,1.1.2"
Gypsy-36_LMi-I,gypsy,N/A,1.1.2,"1,1.1,1.1.2"
Gypsy-36_MLP-LTR,gypsy,N/A,1.1.2,"1,1.1,1.1.2"
Gypsy-36_PAb-I,gypsy,N/A,1.1.2,"1,1.1,1.1.2"
Gypsy-36_PMar-I,R2,N/A,1.4.1,"1,1.4,1.4.1"
Gypsy-36_PT-LTR,Copia,N/A,1.1.1,"1,1.1,1.1.1"
Gypsy-36_ST-I,gypsy,N/A,1.1.2,"1,1.1,1.1.2"
Gypsy-37_AA-I,gypsy,N/A,1.1.2,"1,1.1,1.1.2"
Gypsy-37_AMi-LTR,gypsy,N/A,1.1.2,"1,1.1,1.1.2"
BEL-4_DVir-LTR,tRNA,N/A,1.5.1,"1,1.5,1.5.1"
Gypsy-37_BG-LTR,Bel-Pao,N/A,1.1.3,"1,1.1,1.1.3"
Gypsy-37_CGi-I,gypsy,N/A,1.1.2,"1,1.1,1.1.2"
Gypsy-37_CQ-LTR,Bel-Pao,N/A,1.1.3,"1,1.1,1.1.3"
Gypsy-37_DPu-LTR,Copia,N/A,1.1.1,"1,1.1,1.1.1"
Gypsy-37_GM-I,gypsy,N/A,1.1.2,"1,1.1,1.1.2"
Gypsy-37_Mad-LTR,gypsy,N/A,1.1.2,"1,1.1,1.1.2"
Gypsy-37_OD-I,RTE,N/A,1.4.2,"1,1.4,1.4.2"
Gypsy-37_PIT-LTR,tRNA,N/A,1.5.1,"1,1.5,1.5.1"
Gypsy-37_PSo-LTR,tRNA,N/A,1.5.1,"1,1.5,1.5.1"
Gypsy-37_SSa-I,gypsy,N/A,1.1.2,"1,1.1,1.1.2"
BEL-4_GA-I,Bel-Pao,N/A,1.1.3,"1,1.1,1.1.3"
Gypsy-38-LTR_NV,Copia,N/A,1.1.1,"1,1.1,1.1.1"
Gypsy-38_Adi-LTR,Bel-Pao,N/A,1.1.3,"1,1.1,1.1.3"
Gypsy-38_BD-LTR,gypsy,N/A,1.1.2,"1,1.1,1.1.2"
Gypsy-38_CCri-I,gypsy,N/A,1.1.2,"1,1.1,1.1.2"
Gypsy-38_CPB-LTR,SINE,N/A,1.5,"1,1.5"
Gypsy-38_DEl-I,gypsy,N/A,1.1.2,"1,1.1,1.1.2"
Gypsy-38_GA-I,DIRS,N/A,1.2,"1,1.2"
Gypsy-38_LMi-LTR,Bel-Pao,N/A,1.1.3,"1,1.1,1.1.3"
Gypsy-38_NVi-I,gypsy,N/A,1.1.2,"1,1.1,1.1.2"
Gypsy-38_PAb-LTR,gypsy,N/A,1.1.2,"1,1.1,1.1.2"
BEL-4_LH-LTR,Bel-Pao,N/A,1.1.3,"1,1.1,1.1.3"
Gypsy-38_PMar-I,gypsy,N/A,1.1.2,"1,1.1,1.1.2"
Gypsy-38_SB-LTR,gypsy,N/A,1.1.2,"1,1.1,1.1.2"
Gypsy-39-I_NV,DIRS,N/A,1.2,"1,1.2"
Gypsy-39_AA-LTR,Bel-Pao,N/A,1.1.3,"1,1.1,1.1.3"
Gypsy-39_BD-I,gypsy,N/A,1.1.2,"1,1.1,1.1.2"
Gypsy-39_BRa-LTR,gypsy,N/A,1.1.2,"1,1.1,1.1.2"
Gypsy-39_CPB-LTR,gypsy,N/A,1.1.2,"1,1.1,1.1.2"
Gypsy-39_DPu-I,gypsy,N/A,1.1.2,"1,1.1,1.1.2"
Gypsy-39_GM-I,gypsy,N/A,1.1.2,"1,1.1,1.1.2"
Gypsy-39_Mad-LTR,gypsy,N/A,1.1.2,"1,1.1,1.1.2"
BEL-4_SSa-I,Bel-Pao,N/A,1.1.3,"1,1.1,1.1.3"
Gypsy-39_PAb-LTR,I,N/A,1.4.5,"1,1.4,1.4.5"
Gypsy-39_PMar-LTR,gypsy,N/A,1.1.2,"1,1.1,1.1.2"
Gypsy-39_SSa-I,gypsy,N/A,1.1.2,"1,1.1,1.1.2"
Gypsy-3C_Crp-LTR,gypsy,N/A,1.1.2,"1,1.1,1.1.2"
Gypsy-3_ACe-I,gypsy,N/A,1.1.2,"1,1.1,1.1.2"
Gypsy-3_Adi-LTR,gypsy,N/A,1.1.2,"1,1.1,1.1.2"
Gypsy-3_AM-I,gypsy,N/A,1.1.2,"1,1.1,1.1.2"
Gypsy-3_Ano-LTR,gypsy,N/A,1.1.2,"1,1.1,1.1.2"
Gypsy-3_BD-LTR,gypsy,N/A,1.1.2,"1,1.1,1.1.2"
Gypsy-3_BRa-I,gypsy,N/A,1.1.2,"1,1.1,1.1.2"
BEL-5-LTR_HM,Bel-Pao,N/A,1.1.3,"1,1.1,1.1.3"
Gypsy-3_CCri-LTR,gypsy,N/A,1.1.2,"1,1.1,1.1.2"
Gypsy-3_CH,gypsy,N/A,1.1.2,"1,1.1,1.1.2"
Gypsy-3_CPu-I,gypsy,N/A,1.1.2,"1,1.1,1.1.2"
Gypsy-3_Crp-LTR,gypsy,N/A,1.1.2,"1,1.1,1.1.2"
Gypsy-3_DAn-I,gypsy,N/A,1.1.2,"1,1.1,1.1.2"
Gypsy-3_DBp-LTR,Bel-Pao,N/A,1.1.3,"1,1.1,1.1.3"
Gypsy-3_DFi-I,gypsy,N/A,1.1.2,"1,1.1,1.1.2"
Gypsy-3_DKi-LTR,Bel-Pao,N/A,1.1.3,"1,1.1,1.1.3"
Gypsy-3_DRh-I,gypsy,N/A,1.1.2,"1,1.1,1.1.2"
Gypsy-3_DSim-LTR,SubclassI,N/A,2.1,"2,2.1"
BEL-50_CQ-I,Bel-Pao,N/A,1.1.3,"1,1.1,1.1.3"
Gypsy-3_DWil-I,gypsy,N/A,1.1.2,"1,1.1,1.1.2"
Gypsy-3_EPa-LTR,gypsy,N/A,1.1.2,"1,1.1,1.1.2"
Gypsy-3_GA-I,gypsy,N/A,1.1.2,"1,1.1,1.1.2"
Gypsy-3_GDe-LTR,gypsy,N/A,1.1.2,"1,1.1,1.1.2"
Gypsy-3_HV-LTR,gypsy,N/A,1.1.2,"1,1.1,1.1.2"
Gypsy-3_LBS-I,gypsy,N/A,1.1.2,"1,1.1,1.1.2"
Gypsy-3_LENY-LTR,gypsy,N/A,1.1.2,"1,1.1,1.1.2"
Gypsy-3_LMi-I,gypsy,N/A,1.1.2,"1,1.1,1.1.2"
Gypsy-3_Mad-LTR__2,gypsy,N/A,1.1.2,"1,1.1,1.1.2"
Gypsy-3_PAb-I,gypsy,N/A,1.1.2,"1,1.1,1.1.2"
Alu2_TS,7SL,N/A,1.5.2,"1,1.5,1.5.2"
BEL-51_AA-LTR,Bel-Pao,N/A,1.1.3,"1,1.1,1.1.3"
Gypsy-3_PCR-LTR,gypsy,N/A,1.1.2,"1,1.1,1.1.2"
Gypsy-3_PIT-LTR,tRNA,N/A,1.5.1,"1,1.5,1.5.1"
Gypsy-3_PPI-I,gypsy,N/A,1.1.2,"1,1.1,1.1.2"
Gypsy-3_PPP-LTR,gypsy,N/A,1.1.2,"1,1.1,1.1.2"
Gypsy-3_PSH-I,gypsy,N/A,1.1.2,"1,1.1,1.1.2"
Gypsy-3_PTrit-I,gypsy,N/A,1.1.2,"1,1.1,1.1.2"
Gypsy-3_RC-LTR,gypsy,N/A,1.1.2,"1,1.1,1.1.2"
Gypsy-3_SCH-I,DIRS,N/A,1.2,"1,1.2"
Gypsy-3_SMo-LTR,SubclassI,N/A,2.1,"2,2.1"
Gypsy-3_TC-I,gypsy,N/A,1.1.2,"1,1.1,1.1.2"
BEL-52_AA-I,Bel-Pao,N/A,1.1.3,"1,1.1,1.1.3"
Gypsy-3_TMe-LTR,gypsy,N/A,1.1.2,"1,1.1,1.1.2"
Gypsy-4-I_AF,Bel-Pao,N/A,1.1.3,"1,1.1,1.1.3"
Gypsy-4-I_XT,gypsy,N/A,1.1.2,"1,1.1,1.1.2"
Gypsy-4-LTR_TA,gypsy,N/A,1.1.2,"1,1.1,1.1.2"
Gypsy-40_AA-I,gypsy,N/A,1.1.2,"1,1.1,1.1.2"
Gypsy-40_ATr-LTR,Copia,N/A,1.1.1,"1,1.1,1.1.1"
Gypsy-40_BRa-I,gypsy,N/A,1.1.2,"1,1.1,1.1.2"
Gypsy-40_CPB-LTR,gypsy,N/A,1.1.2,"1,1.1,1.1.2"
Gypsy-40_DEl-I,gypsy,N/A,1.1.2,"1,1.1,1.1.2"
Gypsy-40_GA-LTR,Copia,N/A,1.1.1,"1,1.1,1.1.1"
BEL-52_DRe-LTR,Bel-Pao,N/A,1.1.3,"1,1.1,1.1.3"
Gypsy-40_Mad-I,LINE,N/A,1.4,"1,1.4"
Gypsy-40_OD-LTR,Bel-Pao,N/A,1.1.3,"1,1.1,1.1.3"
Gypsy-40_PM-LTR,gypsy,N/A,1.1.2,"1,1.1,1.1.2"
Gypsy-40_SB-I,gypsy,N/A,1.1.2,"1,1.1,1.1.2"
Gypsy-40_STu-LTR,gypsy,N/A,1.1.2,"1,1.1,1.1.2"
Gypsy-41_AMi-I,gypsy,N/A,1.1.2,"1,1.1,1.1.2"
Gypsy-41_BD-LTR,gypsy,N/A,1.1.2,"1,1.1,1.1.2"
Gypsy-41_CCri-I,DIRS,N/A,1.2,"1,1.2"
Gypsy-41_CPB-LTR,gypsy,N/A,1.1.2,"1,1.1,1.1.2"
Gypsy-41_DEl-I,gypsy,N/A,1.1.2,"1,1.1,1.1.2"
BEL-53_DRe-I,Bel-Pao,N/A,1.1.3,"1,1.1,1.1.3"
Gypsy-41_GM-LTR,Copia,N/A,1.1.1,"1,1.1,1.1.1"
Gypsy-41_MLP-I,gypsy,N/A,1.1.2,"1,1.1,1.1.2"
Gypsy-41_PAb-LTR,gypsy,N/A,1.1.2,"1,1.1,1.1.2"
Gypsy-41_PMar-I,gypsy,N/A,1.1.2,"1,1.1,1.1.2"
Gypsy-41_SSa-LTR,gypsy,N/A,1.1.2,"1,1.1,1.1.2"
Gypsy-42_AA-I,gypsy,N/A,1.1.2,"1,1.1,1.1.2"
Gypsy-42_ATr-LTR,gypsy,N/A,1.1.2,"1,1.1,1.1.2"
Gypsy-42_CCri-I,gypsy,N/A,1.1.2,"1,1.1,1.1.2"
Gypsy-42_CQ-I,gypsy,N/A,1.1.2,"1,1.1,1.1.2"
Gypsy-42_DWil-I,gypsy,N/A,1.1.2,"1,1.1,1.1.2"
BEL-54_CQ-LTR,Bel-Pao,N/A,1.1.3,"1,1.1,1.1.3"
Gypsy-42_GM-LTR,Copia,N/A,1.1.1,"1,1.1,1.1.1"
Gypsy-42_MLP-I,gypsy,N/A,1.1.2,"1,1.1,1.1.2"
Gypsy-42_PAb-LTR,gypsy,N/A,1.1.2,"1,1.1,1.1.2"
Gypsy-42_PMar-LTR,Copia,N/A,1.1.1,"1,1.1,1.1.1"
Gypsy-42_STu-I,gypsy,N/A,1.1.2,"1,1.1,1.1.2"
Gypsy-43_AA-I,gypsy,N/A,1.1.2,"1,1.1,1.1.2"
Gypsy-43_BD-I,gypsy,N/A,1.1.2,"1,1.1,1.1.2"
Gypsy-43_CCri-LTR,gypsy,N/A,1.1.2,"1,1.1,1.1.2"
Gypsy-43_CQ-I,gypsy,N/A,1.1.2,"1,1.1,1.1.2"
Gypsy-43_GA-I,gypsy,N/A,1.1.2,"1,1.1,1.1.2"
BEL-55_CQ-I,Bel-Pao,N/A,1.1.3,"1,1.1,1.1.3"
Gypsy-43_LMi-LTR,gypsy,N/A,1.1.2,"1,1.1,1.1.2"
Gypsy-43_PAb-I,gypsy,N/A,1.1.2,"1,1.1,1.1.2"
Gypsy-43_PM-LTR,gypsy,N/A,1.1.2,"1,1.1,1.1.2"
Gypsy-43_SSa-I,gypsy,N/A,1.1.2,"1,1.1,1.1.2"
Gypsy-44-LTR_NV,gypsy,N/A,1.1.2,"1,1.1,1.1.2"
Gypsy-44_ATr-I,gypsy,N/A,1.1.2,"1,1.1,1.1.2"
Gypsy-44_BG-LTR,gypsy,N/A,1.1.2,"1,1.1,1.1.2"
Gypsy-44_CQ-I,gypsy,N/A,1.1.2,"1,1.1,1.1.2"
Gypsy-44_DWil-LTR,Bel-Pao,N/A,1.1.3,"1,1.1,1.1.3"
Gypsy-44_LMi-I,Bel-Pao,N/A,1.1.3,"1,1.1,1.1.3"
BEL-56_AA-LTR,Bel-Pao,N/A,1.1.3,"1,1.1,1.1.3"
Gypsy-44_MLP-LTR,gypsy,N/A,1.1.2,"1,1.1,1.1.2"
Gypsy-44_PMar-I,gypsy,N/A,1.1.2,"1,1.1,1.1.2"
Gypsy-44_SSa-LTR,gypsy,N/A,1.1.2,"1,1.1,1.1.2"
Gypsy-45B_ATr-LTR,gypsy,N/A,1.1.2,"1,1.1,1.1.2"
Gypsy-45_BD-LTR,gypsy,N/A,1.1.2,"1,1.1,1.1.2"
Gypsy-45_CGi-I,gypsy,N/A,1.1.2,"1,1.1,1.1.2"
Gypsy-45_DEl-LTR,gypsy,N/A,1.1.2,"1,1.1,1.1.2"
Gypsy-45_GM-I,gypsy,N/A,1.1.2,"1,1.1,1.1.2"
Gypsy-45_Mad-LTR,gypsy,N/A,1.1.2,"1,1.1,1.1.2"
Gypsy-45_PIT-I,gypsy,N/A,1.1.2,"1,1.1,1.1.2"
BEL-57_AA-I,Bel-Pao,N/A,1.1.3,"1,1.1,1.1.3"
Gypsy-45_SB-LTR,gypsy,N/A,1.1.2,"1,1.1,1.1.2"
Gypsy-46-I_NV,Bel-Pao,N/A,1.1.3,"1,1.1,1.1.3"
Gypsy-46_ATr-LTR,gypsy,N/A,1.1.2,"1,1.1,1.1.2"
Gypsy-46_CCri-I,Copia,N/A,1.1.1,"1,1.1,1.1.1"
Gypsy-46_CQ-LTR,Bel-Pao,N/A,1.1.3,"1,1.1,1.1.3"
Gypsy-46_GA-I,L1,N/A,1.4.4,"1,1.4,1.4.4"
Gypsy-46_LMi-LTR,Bel-Pao,N/A,1.1.3,"1,1.1,1.1.3"
Gypsy-46_PAb-I,gypsy,N/A,1.1.2,"1,1.1,1.1.2"
Gypsy-46_SB-I,gypsy,N/A,1.1.2,"1,1.1,1.1.2"
Gypsy-46_STu-LTR,gypsy,N/A,1.1.2,"1,1.1,1.1.2"
BEL-57_DRe-LTR,Bel-Pao,N/A,1.1.3,"1,1.1,1.1.3"
Gypsy-47_ATr-LTR,gypsy,N/A,1.1.2,"1,1.1,1.1.2"
Gypsy-47_CCri-I,gypsy,N/A,1.1.2,"1,1.1,1.1.2"
Gypsy-47_CQ-LTR,DIRS,N/A,1.2,"1,1.2"
Gypsy-47_GA-LTR,gypsy,N/A,1.1.2,"1,1.1,1.1.2"
Gypsy-47_Mad-I,gypsy,N/A,1.1.2,"1,1.1,1.1.2"
Gypsy-47_PAb-LTR,gypsy,N/A,1.1.2,"1,1.1,1.1.2"
Gypsy-47_SB-LTR,gypsy,N/A,1.1.2,"1,1.1,1.1.2"
Gypsy-48-I_NV,DIRS,N/A,1.2,"1,1.2"
Gypsy-48_BD-I,gypsy,N/A,1.1.2,"1,1.1,1.1.2"
Gypsy-48_CCri-LTR,Copia,N/A,1.1.1,"1,1.1,1.1.1"
BEL-58_DRe-I,Bel-Pao,N/A,1.1.3,"1,1.1,1.1.3"
Gypsy-48_DEl-I,gypsy,N/A,1.1.2,"1,1.1,1.1.2"
Gypsy-48_GA-LTR,gypsy,N/A,1.1.2,"1,1.1,1.1.2"
Gypsy-48_Mad-I,gypsy,N/A,1.1.2,"1,1.1,1.1.2"
Gypsy-48_PAb-LTR,gypsy,N/A,1.1.2,"1,1.1,1.1.2"
Gypsy-48_SB-LTR,gypsy,N/A,1.1.2,"1,1.1,1.1.2"
Gypsy-49-I_NV,gypsy,N/A,1.1.2,"1,1.1,1.1.2"
Gypsy-49_ATr-LTR,Copia,N/A,1.1.1,"1,1.1,1.1.1"
Gypsy-49_CCri-I,gypsy,N/A,1.1.2,"1,1.1,1.1.2"
Gypsy-49_CQ-LTR,gypsy,N/A,1.1.2,"1,1.1,1.1.2"
Gypsy-49_GA-LTR,gypsy,N/A,1.1.2,"1,1.1,1.1.2"
AluMacYa3,7SL,N/A,1.5.2,"1,1.5,1.5.2"
BEL-592_AA-LTR,Bel-Pao,N/A,1.1.3,"1,1.1,1.1.3"
Gypsy-49_Mad-I,gypsy,N/A,1.1.2,"1,1.1,1.1.2"
Gypsy-49_PAb-LTR,gypsy,N/A,1.1.2,"1,1.1,1.1.2"
Gypsy-49_SB-LTR,gypsy,N/A,1.1.2,"1,1.1,1.1.2"
Gypsy-4_AC-I,DIRS,N/A,1.2,"1,1.2"
Gypsy-4_ADe-LTR,gypsy,N/A,1.1.2,"1,1.1,1.1.2"
Gypsy-4_ALY-I,gypsy,N/A,1.1.2,"1,1.1,1.1.2"
Gypsy-4_Ano-LTR,tRNA,N/A,1.5.1,"1,1.5,1.5.1"
Gypsy-4_BM-I,DIRS,N/A,1.2,"1,1.2"
Gypsy-4_CCO-LTR,gypsy,N/A,1.1.2,"1,1.1,1.1.2"
Gypsy-4_CGi-I,gypsy,N/A,1.1.2,"1,1.1,1.1.2"
BEL-595_AA-I,I,N/A,1.4.5,"1,1.4,1.4.5"
Gypsy-4_CPB-I,DIRS,N/A,1.2,"1,1.2"
Gypsy-4_CQ-LTR,Bel-Pao,N/A,1.1.3,"1,1.1,1.1.3"
Gypsy-4_DAn-I,gypsy,N/A,1.1.2,"1,1.1,1.1.2"
Gypsy-4_DBp-LTR,gypsy,N/A,1.1.2,"1,1.1,1.1.2"
Gypsy-4_DFi-I,gypsy,N/A,1.1.2,"1,1.1,1.1.2"
Gypsy-4_DKi-LTR,gypsy,N/A,1.1.2,"1,1.1,1.1.2"
Gypsy-4_DRh-I,gypsy,N/A,1.1.2,"1,1.1,1.1.2"
Gypsy-4_DSim-LTR,Bel-Pao,N/A,1.1.3,"1,1.1,1.1.3"
Gypsy-4_DWil-I,gypsy,N/A,1.1.2,"1,1.1,1.1.2"
Gypsy-4_EPa-LTR,SubclassI,N/A,2.1,"2,2.1"
BEL-597_AA-LTR,Bel-Pao,N/A,1.1.3,"1,1.1,1.1.3"
Gypsy-4_GA-I,gypsy,N/A,1.1.2,"1,1.1,1.1.2"
Gypsy-4_GM-LTR,gypsy,N/A,1.1.2,"1,1.1,1.1.2"
Gypsy-4_IS-I,gypsy,N/A,1.1.2,"1,1.1,1.1.2"
Gypsy-4_LBS-LTR,gypsy,N/A,1.1.2,"1,1.1,1.1.2"
Gypsy-4_LG-I,DIRS,N/A,1.2,"1,1.2"
Gypsy-4_LMi-LTR,gypsy,N/A,1.1.2,"1,1.1,1.1.2"
Gypsy-4_MLP-I,gypsy,N/A,1.1.2,"1,1.1,1.1.2"
Gypsy-4_PAb-LTR,SubclassI,N/A,2.1,"2,2.1"
Gypsy-4_PGr-I,gypsy,N/A,1.1.2,"1,1.1,1.1.2"
Gypsy-4_PMar-LTR,Copia,N/A,1.1.1,"1,1.1,1.1.1"
BEL-59_AA-I,Bel-Pao,N/A,1.1.3,"1,1.1,1.1.3"
Gypsy-4_PPM-I,gypsy,N/A,1.1.2,"1,1.1,1.1.2"
Gypsy-4_PR-LTR,gypsy,N/A,1.1.2,"1,1.1,1.1.2"
Gypsy-4_PSo-I,gypsy,N/A,1.1.2,"1,1.1,1.1.2"
Gypsy-4_PX-LTR,gypsy,N/A,1.1.2,"1,1.1,1.1.2"
Gypsy-4_RP-I,gypsy,N/A,1.1.2,"1,1.1,1.1.2"
Gypsy-4_SI-LTR,gypsy,N/A,1.1.2,"1,1.1,1.1.2"
Gypsy-4_ST-I,Copia,N/A,1.1.1,"1,1.1,1.1.1"
Gypsy-4_TCa-LTR,Bel-Pao,N/A,1.1.3,"1,1.1,1.1.3"
Gypsy-4_XT-I,gypsy,N/A,1.1.2,"1,1.1,1.1.2"
Gypsy-5-I_XT,gypsy,N/A,1.1.2,"1,1.1,1.1.2"
BEL-59_DRe-LTR,Bel-Pao,N/A,1.1.3,"1,1.1,1.1.3"
Gypsy-50-I_NV,gypsy,N/A,1.1.2,"1,1.1,1.1.2"
Gypsy-50_AA-I,gypsy,N/A,1.1.2,"1,1.1,1.1.2"
Gypsy-50_BG-I,gypsy,N/A,1.1.2,"1,1.1,1.1.2"
Gypsy-50_CGi-LTR,Copia,N/A,1.1.1,"1,1.1,1.1.1"
Gypsy-50_DWil-I,gypsy,N/A,1.1.2,"1,1.1,1.1.2"
Gypsy-50_GM-LTR,gypsy,N/A,1.1.2,"1,1.1,1.1.2"
Gypsy-50_MLP-I,gypsy,N/A,1.1.2,"1,1.1,1.1.2"
Gypsy-50_PIT-LTR,gypsy,N/A,1.1.2,"1,1.1,1.1.2"
Gypsy-50_SSa-I,gypsy,N/A,1.1.2,"1,1.1,1.1.2"
Gypsy-51_AA-LTR,gypsy,N/A,1.1.2,"1,1.1,1.1.2"
BEL-5_Ano-I,Bel-Pao,N/A,1.1.3,"1,1.1,1.1.3"
Gypsy-51_BG-I,Bel-Pao,N/A,1.1.3,"1,1.1,1.1.3"
Gypsy-51_CGi-LTR,Bel-Pao,N/A,1.1.3,"1,1.1,1.1.3"
Gypsy-51_DWil-LTR,gypsy,N/A,1.1.2,"1,1.1,1.1.2"
Gypsy-51_LMi-I,gypsy,N/A,1.1.2,"1,1.1,1.1.2"
Gypsy-51_MLP-LTR,gypsy,N/A,1.1.2,"1,1.1,1.1.2"
Gypsy-51_PM-LTR,gypsy,N/A,1.1.2,"1,1.1,1.1.2"
Gypsy-52-I_NV,Bel-Pao,N/A,1.1.3,"1,1.1,1.1.3"
Gypsy-52_BD-I,gypsy,N/A,1.1.2,"1,1.1,1.1.2"
Gypsy-52_CCri-LTR,Copia,N/A,1.1.1,"1,1.1,1.1.1"
Gypsy-52_DEl-I,gypsy,N/A,1.1.2,"1,1.1,1.1.2"
BEL-5_CQ-LTR,Bel-Pao,N/A,1.1.3,"1,1.1,1.1.3"
Gypsy-52_GM-I,gypsy,N/A,1.1.2,"1,1.1,1.1.2"
Gypsy-52_Mad-LTR,gypsy,N/A,1.1.2,"1,1.1,1.1.2"
Gypsy-52_PIT-I,gypsy,N/A,1.1.2,"1,1.1,1.1.2"
Gypsy-53-I_NV,gypsy,N/A,1.1.2,"1,1.1,1.1.2"
Gypsy-53_AA-LTR,SINE,N/A,1.5,"1,1.5"
Gypsy-53_CGi-I,gypsy,N/A,1.1.2,"1,1.1,1.1.2"
Gypsy-53_DWil-I,gypsy,N/A,1.1.2,"1,1.1,1.1.2"
Gypsy-53_GM-LTR,gypsy,N/A,1.1.2,"1,1.1,1.1.2"
Gypsy-53_PAb-I,gypsy,N/A,1.1.2,"1,1.1,1.1.2"
Gypsy-53_SB-I,gypsy,N/A,1.1.2,"1,1.1,1.1.2"
BEL-5_DBp-I,Bel-Pao,N/A,1.1.3,"1,1.1,1.1.3"
Gypsy-54_AA-I,gypsy,N/A,1.1.2,"1,1.1,1.1.2"
Gypsy-54_CCri-LTR,SubclassI,N/A,2.1,"2,2.1"
Gypsy-54_DEl-I,gypsy,N/A,1.1.2,"1,1.1,1.1.2"
Gypsy-54_GA-LTR,gypsy,N/A,1.1.2,"1,1.1,1.1.2"
Gypsy-54_MLP-I,gypsy,N/A,1.1.2,"1,1.1,1.1.2"
Gypsy-54_PIT-LTR,gypsy,N/A,1.1.2,"1,1.1,1.1.2"
Gypsy-55-LTR_NV,gypsy,N/A,1.1.2,"1,1.1,1.1.2"
Gypsy-55F_CCri-I,gypsy,N/A,1.1.2,"1,1.1,1.1.2"
Gypsy-55_BG-LTR,gypsy,N/A,1.1.2,"1,1.1,1.1.2"
Gypsy-55_CQ-I,gypsy,N/A,1.1.2,"1,1.1,1.1.2"
BEL-5_DFi-I,Bel-Pao,N/A,1.1.3,"1,1.1,1.1.3"
Gypsy-55_GA-I,gypsy,N/A,1.1.2,"1,1.1,1.1.2"
Gypsy-55_LMi-LTR,gypsy,N/A,1.1.2,"1,1.1,1.1.2"
Gypsy-55_PIT-I,Bel-Pao,N/A,1.1.3,"1,1.1,1.1.3"
Gypsy-56-I_NV,gypsy,N/A,1.1.2,"1,1.1,1.1.2"
Gypsy-56C_CCri-LTR,gypsy,N/A,1.1.2,"1,1.1,1.1.2"
Gypsy-56_CCri-I,gypsy,N/A,1.1.2,"1,1.1,1.1.2"
Gypsy-56_CQ-LTR,Bel-Pao,N/A,1.1.3,"1,1.1,1.1.3"
Gypsy-56_GA-LTR,gypsy,N/A,1.1.2,"1,1.1,1.1.2"
Gypsy-56_MLP-I,gypsy,N/A,1.1.2,"1,1.1,1.1.2"
Gypsy-56_PIT-LTR,Copia,N/A,1.1.1,"1,1.1,1.1.1"
BEL-5_DPer-LTR,Bel-Pao,N/A,1.1.3,"1,1.1,1.1.3"
Gypsy-57-LTR_NV,gypsy,N/A,1.1.2,"1,1.1,1.1.2"
Gypsy-57_CCri-I,gypsy,N/A,1.1.2,"1,1.1,1.1.2"
Gypsy-57_DEl-I,gypsy,N/A,1.1.2,"1,1.1,1.1.2"
Gypsy-57_GA-LTR,tRNA,N/A,1.5.1,"1,1.5,1.5.1"
Gypsy-57_MLP-I,gypsy,N/A,1.1.2,"1,1.1,1.1.2"
Gypsy-57_PIT-LTR,gypsy,N/A,1.1.2,"1,1.1,1.1.2"
Gypsy-58-I_NV,gypsy,N/A,1.1.2,"1,1.1,1.1.2"
Gypsy-589_AA-LTR,gypsy,N/A,1.1.2,"1,1.1,1.1.2"
Gypsy-58_AA-LTR,Copia,N/A,1.1.1,"1,1.1,1.1.1"
Gypsy-58_CGi-I,gypsy,N/A,1.1.2,"1,1.1,1.1.2"
AluMacYb4__2,7SL,N/A,1.5.2,"1,1.5,1.5.2"
BEL-5_DTa-I,Bel-Pao,N/A,1.1.3,"1,1.1,1.1.3"
Gypsy-58_DWil-LTR,Bel-Pao,N/A,1.1.3,"1,1.1,1.1.3"
Gypsy-58_LMi-I,gypsy,N/A,1.1.2,"1,1.1,1.1.2"
Gypsy-58_PAb-LTR,gypsy,N/A,1.1.2,"1,1.1,1.1.2"
Gypsy-58_SB-LTR,gypsy,N/A,1.1.2,"1,1.1,1.1.2"
Gypsy-591_AA-I,Bel-Pao,N/A,1.1.3,"1,1.1,1.1.3"
Gypsy-593_AA-LTR,gypsy,N/A,1.1.2,"1,1.1,1.1.2"
Gypsy-596_AA-I,gypsy,N/A,1.1.2,"1,1.1,1.1.2"
Gypsy-598_AA-LTR,gypsy,N/A,1.1.2,"1,1.1,1.1.2"
Gypsy-59D_CCri-I,gypsy,N/A,1.1.2,"1,1.1,1.1.2"
Gypsy-59_CCri-I,gypsy,N/A,1.1.2,"1,1.1,1.1.2"
BEL-5_DWil-LTR,Bel-Pao,N/A,1.1.3,"1,1.1,1.1.3"
Gypsy-59_CQ-LTR,gypsy,N/A,1.1.2,"1,1.1,1.1.2"
Gypsy-59_GM-I,gypsy,N/A,1.1.2,"1,1.1,1.1.2"
Gypsy-59_MLP-LTR,gypsy,N/A,1.1.2,"1,1.1,1.1.2"
Gypsy-59_PM-LTR,gypsy,N/A,1.1.2,"1,1.1,1.1.2"
Gypsy-5C_CCri-I,gypsy,N/A,1.1.2,"1,1.1,1.1.2"
Gypsy-5N_PPa-LTR,gypsy,N/A,1.1.2,"1,1.1,1.1.2"
Gypsy-5_ACe-I,gypsy,N/A,1.1.2,"1,1.1,1.1.2"
Gypsy-5_Adi-LTR,gypsy,N/A,1.1.2,"1,1.1,1.1.2"
Gypsy-5_Ano-I,gypsy,N/A,1.1.2,"1,1.1,1.1.2"
Gypsy-5_BD-LTR,gypsy,N/A,1.1.2,"1,1.1,1.1.2"
BEL-5_LG-I,Bel-Pao,N/A,1.1.3,"1,1.1,1.1.3"
Gypsy-5_BRa-I,gypsy,N/A,1.1.2,"1,1.1,1.1.2"
Gypsy-5_CCri-LTR,gypsy,N/A,1.1.2,"1,1.1,1.1.2"
Gypsy-5_CP-I,gypsy,N/A,1.1.2,"1,1.1,1.1.2"
Gypsy-5_CPu-LTR,gypsy,N/A,1.1.2,"1,1.1,1.1.2"
Gypsy-5_CSa-I,gypsy,N/A,1.1.2,"1,1.1,1.1.2"
Gypsy-5_DAn-LTR,gypsy,N/A,1.1.2,"1,1.1,1.1.2"
Gypsy-5_DEl-I,gypsy,N/A,1.1.2,"1,1.1,1.1.2"
Gypsy-5_DFi-I,gypsy,N/A,1.1.2,"1,1.1,1.1.2"
Gypsy-5_DKi-LTR,Bel-Pao,N/A,1.1.3,"1,1.1,1.1.3"
Gypsy-5_DRh-I,gypsy,N/A,1.1.2,"1,1.1,1.1.2"
BEL-5_SI-LTR,SubclassI,N/A,2.1,"2,2.1"
Gypsy-5_DSim-LTR,DIRS,N/A,1.2,"1,1.2"
Gypsy-5_DWil-I,gypsy,N/A,1.1.2,"1,1.1,1.1.2"
Gypsy-5_EPa-LTR,gypsy,N/A,1.1.2,"1,1.1,1.1.2"
Gypsy-5_GA-I,gypsy,N/A,1.1.2,"1,1.1,1.1.2"
Gypsy-5_GM-LTR,gypsy,N/A,1.1.2,"1,1.1,1.1.2"
Gypsy-5_IS-I,DIRS,N/A,1.2,"1,1.2"
Gypsy-5_LBS-LTR,gypsy,N/A,1.1.2,"1,1.1,1.1.2"
Gypsy-5_LH-I,gypsy,N/A,1.1.2,"1,1.1,1.1.2"
Gypsy-5_LVa-LTR,Bel-Pao,N/A,1.1.3,"1,1.1,1.1.3"
Gypsy-5_OD-I,gypsy,N/A,1.1.2,"1,1.1,1.1.2"
BEL-6-LTR_NV,gypsy,N/A,1.1.2,"1,1.1,1.1.2"
Gypsy-5_PBa-LTR,Bel-Pao,N/A,1.1.3,"1,1.1,1.1.3"
Gypsy-5_PIT-I,gypsy,N/A,1.1.2,"1,1.1,1.1.2"
Gypsy-5_PPc-LTR,Copia,N/A,1.1.1,"1,1.1,1.1.1"
Gypsy-5_Pru-I,gypsy,N/A,1.1.2,"1,1.1,1.1.2"
Gypsy-5_PSo-LTR,gypsy,N/A,1.1.2,"1,1.1,1.1.2"
Gypsy-5_RC-I,gypsy,N/A,1.1.2,"1,1.1,1.1.2"
Gypsy-5_RP-LTR,Copia,N/A,1.1.1,"1,1.1,1.1.1"
Gypsy-5_SLL-I,gypsy,N/A,1.1.2,"1,1.1,1.1.2"
Gypsy-5_SSa-LTR,tRNA,N/A,1.5.1,"1,1.5,1.5.1"
Gypsy-5_TC-I,gypsy,N/A,1.1.2,"1,1.1,1.1.2"
BEL-601_AA-LTR,Bel-Pao,N/A,1.1.3,"1,1.1,1.1.3"
Gypsy-5_TMe-LTR,gypsy,N/A,1.1.2,"1,1.1,1.1.2"
Gypsy-6-I_CR,L1,N/A,1.4.4,"1,1.4,1.4.4"
Gypsy-6-LTR_NV,gypsy,N/A,1.1.2,"1,1.1,1.1.2"
Gypsy-601_AA-I,gypsy,N/A,1.1.2,"1,1.1,1.1.2"
Gypsy-603_AA-LTR,gypsy,N/A,1.1.2,"1,1.1,1.1.2"
Gypsy-606_AA-I,gypsy,N/A,1.1.2,"1,1.1,1.1.2"
Gypsy-608_AA-LTR,Bel-Pao,N/A,1.1.3,"1,1.1,1.1.3"
Gypsy-60_AA-LTR,SubclassI,N/A,2.1,"2,2.1"
Gypsy-60_CGi-I,Bel-Pao,N/A,1.1.3,"1,1.1,1.1.3"
Gypsy-60_DWil-LTR,SubclassI,N/A,2.1,"2,2.1"
BEL-604_AA-I,Bel-Pao,N/A,1.1.3,"1,1.1,1.1.3"
Gypsy-60_LMi-LTR,SubclassI,N/A,2.1,"2,2.1"
Gypsy-60_PIT-I,gypsy,N/A,1.1.2,"1,1.1,1.1.2"
Gypsy-61-I_NV,DIRS,N/A,1.2,"1,1.2"
Gypsy-613_AA-I,gypsy,N/A,1.1.2,"1,1.1,1.1.2"
Gypsy-615_AA-LTR,gypsy,N/A,1.1.2,"1,1.1,1.1.2"
Gypsy-618_AA-I,gypsy,N/A,1.1.2,"1,1.1,1.1.2"
Gypsy-61B_CCri-LTR,gypsy,N/A,1.1.2,"1,1.1,1.1.2"
Gypsy-61_CCri-I,gypsy,N/A,1.1.2,"1,1.1,1.1.2"
Gypsy-61_CQ-LTR,gypsy,N/A,1.1.2,"1,1.1,1.1.2"
Gypsy-61_GM-LTR,gypsy,N/A,1.1.2,"1,1.1,1.1.2"
BEL-606_AA-LTR,Bel-Pao,N/A,1.1.3,"1,1.1,1.1.3"
Gypsy-61_PAb-I,gypsy,N/A,1.1.2,"1,1.1,1.1.2"
Gypsy-61_PM-LTR,gypsy,N/A,1.1.2,"1,1.1,1.1.2"
Gypsy-620_AA-LTR,gypsy,N/A,1.1.2,"1,1.1,1.1.2"
Gypsy-623_AA-I,gypsy,N/A,1.1.2,"1,1.1,1.1.2"
Gypsy-625_AA-LTR,gypsy,N/A,1.1.2,"1,1.1,1.1.2"
Gypsy-62C_CCri-I,gypsy,N/A,1.1.2,"1,1.1,1.1.2"
Gypsy-62_BG-I,gypsy,N/A,1.1.2,"1,1.1,1.1.2"
Gypsy-62_CGi-LTR,Bel-Pao,N/A,1.1.3,"1,1.1,1.1.3"
Gypsy-62_GA-I,SubclassI,N/A,2.1,"2,2.1"
Gypsy-62_MLP-I,gypsy,N/A,1.1.2,"1,1.1,1.1.2"
BEL-609_AA-I,Bel-Pao,N/A,1.1.3,"1,1.1,1.1.3"
Gypsy-62_PIT-LTR,gypsy,N/A,1.1.2,"1,1.1,1.1.2"
Gypsy-63-I_NV,gypsy,N/A,1.1.2,"1,1.1,1.1.2"
Gypsy-63_BG-LTR,gypsy,N/A,1.1.2,"1,1.1,1.1.2"
Gypsy-63_CQ-I,gypsy,N/A,1.1.2,"1,1.1,1.1.2"
Gypsy-63_GM-LTR,gypsy,N/A,1.1.2,"1,1.1,1.1.2"
Gypsy-63_PAb-I,Bel-Pao,N/A,1.1.3,"1,1.1,1.1.3"
Gypsy-63_SB-I,gypsy,N/A,1.1.2,"1,1.1,1.1.2"
Gypsy-64_AA-I,gypsy,N/A,1.1.2,"1,1.1,1.1.2"
Gypsy-64_CCri-LTR,gypsy,N/A,1.1.2,"1,1.1,1.1.2"
Gypsy-64_DWil-I,gypsy,N/A,1.1.2,"1,1.1,1.1.2"
BEL-60_CQ-LTR,Bel-Pao,N/A,1.1.3,"1,1.1,1.1.3"
Gypsy-64_LMi-LTR,gypsy,N/A,1.1.2,"1,1.1,1.1.2"
Gypsy-64_PIT-I,gypsy,N/A,1.1.2,"1,1.1,1.1.2"
Gypsy-65-I_NV,gypsy,N/A,1.1.2,"1,1.1,1.1.2"
Gypsy-65_CCri-I,gypsy,N/A,1.1.2,"1,1.1,1.1.2"
Gypsy-65_CQ-LTR,Tc1-Mariner,N/A,2.1.1.1,"2,2.1,2.1.1,2.1.1.1"
Gypsy-65_MLP-LTR,gypsy,N/A,1.1.2,"1,1.1,1.1.2"
Gypsy-65_PM-LTR,gypsy,N/A,1.1.2,"1,1.1,1.1.2"
Gypsy-66_AA-LTR,gypsy,N/A,1.1.2,"1,1.1,1.1.2"
Gypsy-66_CGi-I,gypsy,N/A,1.1.2,"1,1.1,1.1.2"
Gypsy-66_GM-LTR,DIRS,N/A,1.2,"1,1.2"
AluSg7,7SL,N/A,1.5.2,"1,1.5,1.5.2"
BEL-611_AA-I,Bel-Pao,N/A,1.1.3,"1,1.1,1.1.3"
Gypsy-66_PAb-I,gypsy,N/A,1.1.2,"1,1.1,1.1.2"
Gypsy-66_PM-LTR,tRNA,N/A,1.5.1,"1,1.5,1.5.1"
Gypsy-67_AA-LTR,Copia,N/A,1.1.1,"1,1.1,1.1.1"
Gypsy-67_CGi-I,gypsy,N/A,1.1.2,"1,1.1,1.1.2"
Gypsy-67_GM-LTR,gypsy,N/A,1.1.2,"1,1.1,1.1.2"
Gypsy-67_PAb-I,gypsy,N/A,1.1.2,"1,1.1,1.1.2"
Gypsy-67_PM-LTR,gypsy,N/A,1.1.2,"1,1.1,1.1.2"
Gypsy-68_AA-LTR,gypsy,N/A,1.1.2,"1,1.1,1.1.2"
Gypsy-68_CGi-I,gypsy,N/A,1.1.2,"1,1.1,1.1.2"
Gypsy-68_GM-LTR,gypsy,N/A,1.1.2,"1,1.1,1.1.2"
BEL-613_AA-LTR,Bel-Pao,N/A,1.1.3,"1,1.1,1.1.3"
Gypsy-68_PAb-I,gypsy,N/A,1.1.2,"1,1.1,1.1.2"
Gypsy-68_PM-LTR,gypsy,N/A,1.1.2,"1,1.1,1.1.2"
Gypsy-69_AA-LTR,gypsy,N/A,1.1.2,"1,1.1,1.1.2"
Gypsy-69_CGi-I,gypsy,N/A,1.1.2,"1,1.1,1.1.2"
Gypsy-69_GM-LTR,Copia,N/A,1.1.1,"1,1.1,1.1.1"
Gypsy-69_PAb-I,gypsy,N/A,1.1.2,"1,1.1,1.1.2"
Gypsy-69_PM-LTR,SINE,N/A,1.5,"1,1.5"
Gypsy-6_AA-LTR,Bel-Pao,N/A,1.1.3,"1,1.1,1.1.3"
Gypsy-6_ADe-I,gypsy,N/A,1.1.2,"1,1.1,1.1.2"
Gypsy-6_AEc-LTR,gypsy,N/A,1.1.2,"1,1.1,1.1.2"
BEL-616_AA-I,Bel-Pao,N/A,1.1.3,"1,1.1,1.1.3"
Gypsy-6_Ano-I,gypsy,N/A,1.1.2,"1,1.1,1.1.2"
Gypsy-6_BD-LTR,gypsy,N/A,1.1.2,"1,1.1,1.1.2"
Gypsy-6_BRa-I,gypsy,N/A,1.1.2,"1,1.1,1.1.2"
Gypsy-6_CCri-LTR,hAT,N/A,2.1.1.2,"2,2.1,2.1.1,2.1.1.2"
Gypsy-6_CH,gypsy,N/A,1.1.2,"1,1.1,1.1.2"
Gypsy-6_CPu-I,DIRS,N/A,1.2,"1,1.2"
Gypsy-6_CSa-LTR,Bel-Pao,N/A,1.1.3,"1,1.1,1.1.3"
Gypsy-6_DBi-I,gypsy,N/A,1.1.2,"1,1.1,1.1.2"
Gypsy-6_DEl-LTR,gypsy,N/A,1.1.2,"1,1.1,1.1.2"
Gypsy-6_DGri-I,gypsy,N/A,1.1.2,"1,1.1,1.1.2"
BEL-618_AA-LTR,Bel-Pao,N/A,1.1.3,"1,1.1,1.1.3"
Gypsy-6_DPu-LTR,Bel-Pao,N/A,1.1.3,"1,1.1,1.1.3"
Gypsy-6_DSim-I,gypsy,N/A,1.1.2,"1,1.1,1.1.2"
Gypsy-6_DVir-LTR,gypsy,N/A,1.1.2,"1,1.1,1.1.2"
Gypsy-6_EPa-LTR,gypsy,N/A,1.1.2,"1,1.1,1.1.2"
Gypsy-6_Gav-I,gypsy,N/A,1.1.2,"1,1.1,1.1.2"
Gypsy-6_HMM-LTR,gypsy,N/A,1.1.2,"1,1.1,1.1.2"
Gypsy-6_JC-I,gypsy,N/A,1.1.2,"1,1.1,1.1.2"
Gypsy-6_LCh-LTR,SINE,N/A,1.5,"1,1.5"
Gypsy-6_LH-I,gypsy,N/A,1.1.2,"1,1.1,1.1.2"
Gypsy-6_Mad-I__2,gypsy,N/A,1.1.2,"1,1.1,1.1.2"
BEL-61_CQ-I,Bel-Pao,N/A,1.1.3,"1,1.1,1.1.3"
Gypsy-6_OD-LTR,Bel-Pao,N/A,1.1.3,"1,1.1,1.1.3"
Gypsy-6_PD-I,gypsy,N/A,1.1.2,"1,1.1,1.1.2"
Gypsy-6_PIT-LTR,gypsy,N/A,1.1.2,"1,1.1,1.1.2"
Gypsy-6_PPc-I,gypsy,N/A,1.1.2,"1,1.1,1.1.2"
Gypsy-6_PR-LTR,gypsy,N/A,1.1.2,"1,1.1,1.1.2"
Gypsy-6_PSt-LTR,Copia,N/A,1.1.1,"1,1.1,1.1.1"
Gypsy-6_RC-I,RTE,N/A,1.4.2,"1,1.4,1.4.2"
Gypsy-6_RP-LTR,Copia,N/A,1.1.1,"1,1.1,1.1.1"
Gypsy-6_SI-I,gypsy,N/A,1.1.2,"1,1.1,1.1.2"
Gypsy-6_SMo-LTR,gypsy,N/A,1.1.2,"1,1.1,1.1.2"
BEL-620_AA-LTR,Bel-Pao,N/A,1.1.3,"1,1.1,1.1.3"
Gypsy-6_TA-I,gypsy,N/A,1.1.2,"1,1.1,1.1.2"
Gypsy-6_Trm-LTR,gypsy,N/A,1.1.2,"1,1.1,1.1.2"
Gypsy-7-I_XT,gypsy,N/A,1.1.2,"1,1.1,1.1.2"
Gypsy-70-I_ZM,gypsy,N/A,1.1.2,"1,1.1,1.1.2"
Gypsy-70_BG-LTR,Copia,N/A,1.1.1,"1,1.1,1.1.1"
Gypsy-70_CQ-I,gypsy,N/A,1.1.2,"1,1.1,1.1.2"
Gypsy-70_LMi-LTR,gypsy,N/A,1.1.2,"1,1.1,1.1.2"
Gypsy-70_PIT-I,gypsy,N/A,1.1.2,"1,1.1,1.1.2"
Gypsy-71-I_NV,gypsy,N/A,1.1.2,"1,1.1,1.1.2"
Gypsy-71D_CCri-I,gypsy,N/A,1.1.2,"1,1.1,1.1.2"
BEL-623_AA-I,Bel-Pao,N/A,1.1.3,"1,1.1,1.1.3"
Gypsy-71G_CCri-I,gypsy,N/A,1.1.2,"1,1.1,1.1.2"
Gypsy-71L_CCri-I,gypsy,N/A,1.1.2,"1,1.1,1.1.2"
Gypsy-71_AA-LTR,SINE,N/A,1.5,"1,1.5"
Gypsy-71_CGi-LTR,gypsy,N/A,1.1.2,"1,1.1,1.1.2"
Gypsy-71_LMi-LTR,DIRS,N/A,1.2,"1,1.2"
Gypsy-71_PTr-LTR__2,L1,N/A,1.4.4,"1,1.4,1.4.4"
Gypsy-72-LTR_ZM,LTR,N/A,1.1,"1,1.1"
Gypsy-72_BG-LTR,gypsy,N/A,1.1.2,"1,1.1,1.1.2"
Gypsy-72_CQ-I,gypsy,N/A,1.1.2,"1,1.1,1.1.2"
Gypsy-72_LMi-LTR,SINE,N/A,1.5,"1,1.5"
BEL-625_AA-LTR,Bel-Pao,N/A,1.1.3,"1,1.1,1.1.3"
Gypsy-72_PM-I,gypsy,N/A,1.1.2,"1,1.1,1.1.2"
Gypsy-73-I_NV,DIRS,N/A,1.2,"1,1.2"
Gypsy-73C_CCri-LTR,gypsy,N/A,1.1.2,"1,1.1,1.1.2"
Gypsy-73F_CCri-LTR,tRNA,N/A,1.5.1,"1,1.5,1.5.1"
Gypsy-73K_CCri-I,gypsy,N/A,1.1.2,"1,1.1,1.1.2"
Gypsy-73_AA-I,gypsy,N/A,1.1.2,"1,1.1,1.1.2"
Gypsy-73_CCri-LTR,gypsy,N/A,1.1.2,"1,1.1,1.1.2"
Gypsy-73_GM-I,gypsy,N/A,1.1.2,"1,1.1,1.1.2"
Gypsy-73_MLP-LTR,gypsy,N/A,1.1.2,"1,1.1,1.1.2"
Gypsy-73_SB-I,gypsy,N/A,1.1.2,"1,1.1,1.1.2"
BEL-628_AA-I,Bel-Pao,N/A,1.1.3,"1,1.1,1.1.3"
Gypsy-74_AA-I,gypsy,N/A,1.1.2,"1,1.1,1.1.2"
Gypsy-74_CCri-LTR,gypsy,N/A,1.1.2,"1,1.1,1.1.2"
Gypsy-74_GM-I,gypsy,N/A,1.1.2,"1,1.1,1.1.2"
Gypsy-74_PAb-I,gypsy,N/A,1.1.2,"1,1.1,1.1.2"
Gypsy-74_PTr-LTR__2,gypsy,N/A,1.1.2,"1,1.1,1.1.2"
Gypsy-75-LTR_ZM,gypsy,N/A,1.1.2,"1,1.1,1.1.2"
Gypsy-75_CCri-I,gypsy,N/A,1.1.2,"1,1.1,1.1.2"
Gypsy-75_CQ-LTR,gypsy,N/A,1.1.2,"1,1.1,1.1.2"
Gypsy-75_MLP-I,gypsy,N/A,1.1.2,"1,1.1,1.1.2"
Gypsy-75_PTr-I,gypsy,N/A,1.1.2,"1,1.1,1.1.2"
BEL-62_AA-LTR,Bel-Pao,N/A,1.1.3,"1,1.1,1.1.3"
Gypsy-76-I_ZM,gypsy,N/A,1.1.2,"1,1.1,1.1.2"
Gypsy-76E_CCri-I,gypsy,N/A,1.1.2,"1,1.1,1.1.2"
Gypsy-76_CCri-LTR,gypsy,N/A,1.1.2,"1,1.1,1.1.2"
Gypsy-76_GM-I,gypsy,N/A,1.1.2,"1,1.1,1.1.2"
Gypsy-76_MLP-LTR,gypsy,N/A,1.1.2,"1,1.1,1.1.2"
Gypsy-76_SB-I,gypsy,N/A,1.1.2,"1,1.1,1.1.2"
Gypsy-77_AA-I,gypsy,N/A,1.1.2,"1,1.1,1.1.2"
Gypsy-77_CGi-LTR,Bel-Pao,N/A,1.1.3,"1,1.1,1.1.3"
Gypsy-77_LMi-I,L1,N/A,1.4.4,"1,1.4,1.4.4"
Gypsy-77_SB-I,gypsy,N/A,1.1.2,"1,1.1,1.1.2"
Academ-12_CCri,PiggyBac,N/A,2.1.1.7,"2,2.1,2.1.1,2.1.1.7"
AluSx3,7SL,N/A,1.5.2,"1,1.5,1.5.2"
BEL-630_AA-I,Bel-Pao,N/A,1.1.3,"1,1.1,1.1.3"
Gypsy-78_AA-I,I,N/A,1.4.5,"1,1.4,1.4.5"
Gypsy-78_CGi-I,gypsy,N/A,1.1.2,"1,1.1,1.1.2"
Gypsy-78_GM-LTR,Bel-Pao,N/A,1.1.3,"1,1.1,1.1.3"
Gypsy-78_PAb-I,gypsy,N/A,1.1.2,"1,1.1,1.1.2"
Gypsy-78_SB-I,gypsy,N/A,1.1.2,"1,1.1,1.1.2"
Gypsy-79_AA-LTR,Copia,N/A,1.1.1,"1,1.1,1.1.1"
Gypsy-79_CGi-LTR,gypsy,N/A,1.1.2,"1,1.1,1.1.2"
Gypsy-79_LMi-LTR,gypsy,N/A,1.1.2,"1,1.1,1.1.2"
Gypsy-79_PAb-I,gypsy,N/A,1.1.2,"1,1.1,1.1.2"
Gypsy-7B_ATr-LTR,gypsy,N/A,1.1.2,"1,1.1,1.1.2"
BEL-632_AA-LTR,Bel-Pao,N/A,1.1.3,"1,1.1,1.1.3"
Gypsy-7_AC-I,gypsy,N/A,1.1.2,"1,1.1,1.1.2"
Gypsy-7_ADe-LTR,gypsy,N/A,1.1.2,"1,1.1,1.1.2"
Gypsy-7_AMi-I,gypsy,N/A,1.1.2,"1,1.1,1.1.2"
Gypsy-7_ATr-LTR,gypsy,N/A,1.1.2,"1,1.1,1.1.2"
Gypsy-7_BM-I,gypsy,N/A,1.1.2,"1,1.1,1.1.2"
Gypsy-7_CCO-LTR,gypsy,N/A,1.1.2,"1,1.1,1.1.2"
Gypsy-7_CGi-I,gypsy,N/A,1.1.2,"1,1.1,1.1.2"
Gypsy-7_CPB-I,DIRS,N/A,1.2,"1,1.2"
Gypsy-7_CQ-LTR,gypsy,N/A,1.1.2,"1,1.1,1.1.2"
Gypsy-7_DAn-I,gypsy,N/A,1.1.2,"1,1.1,1.1.2"
BEL-635_AA-I,DIRS,N/A,1.2,"1,1.2"
Gypsy-7_DBp-LTR,gypsy,N/A,1.1.2,"1,1.1,1.1.2"
Gypsy-7_DFi-I,gypsy,N/A,1.1.2,"1,1.1,1.1.2"
Gypsy-7_DPu-LTR,gypsy,N/A,1.1.2,"1,1.1,1.1.2"
Gypsy-7_DSim-I,gypsy,N/A,1.1.2,"1,1.1,1.1.2"
Gypsy-7_DVir-LTR,gypsy,N/A,1.1.2,"1,1.1,1.1.2"
Gypsy-7_EL-LTR,gypsy,N/A,1.1.2,"1,1.1,1.1.2"
Gypsy-7_FV-I,gypsy,N/A,1.1.2,"1,1.1,1.1.2"
Gypsy-7_Gav-LTR,gypsy,N/A,1.1.2,"1,1.1,1.1.2"
Gypsy-7_HV-I,gypsy,N/A,1.1.2,"1,1.1,1.1.2"
Gypsy-7_JC-LTR,gypsy,N/A,1.1.2,"1,1.1,1.1.2"
BEL-637_AA-LTR,Bel-Pao,N/A,1.1.3,"1,1.1,1.1.3"
Gypsy-7_LG-I,Bel-Pao,N/A,1.1.3,"1,1.1,1.1.3"
Gypsy-7_LMi-LTR,SubclassI,N/A,2.1,"2,2.1"
Gypsy-7_MLP-I,gypsy,N/A,1.1.2,"1,1.1,1.1.2"
Gypsy-7_PAb-LTR,gypsy,N/A,1.1.2,"1,1.1,1.1.2"
Gypsy-7_PIT-I,gypsy,N/A,1.1.2,"1,1.1,1.1.2"
Gypsy-7_PPc-LTR,Copia,N/A,1.1.1,"1,1.1,1.1.1"
Gypsy-7_PSH-I,gypsy,N/A,1.1.2,"1,1.1,1.1.2"
Gypsy-7_PTri-I,gypsy,N/A,1.1.2,"1,1.1,1.1.2"
Gypsy-7_RC-LTR,tRNA,N/A,1.5.1,"1,1.5,1.5.1"
Gypsy-7_SB-I,gypsy,N/A,1.1.2,"1,1.1,1.1.2"
BEL-63_AA-I,Bel-Pao,N/A,1.1.3,"1,1.1,1.1.3"
Gypsy-7_SI-LTR,gypsy,N/A,1.1.2,"1,1.1,1.1.2"
Gypsy-7_SSa-I,gypsy,N/A,1.1.2,"1,1.1,1.1.2"
Gypsy-7_TA-LTR,gypsy,N/A,1.1.2,"1,1.1,1.1.2"
Gypsy-7_Trm-I,gypsy,N/A,1.1.2,"1,1.1,1.1.2"
Gypsy-8-I_HM,gypsy,N/A,1.1.2,"1,1.1,1.1.2"
Gypsy-8-LTR_NV,gypsy,N/A,1.1.2,"1,1.1,1.1.2"
Gypsy-80_AA-I,gypsy,N/A,1.1.2,"1,1.1,1.1.2"
Gypsy-80_CGi-LTR,Bel-Pao,N/A,1.1.3,"1,1.1,1.1.3"
Gypsy-80_LMi-I,gypsy,N/A,1.1.2,"1,1.1,1.1.2"
Gypsy-80_PAb-LTR,gypsy,N/A,1.1.2,"1,1.1,1.1.2"
BEL-63_DRe-LTR,Bel-Pao,N/A,1.1.3,"1,1.1,1.1.3"
Gypsy-81_AA-LTR,gypsy,N/A,1.1.2,"1,1.1,1.1.2"
Gypsy-81_CQ-I,gypsy,N/A,1.1.2,"1,1.1,1.1.2"
Gypsy-81_LMi-LTR,gypsy,N/A,1.1.2,"1,1.1,1.1.2"
Gypsy-81_SB-I,gypsy,N/A,1.1.2,"1,1.1,1.1.2"
Gypsy-82_AA-LTR,gypsy,N/A,1.1.2,"1,1.1,1.1.2"
Gypsy-82_CQ-I,gypsy,N/A,1.1.2,"1,1.1,1.1.2"
Gypsy-82_LMi-LTR,gypsy,N/A,1.1.2,"1,1.1,1.1.2"
Gypsy-82_SB-I,gypsy,N/A,1.1.2,"1,1.1,1.1.2"
Gypsy-83_AA-LTR,gypsy,N/A,1.1.2,"1,1.1,1.1.2"
Gypsy-83_CQ-I,DIRS,N/A,1.2,"1,1.2"
BEL-642_AA-I,Bel-Pao,N/A,1.1.3,"1,1.1,1.1.3"
Gypsy-83_MLP-I,gypsy,N/A,1.1.2,"1,1.1,1.1.2"
Gypsy-83_SB-LTR,gypsy,N/A,1.1.2,"1,1.1,1.1.2"
Gypsy-84_CCri-I,gypsy,N/A,1.1.2,"1,1.1,1.1.2"
Gypsy-84_CQ-LTR,Bel-Pao,N/A,1.1.3,"1,1.1,1.1.3"
Gypsy-84_PAb-I,gypsy,N/A,1.1.2,"1,1.1,1.1.2"
Gypsy-84_ZM-LTR,gypsy,N/A,1.1.2,"1,1.1,1.1.2"
Gypsy-85_CQ-I,gypsy,N/A,1.1.2,"1,1.1,1.1.2"
Gypsy-85_MLP-LTR,gypsy,N/A,1.1.2,"1,1.1,1.1.2"
Gypsy-85_ZM-I,gypsy,N/A,1.1.2,"1,1.1,1.1.2"
Gypsy-86_CCri-LTR,gypsy,N/A,1.1.2,"1,1.1,1.1.2"
BEL-644_AA-LTR,Bel-Pao,N/A,1.1.3,"1,1.1,1.1.3"
Gypsy-86_MLP-I,gypsy,N/A,1.1.2,"1,1.1,1.1.2"
Gypsy-86_SB-LTR,gypsy,N/A,1.1.2,"1,1.1,1.1.2"
Gypsy-87_CCri-I,RTE,N/A,1.4.2,"1,1.4,1.4.2"
Gypsy-87_GM-LTR,Copia,N/A,1.1.1,"1,1.1,1.1.1"
Gypsy-87_SB-I,gypsy,N/A,1.1.2,"1,1.1,1.1.2"
Gypsy-88_AA-LTR,gypsy,N/A,1.1.2,"1,1.1,1.1.2"
Gypsy-88_GM-I,gypsy,N/A,1.1.2,"1,1.1,1.1.2"
Gypsy-88_PAb-LTR,gypsy,N/A,1.1.2,"1,1.1,1.1.2"
Gypsy-89_AA-I,gypsy,N/A,1.1.2,"1,1.1,1.1.2"
Gypsy-89_CQ-LTR,tRNA,N/A,1.5.1,"1,1.5,1.5.1"
BEL-647_AA-I,Bel-Pao,N/A,1.1.3,"1,1.1,1.1.3"
Gypsy-89_SB-I,gypsy,N/A,1.1.2,"1,1.1,1.1.2"
Gypsy-8B_CCri-I,gypsy,N/A,1.1.2,"1,1.1,1.1.2"
Gypsy-8_AA-I,gypsy,N/A,1.1.2,"1,1.1,1.1.2"
Gypsy-8_ADe-I,gypsy,N/A,1.1.2,"1,1.1,1.1.2"
Gypsy-8_ALY-LTR,LINE,N/A,1.4,"1,1.4"
Gypsy-8_ATr-I,gypsy,N/A,1.1.2,"1,1.1,1.1.2"
Gypsy-8_BG-LTR,gypsy,N/A,1.1.2,"1,1.1,1.1.2"
Gypsy-8_CCri-I,gypsy,N/A,1.1.2,"1,1.1,1.1.2"
Gypsy-8_CGi-LTR,gypsy,N/A,1.1.2,"1,1.1,1.1.2"
Gypsy-8_CPu-LTR,gypsy,N/A,1.1.2,"1,1.1,1.1.2"
BEL-649_AA-LTR,Bel-Pao,N/A,1.1.3,"1,1.1,1.1.3"
Gypsy-8_CT-I,gypsy,N/A,1.1.2,"1,1.1,1.1.2"
Gypsy-8_DBi-LTR,tRNA,N/A,1.5.1,"1,1.5,1.5.1"
Gypsy-8_DEu-I,gypsy,N/A,1.1.2,"1,1.1,1.1.2"
Gypsy-8_DMoj-LTR,Bel-Pao,N/A,1.1.3,"1,1.1,1.1.3"
Gypsy-8_DRh-I,gypsy,N/A,1.1.2,"1,1.1,1.1.2"
Gypsy-8_DTa-I,gypsy,N/A,1.1.2,"1,1.1,1.1.2"
Gypsy-8_DWil-LTR,SubclassI,N/A,2.1,"2,2.1"
Gypsy-8_EPa-LTR,DIRS,N/A,1.2,"1,1.2"
Gypsy-8_GA-I,gypsy,N/A,1.1.2,"1,1.1,1.1.2"
Gypsy-8_GM-LTR,gypsy,N/A,1.1.2,"1,1.1,1.1.2"
AluYb8a1,7SL,N/A,1.5.2,"1,1.5,1.5.2"
BEL-64_DRe-I,DIRS,N/A,1.2,"1,1.2"
Gypsy-8_JC-I,gypsy,N/A,1.1.2,"1,1.1,1.1.2"
Gypsy-8_LG-LTR,gypsy,N/A,1.1.2,"1,1.1,1.1.2"
Gypsy-8_Mad-I,gypsy,N/A,1.1.2,"1,1.1,1.1.2"
Gypsy-8_OD-LTR,Bel-Pao,N/A,1.1.3,"1,1.1,1.1.3"
Gypsy-8_PGr-I,gypsy,N/A,1.1.2,"1,1.1,1.1.2"
Gypsy-8_PMar-LTR,Copia,N/A,1.1.1,"1,1.1,1.1.1"
Gypsy-8_PR-I,gypsy,N/A,1.1.2,"1,1.1,1.1.2"
Gypsy-8_PSo-LTR,gypsy,N/A,1.1.2,"1,1.1,1.1.2"
Gypsy-8_PX-LTR,Copia,N/A,1.1.1,"1,1.1,1.1.1"
Gypsy-8_RP-I,gypsy,N/A,1.1.2,"1,1.1,1.1.2"
BEL-65_AA-I,Bel-Pao,N/A,1.1.3,"1,1.1,1.1.3"
Gypsy-8_SCH-LTR,gypsy,N/A,1.1.2,"1,1.1,1.1.2"
Gypsy-8_SMo-I,gypsy,N/A,1.1.2,"1,1.1,1.1.2"
Gypsy-8_ST-LTR,gypsy,N/A,1.1.2,"1,1.1,1.1.2"
Gypsy-8_TCa-I,gypsy,N/A,1.1.2,"1,1.1,1.1.2"
Gypsy-8_XT-LTR,gypsy,N/A,1.1.2,"1,1.1,1.1.2"
Gypsy-9-LTR_CR,gypsy,N/A,1.1.2,"1,1.1,1.1.2"
Gypsy-90_AA-LTR,gypsy,N/A,1.1.2,"1,1.1,1.1.2"
Gypsy-90_GM-I,gypsy,N/A,1.1.2,"1,1.1,1.1.2"
Gypsy-90_SB-LTR,gypsy,N/A,1.1.2,"1,1.1,1.1.2"
Gypsy-91_CCri-I,gypsy,N/A,1.1.2,"1,1.1,1.1.2"
BEL-65_DRe-LTR,Bel-Pao,N/A,1.1.3,"1,1.1,1.1.3"
Gypsy-91_GM-LTR,Copia,N/A,1.1.1,"1,1.1,1.1.1"
Gypsy-91_ZM-I,gypsy,N/A,1.1.2,"1,1.1,1.1.2"
Gypsy-92_CCri-LTR,gypsy,N/A,1.1.2,"1,1.1,1.1.2"
Gypsy-92_MLP-I,gypsy,N/A,1.1.2,"1,1.1,1.1.2"
Gypsy-92_ZM-LTR,Tc1-Mariner,N/A,2.1.1.1,"2,2.1,2.1.1,2.1.1.1"
Gypsy-93_CQ-I,gypsy,N/A,1.1.2,"1,1.1,1.1.2"
Gypsy-93_MLP-LTR,gypsy,N/A,1.1.2,"1,1.1,1.1.2"
Gypsy-94B_CCri-LTR,gypsy,N/A,1.1.2,"1,1.1,1.1.2"
Gypsy-94_CQ-I,gypsy,N/A,1.1.2,"1,1.1,1.1.2"
Gypsy-94_MLP-LTR,gypsy,N/A,1.1.2,"1,1.1,1.1.2"
BEL-67_AA-I,Bel-Pao,N/A,1.1.3,"1,1.1,1.1.3"
Gypsy-95_AA-I,gypsy,N/A,1.1.2,"1,1.1,1.1.2"
Gypsy-95_CQ-LTR,gypsy,N/A,1.1.2,"1,1.1,1.1.2"
Gypsy-95_SB-I,gypsy,N/A,1.1.2,"1,1.1,1.1.2"
Gypsy-96_AA-LTR,SubclassI,N/A,2.1,"2,2.1"
Gypsy-96_GM-I,gypsy,N/A,1.1.2,"1,1.1,1.1.2"
Gypsy-96_SB-LTR,gypsy,N/A,1.1.2,"1,1.1,1.1.2"
Gypsy-97_CCri-I,PiggyBac,N/A,2.1.1.7,"2,2.1,2.1.1,2.1.1.7"
Gypsy-97_GM-LTR,gypsy,N/A,1.1.2,"1,1.1,1.1.2"
Gypsy-97_ZM-I,gypsy,N/A,1.1.2,"1,1.1,1.1.2"
Gypsy-98_CQ-I,gypsy,N/A,1.1.2,"1,1.1,1.1.2"
BEL-68_AA-LTR,Bel-Pao,N/A,1.1.3,"1,1.1,1.1.3"
Gypsy-98_MLP-LTR,Copia,N/A,1.1.1,"1,1.1,1.1.1"
Gypsy-99_AA-I,gypsy,N/A,1.1.2,"1,1.1,1.1.2"
Gypsy-99_CQ-LTR,Copia,N/A,1.1.1,"1,1.1,1.1.1"
Gypsy-99_SB-I,gypsy,N/A,1.1.2,"1,1.1,1.1.2"
Gypsy-9C_Gav-LTR,gypsy,N/A,1.1.2,"1,1.1,1.1.2"
Gypsy-9_AA-LTR,gypsy,N/A,1.1.2,"1,1.1,1.1.2"
Gypsy-9_ADe-LTR,gypsy,N/A,1.1.2,"1,1.1,1.1.2"
Gypsy-9_AMi-I,gypsy,N/A,1.1.2,"1,1.1,1.1.2"
Gypsy-9_ATr-LTR,gypsy,N/A,1.1.2,"1,1.1,1.1.2"
Gypsy-9_BRa-I,gypsy,N/A,1.1.2,"1,1.1,1.1.2"
BEL-69_CQ-I,Bel-Pao,N/A,1.1.3,"1,1.1,1.1.3"
Gypsy-9_CCri-LTR,gypsy,N/A,1.1.2,"1,1.1,1.1.2"
Gypsy-9_CPB-I,gypsy,N/A,1.1.2,"1,1.1,1.1.2"
Gypsy-9_Crp-LTR,gypsy,N/A,1.1.2,"1,1.1,1.1.2"
Gypsy-9_DAn-I,gypsy,N/A,1.1.2,"1,1.1,1.1.2"
Gypsy-9_DBp-LTR,Bel-Pao,N/A,1.1.3,"1,1.1,1.1.3"
Gypsy-9_DFi-I,gypsy,N/A,1.1.2,"1,1.1,1.1.2"
Gypsy-9_DPer-LTR,gypsy,N/A,1.1.2,"1,1.1,1.1.2"
Gypsy-9_DSim-I,gypsy,N/A,1.1.2,"1,1.1,1.1.2"
Gypsy-9_DVir-LTR,gypsy,N/A,1.1.2,"1,1.1,1.1.2"
Gypsy-9_EPa-LTR,gypsy,N/A,1.1.2,"1,1.1,1.1.2"
BEL-6_Adi-LTR,Bel-Pao,N/A,1.1.3,"1,1.1,1.1.3"
Gypsy-9_GA-I,gypsy,N/A,1.1.2,"1,1.1,1.1.2"
Gypsy-9_GM-LTR,gypsy,N/A,1.1.2,"1,1.1,1.1.2"
Gypsy-9_JC-I,gypsy,N/A,1.1.2,"1,1.1,1.1.2"
Gypsy-9_LG-LTR,Copia,N/A,1.1.1,"1,1.1,1.1.1"
Gypsy-9_LVa-I,gypsy,N/A,1.1.2,"1,1.1,1.1.2"
Gypsy-9_MLP-LTR,Copia,N/A,1.1.1,"1,1.1,1.1.1"
Gypsy-9_PBa-I,gypsy,N/A,1.1.2,"1,1.1,1.1.2"
Gypsy-9_PIT-LTR,gypsy,N/A,1.1.2,"1,1.1,1.1.2"
Gypsy-9_PPc-I,gypsy,N/A,1.1.2,"1,1.1,1.1.2"
Gypsy-9_PR-LTR,gypsy,N/A,1.1.2,"1,1.1,1.1.2"
BEL-6_CQ-I,Bel-Pao,N/A,1.1.3,"1,1.1,1.1.3"
Gypsy-9_PSt-I,DIRS,N/A,1.2,"1,1.2"
Gypsy-9_RC-I,gypsy,N/A,1.1.2,"1,1.1,1.1.2"
Gypsy-9_RP-LTR,gypsy,N/A,1.1.2,"1,1.1,1.1.2"
Gypsy-9_SI-I,gypsy,N/A,1.1.2,"1,1.1,1.1.2"
Gypsy-9_SMo-LTR,gypsy,N/A,1.1.2,"1,1.1,1.1.2"
Gypsy-9_TA-I,DIRS,N/A,1.2,"1,1.2"
Gypsy-9_TCa-LTR,tRNA,N/A,1.5.1,"1,1.5,1.5.1"
GYPSY-A_I,gypsy,N/A,1.1.2,"1,1.1,1.1.2"
GYPSY-LTR_MT,gypsy,N/A,1.1.2,"1,1.1,1.1.2"
Gypsy-XX52_CGi-LTR,gypsy,N/A,1.1.2,"1,1.1,1.1.2"
BEL-6_CT-LTR,SubclassI,N/A,2.1,"2,2.1"
GYPSY1-I_AG,gypsy,N/A,1.1.2,"1,1.1,1.1.2"
Gypsy1-I_DM,gypsy,N/A,1.1.2,"1,1.1,1.1.2"
Gypsy1-I_GA,gypsy,N/A,1.1.2,"1,1.1,1.1.2"
GYPSY1-LTR_AG,Copia,N/A,1.1.1,"1,1.1,1.1.1"
Gypsy1-LTR_DM,gypsy,N/A,1.1.2,"1,1.1,1.1.2"
Gypsy1-LTR_GA,gypsy,N/A,1.1.2,"1,1.1,1.1.2"
Gypsy1-NVi_I,DIRS,N/A,1.2,"1,1.2"
Gypsy1-PTR_LTR,SubclassI,N/A,2.1,"2,2.1"
GYPSY10-I_AG,gypsy,N/A,1.1.2,"1,1.1,1.1.2"
Gypsy10-I_SP,gypsy,N/A,1.1.2,"1,1.1,1.1.2"
BEL-6_DEl-I,Bel-Pao,N/A,1.1.3,"1,1.1,1.1.3"
Gypsy10-LTR_DR,gypsy,N/A,1.1.2,"1,1.1,1.1.2"
Gypsy10-NVi_LTR,gypsy,N/A,1.1.2,"1,1.1,1.1.2"
Gypsy10-ZM_I,gypsy,N/A,1.1.2,"1,1.1,1.1.2"
Gypsy101-LTRb_DR,gypsy,N/A,1.1.2,"1,1.1,1.1.2"
Gypsy103-I_Dr,gypsy,N/A,1.1.2,"1,1.1,1.1.2"
Gypsy105-LTR_Dr,gypsy,N/A,1.1.2,"1,1.1,1.1.2"
Gypsy108-I_Dr,gypsy,N/A,1.1.2,"1,1.1,1.1.2"
Gypsy11-I_Dpse,gypsy,N/A,1.1.2,"1,1.1,1.1.2"
GYPSY11-LTR_AG,Bel-Pao,N/A,1.1.3,"1,1.1,1.1.3"
Gypsy11-LTR_VC,gypsy,N/A,1.1.2,"1,1.1,1.1.2"
AluYk12,7SL,N/A,1.5.2,"1,1.5,1.5.2"
BEL-6_DPe-LTR,SubclassI,N/A,2.1,"2,2.1"
Gypsy11-VV_I,gypsy,N/A,1.1.2,"1,1.1,1.1.2"
Gypsy116-I_DR,gypsy,N/A,1.1.2,"1,1.1,1.1.2"
Gypsy118-LTR_DR,gypsy,N/A,1.1.2,"1,1.1,1.1.2"
GYPSY12-I_AG,gypsy,N/A,1.1.2,"1,1.1,1.1.2"
Gypsy12-I_VC,gypsy,N/A,1.1.2,"1,1.1,1.1.2"
Gypsy12-LTR_SP,SubclassI,N/A,2.1,"2,2.1"
Gypsy12-PTR_LTR,gypsy,N/A,1.1.2,"1,1.1,1.1.2"
Gypsy120-I_DR,gypsy,N/A,1.1.2,"1,1.1,1.1.2"
Gypsy122-LTR_DR,Bel-Pao,N/A,1.1.3,"1,1.1,1.1.3"
Gypsy124-LTR_DR,gypsy,N/A,1.1.2,"1,1.1,1.1.2"
BEL-6_DRh-I,Bel-Pao,N/A,1.1.3,"1,1.1,1.1.3"
GYPSY12A_LTR,gypsy,N/A,1.1.2,"1,1.1,1.1.2"
Gypsy13-I_DR,gypsy,N/A,1.1.2,"1,1.1,1.1.2"
Gypsy13-LTR_Dpse,gypsy,N/A,1.1.2,"1,1.1,1.1.2"
Gypsy13-NVi_I,gypsy,N/A,1.1.2,"1,1.1,1.1.2"
Gypsy13-SM_LTR,gypsy,N/A,1.1.2,"1,1.1,1.1.2"
Gypsy132-I_DR,gypsy,N/A,1.1.2,"1,1.1,1.1.2"
Gypsy134-LTR_DR,tRNA,N/A,1.5.1,"1,1.5,1.5.1"
Gypsy137-I_DR,gypsy,N/A,1.1.2,"1,1.1,1.1.2"
Gypsy139-LTR_DR,DIRS,N/A,1.2,"1,1.2"
Gypsy14-I_SP,gypsy,N/A,1.1.2,"1,1.1,1.1.2"
BEL-6_DWil-LTR,SubclassI,N/A,2.1,"2,2.1"
Gypsy14-LTR_Dya,gypsy,N/A,1.1.2,"1,1.1,1.1.2"
Gypsy14-PTR_I,gypsy,N/A,1.1.2,"1,1.1,1.1.2"
Gypsy14-VV_LTR__2,gypsy,N/A,1.1.2,"1,1.1,1.1.2"
Gypsy141-I_DR,gypsy,N/A,1.1.2,"1,1.1,1.1.2"
Gypsy143-LTR_DR,SubclassI,N/A,2.1,"2,2.1"
Gypsy146-I_DR,gypsy,N/A,1.1.2,"1,1.1,1.1.2"
Gypsy148-LTRb_DR,gypsy,N/A,1.1.2,"1,1.1,1.1.2"
Gypsy15-I_CR,gypsy,N/A,1.1.2,"1,1.1,1.1.2"
GYPSY15-LTR_AG,gypsy,N/A,1.1.2,"1,1.1,1.1.2"
Gypsy15-LTR_VC,SINE,N/A,1.5,"1,1.5"
BEL-6_LG-I,Bel-Pao,N/A,1.1.3,"1,1.1,1.1.3"
Gypsy15-SM_I,gypsy,N/A,1.1.2,"1,1.1,1.1.2"
Gypsy15-ZM_LTR,gypsy,N/A,1.1.2,"1,1.1,1.1.2"
Gypsy152-I_DR,gypsy,N/A,1.1.2,"1,1.1,1.1.2"
Gypsy153-LTR_DR,gypsy,N/A,1.1.2,"1,1.1,1.1.2"
Gypsy156-I_DR,gypsy,N/A,1.1.2,"1,1.1,1.1.2"
Gypsy158-LTR_DR,SubclassI,N/A,2.1,"2,2.1"
Gypsy16-I_Dpse,I,N/A,1.4.5,"1,1.4,1.4.5"
Gypsy16-LTR_CR,gypsy,N/A,1.1.2,"1,1.1,1.1.2"
Gypsy16-PTR_I__2,gypsy,N/A,1.1.2,"1,1.1,1.1.2"
Gypsy16-ZM_LTR,gypsy,N/A,1.1.2,"1,1.1,1.1.2"
BEL-6_SI-LTR,Bel-Pao,N/A,1.1.3,"1,1.1,1.1.3"
Gypsy163-I_DR,gypsy,N/A,1.1.2,"1,1.1,1.1.2"
GYPSY17-I_AG,gypsy,N/A,1.1.2,"1,1.1,1.1.2"
GYPSY17-LTR_AG,tRNA,N/A,1.5.1,"1,1.5,1.5.1"
Gypsy17-PTR_I__2,gypsy,N/A,1.1.2,"1,1.1,1.1.2"
Gypsy17-ZM_LTR,gypsy,N/A,1.1.2,"1,1.1,1.1.2"
Gypsy18-I_Dya,gypsy,N/A,1.1.2,"1,1.1,1.1.2"
Gypsy18-LTR_SP,Copia,N/A,1.1.1,"1,1.1,1.1.1"
Gypsy18-ZM_I,gypsy,N/A,1.1.2,"1,1.1,1.1.2"
Gypsy19-I_Dya,gypsy,N/A,1.1.2,"1,1.1,1.1.2"
Gypsy19-LTR_Dya,gypsy,N/A,1.1.2,"1,1.1,1.1.2"
BEL-70_AA-I,PIF-Harbinger,N/A,2.1.1.8,"2,2.1,2.1.1,2.1.1.8"
Gypsy19-VV_LTR,gypsy,N/A,1.1.2,"1,1.1,1.1.2"
GYPSY1GM_LTR,SINE,N/A,1.5,"1,1.5"
Gypsy2-1-LTR_Lch,gypsy,N/A,1.1.2,"1,1.1,1.1.2"
Gypsy2-I_AP,gypsy,N/A,1.1.2,"1,1.1,1.1.2"
Gypsy2-I_DV,gypsy,N/A,1.1.2,"1,1.1,1.1.2"
Gypsy2-I_ST,gypsy,N/A,1.1.2,"1,1.1,1.1.2"
Gypsy2-LTR_AP,SubclassI,N/A,2.1,"2,2.1"
Gypsy2-LTR_DV,Copia,N/A,1.1.1,"1,1.1,1.1.1"
Gypsy2-LTR_ST,gypsy,N/A,1.1.2,"1,1.1,1.1.2"
Gypsy2-PP_I,gypsy,N/A,1.1.2,"1,1.1,1.1.2"
BEL-71_AA-LTR,Bel-Pao,N/A,1.1.3,"1,1.1,1.1.3"
Gypsy2-VV_LTR__2,gypsy,N/A,1.1.2,"1,1.1,1.1.2"
Gypsy20-I_Dya,gypsy,N/A,1.1.2,"1,1.1,1.1.2"
Gypsy20-LTR_SP,SubclassI,N/A,2.1,"2,2.1"
Gypsy20_ZM_I,gypsy,N/A,1.1.2,"1,1.1,1.1.2"
GYPSY21-LTR_AG,Copia,N/A,1.1.1,"1,1.1,1.1.1"
Gypsy21-ZM_I,gypsy,N/A,1.1.2,"1,1.1,1.1.2"
Gypsy22-LTR_Dpse,I,N/A,1.4.5,"1,1.4,1.4.5"
GYPSY23-I_AG,gypsy,N/A,1.1.2,"1,1.1,1.1.2"
Gypsy23-PTR_LTR__2,Copia,N/A,1.1.1,"1,1.1,1.1.1"
GYPSY24-LTR_AG,gypsy,N/A,1.1.2,"1,1.1,1.1.2"
BEL-73_AA-I,Bel-Pao,N/A,1.1.3,"1,1.1,1.1.3"
Gypsy24-ZM_LTR,tRNA,N/A,1.5.1,"1,1.5,1.5.1"
GYPSY26-I_AG,gypsy,N/A,1.1.2,"1,1.1,1.1.2"
GYPSY27-LTR_AG,Bel-Pao,N/A,1.1.3,"1,1.1,1.1.3"
Gypsy28-ZM_I,gypsy,N/A,1.1.2,"1,1.1,1.1.2"
Gypsy29-ZM_LTR,gypsy,N/A,1.1.2,"1,1.1,1.1.2"
Gypsy3-1-I_Lch,gypsy,N/A,1.1.2,"1,1.1,1.1.2"
Gypsy3-I_Dmoj,gypsy,N/A,1.1.2,"1,1.1,1.1.2"
Gypsy3-I_TP,gypsy,N/A,1.1.2,"1,1.1,1.1.2"
Gypsy3-LTR_CI,gypsy,N/A,1.1.2,"1,1.1,1.1.2"
Gypsy3-LTR_SP,gypsy,N/A,1.1.2,"1,1.1,1.1.2"
BEL-74_AA-LTR,Bel-Pao,N/A,1.1.3,"1,1.1,1.1.3"
Gypsy3-PP_I,Copia,N/A,1.1.1,"1,1.1,1.1.1"
Gypsy3-SM_LTR,SubclassI,N/A,2.1,"2,2.1"
Gypsy30-ZM_I,gypsy,N/A,1.1.2,"1,1.1,1.1.2"
GYPSY32-LTR_AG,gypsy,N/A,1.1.2,"1,1.1,1.1.2"
Gypsy33-ZM_I,gypsy,N/A,1.1.2,"1,1.1,1.1.2"
Gypsy35-I_DR,gypsy,N/A,1.1.2,"1,1.1,1.1.2"
GYPSY36-I_AG,L1,N/A,1.4.4,"1,1.4,1.4.4"
Gypsy36-ZM_LTR,gypsy,N/A,1.1.2,"1,1.1,1.1.2"
Gypsy37-ZM_I,gypsy,N/A,1.1.2,"1,1.1,1.1.2"
Gypsy38-LTR_DR,Bel-Pao,N/A,1.1.3,"1,1.1,1.1.3"
BEL-76_AA-I,Bel-Pao,N/A,1.1.3,"1,1.1,1.1.3"
GYPSY39-LTR_AG,tRNA,N/A,1.5.1,"1,1.5,1.5.1"
GYPSY3I_DR,DIRS,N/A,1.2,"1,1.2"
GYPSY3_LTR,gypsy,N/A,1.1.2,"1,1.1,1.1.2"
GYPSY4-I_AG,gypsy,N/A,1.1.2,"1,1.1,1.1.2"
Gypsy4-I_Dpse,gypsy,N/A,1.1.2,"1,1.1,1.1.2"
GYPSY4-LTR_AG,Bel-Pao,N/A,1.1.3,"1,1.1,1.1.3"
Gypsy4-LTR_Dpse,gypsy,N/A,1.1.2,"1,1.1,1.1.2"
Gypsy4-NVi_I,gypsy,N/A,1.1.2,"1,1.1,1.1.2"
Gypsy4-SM_LTR,gypsy,N/A,1.1.2,"1,1.1,1.1.2"
GYPSY40-I_AG,I,N/A,1.4.5,"1,1.4,1.4.5"
Ambal-1_PMul,Jockey,N/A,1.4.3,"1,1.4,1.4.3"
BEL-77_CQ-LTR,Bel-Pao,N/A,1.1.3,"1,1.1,1.1.3"
Gypsy40-ZM_LTR,gypsy,N/A,1.1.2,"1,1.1,1.1.2"
Gypsy41-ZM_I,gypsy,N/A,1.1.2,"1,1.1,1.1.2"
Gypsy42-LTR_DR,gypsy,N/A,1.1.2,"1,1.1,1.1.2"
Gypsy43-I_DR,gypsy,N/A,1.1.2,"1,1.1,1.1.2"
GYPSY44-I_AG,gypsy,N/A,1.1.2,"1,1.1,1.1.2"
Gypsy44-ZM_LTR,gypsy,N/A,1.1.2,"1,1.1,1.1.2"
Gypsy45-ZM_I,gypsy,N/A,1.1.2,"1,1.1,1.1.2"
Gypsy46-ZM_LTR,Copia,N/A,1.1.1,"1,1.1,1.1.1"
Gypsy47-ZM_I,gypsy,N/A,1.1.2,"1,1.1,1.1.2"
Gypsy48_LTR_DR,SINE,N/A,1.5,"1,1.5"
BEL-79_AA-I,Bel-Pao,N/A,1.1.3,"1,1.1,1.1.3"
Gypsy49-ZM_LTR,gypsy,N/A,1.1.2,"1,1.1,1.1.2"
GYPSY5-I_AG,I,N/A,1.4.5,"1,1.4,1.4.5"
Gypsy5-I_Dya,gypsy,N/A,1.1.2,"1,1.1,1.1.2"
GYPSY5-LTR_CB,gypsy,N/A,1.1.2,"1,1.1,1.1.2"
Gypsy5-LTR_VC,SINE,N/A,1.5,"1,1.5"
Gypsy5-VV_I__2,gypsy,N/A,1.1.2,"1,1.1,1.1.2"
Gypsy50-LTR_DR,Copia,N/A,1.1.1,"1,1.1,1.1.1"
Gypsy51-ZM_I,gypsy,N/A,1.1.2,"1,1.1,1.1.2"
Gypsy52-LTR_DR,gypsy,N/A,1.1.2,"1,1.1,1.1.2"
Gypsy53-ZM_I,L1,N/A,1.4.4,"1,1.4,1.4.4"
BEL-7_AA-LTR,Bel-Pao,N/A,1.1.3,"1,1.1,1.1.3"
Gypsy54-LTR_DR,Copia,N/A,1.1.1,"1,1.1,1.1.1"
GYPSY55-LTR_AG,gypsy,N/A,1.1.2,"1,1.1,1.1.2"
Gypsy56-I_DR,gypsy,N/A,1.1.2,"1,1.1,1.1.2"
GYPSY57-I_AG,gypsy,N/A,1.1.2,"1,1.1,1.1.2"
Gypsy57-ZM_LTR,Tc1-Mariner,N/A,2.1.1.1,"2,2.1,2.1.1,2.1.1.1"
Gypsy58-ZM_I,gypsy,N/A,1.1.2,"1,1.1,1.1.2"
Gypsy59-LTR_DR,gypsy,N/A,1.1.2,"1,1.1,1.1.2"
GYPSY5MT_LTR__2,gypsy,N/A,1.1.2,"1,1.1,1.1.2"
GYPSY6-I_CB,Bel-Pao,N/A,1.1.3,"1,1.1,1.1.3"
Gypsy6-I_SP,gypsy,N/A,1.1.2,"1,1.1,1.1.2"
BEL-7_CQ-I,Bel-Pao,N/A,1.1.3,"1,1.1,1.1.3"
Gypsy6-LTR_Dmoj,gypsy,N/A,1.1.2,"1,1.1,1.1.2"
Gypsy6-LTR_VC,Merlin,N/A,2.1.1.4,"2,2.1,2.1.1,2.1.1.4"
Gypsy6-PTR_LTR,Copia,N/A,1.1.1,"1,1.1,1.1.1"
Gypsy6-ZM_I,gypsy,N/A,1.1.2,"1,1.1,1.1.2"
Gypsy60-LTR_DR,Bel-Pao,N/A,1.1.3,"1,1.1,1.1.3"
GYPSY61-LTR_AG,gypsy,N/A,1.1.2,"1,1.1,1.1.2"
Gypsy62-I_DR,gypsy,N/A,1.1.2,"1,1.1,1.1.2"
GYPSY63-I_AG,gypsy,N/A,1.1.2,"1,1.1,1.1.2"
Gypsy63-ZM_LTR,gypsy,N/A,1.1.2,"1,1.1,1.1.2"
Gypsy64-ZM_I,gypsy,N/A,1.1.2,"1,1.1,1.1.2"
BEL-7_CT-LTR,Bel-Pao,N/A,1.1.3,"1,1.1,1.1.3"
Gypsy65-LTR_DR,gypsy,N/A,1.1.2,"1,1.1,1.1.2"
GYPSY66-LTR_AG,Bel-Pao,N/A,1.1.3,"1,1.1,1.1.3"
Gypsy67-I_DR,gypsy,N/A,1.1.2,"1,1.1,1.1.2"
GYPSY68-I_AG,gypsy,N/A,1.1.2,"1,1.1,1.1.2"
Gypsy68-ZM_LTR,gypsy,N/A,1.1.2,"1,1.1,1.1.2"
Gypsy69-ZM_I,DIRS,N/A,1.2,"1,1.2"
GYPSY7-I_AG,gypsy,N/A,1.1.2,"1,1.1,1.1.2"
Gypsy7-I_Dya,gypsy,N/A,1.1.2,"1,1.1,1.1.2"
Gypsy7-LTR_Dmoj,gypsy,N/A,1.1.2,"1,1.1,1.1.2"
Gypsy7-LTR_VC,gypsy,N/A,1.1.2,"1,1.1,1.1.2"
BEL-7_DEl-LTR,Bel-Pao,N/A,1.1.3,"1,1.1,1.1.3"
Gypsy7-VV_I__2,gypsy,N/A,1.1.2,"1,1.1,1.1.2"
Gypsy70-I_DR,gypsy,N/A,1.1.2,"1,1.1,1.1.2"
GYPSY72-I_AG,gypsy,N/A,1.1.2,"1,1.1,1.1.2"
Gypsy73-LTR_DR,Copia,N/A,1.1.1,"1,1.1,1.1.1"
Gypsy76-I_DR,gypsy,N/A,1.1.2,"1,1.1,1.1.2"
Gypsy78-LTR_DR,gypsy,N/A,1.1.2,"1,1.1,1.1.2"
GYPSY8-I_AG,gypsy,N/A,1.1.2,"1,1.1,1.1.2"
Gypsy8-I_SP,gypsy,N/A,1.1.2,"1,1.1,1.1.2"
Gypsy8-LTR_DR,gypsy,N/A,1.1.2,"1,1.1,1.1.2"
Gypsy8-NVi_LTR,DIRS,N/A,1.2,"1,1.2"
BEL-7_DPer-I,Bel-Pao,N/A,1.1.3,"1,1.1,1.1.3"
Gypsy8-VV_I__2,gypsy,N/A,1.1.2,"1,1.1,1.1.2"
Gypsy80-LTR_DR,Copia,N/A,1.1.1,"1,1.1,1.1.1"
Gypsy83-I_DR,gypsy,N/A,1.1.2,"1,1.1,1.1.2"
Gypsy85-LTR_DR,gypsy,N/A,1.1.2,"1,1.1,1.1.2"
Gypsy88-I_DR,gypsy,N/A,1.1.2,"1,1.1,1.1.2"
GYPSY8_LTR,gypsy,N/A,1.1.2,"1,1.1,1.1.2"
Gypsy9-I_Dya,gypsy,N/A,1.1.2,"1,1.1,1.1.2"
Gypsy9-LTR_Dpse,gypsy,N/A,1.1.2,"1,1.1,1.1.2"
Gypsy9-NVi_I,gypsy,N/A,1.1.2,"1,1.1,1.1.2"
Gypsy9-SM_LTR,gypsy,N/A,1.1.2,"1,1.1,1.1.2"
BEL-7_DRh-LTR,gypsy,N/A,1.1.2,"1,1.1,1.1.2"
Gypsy90-I_DR,gypsy,N/A,1.1.2,"1,1.1,1.1.2"
Gypsy92-LTR_DR,Copia,N/A,1.1.1,"1,1.1,1.1.1"
Gypsy95-I_DR,gypsy,N/A,1.1.2,"1,1.1,1.1.2"
Gypsy97-LTR-B_DR,gypsy,N/A,1.1.2,"1,1.1,1.1.2"
Gypsy99-LTR_DR,gypsy,N/A,1.1.2,"1,1.1,1.1.2"
GYPSYDR2,gypsy,N/A,1.1.2,"1,1.1,1.1.2"
Gypsy_DG_I,DIRS,N/A,1.2,"1,1.2"
Gyp_I_MT__2,gypsy,N/A,1.1.2,"1,1.1,1.1.2"
GYZMA1_I,gypsy,N/A,1.1.2,"1,1.1,1.1.2"
HADES_TA,SubclassI,N/A,2.1,"2,2.1"
BEL-7_GA-I,Bel-Pao,N/A,1.1.3,"1,1.1,1.1.3"
HAL1-1B_Cho,L1,N/A,1.4.4,"1,1.4,1.4.4"
HAL1-1C_Cja,L1,N/A,1.4.4,"1,1.4,1.4.4"
HAL1-1E_Cpo,L1,N/A,1.4.4,"1,1.4,1.4.4"
HAL1-1H_Cpo,L1,N/A,1.4.4,"1,1.4,1.4.4"
HAL1-2A_Cpo,L1,N/A,1.4.4,"1,1.4,1.4.4"
HAL1-3A_Cpo,L1,N/A,1.4.4,"1,1.4,1.4.4"
HAL1-3_ML,L1,N/A,1.4.4,"1,1.4,1.4.4"
HAL1-4_Cho,L1,N/A,1.4.4,"1,1.4,1.4.4"
HAL1_SS,L1,N/A,1.4.4,"1,1.4,1.4.4"
HARB-11_FV,PIF-Harbinger,N/A,2.1.1.8,"2,2.1,2.1.1,2.1.1.8"
BEL-7_LH-LTR,Bel-Pao,N/A,1.1.3,"1,1.1,1.1.3"
HARB-14_SBi,PIF-Harbinger,N/A,2.1.1.8,"2,2.1,2.1.1,2.1.1.8"
HARB-1_AP,Merlin,N/A,2.1.1.4,"2,2.1,2.1.1,2.1.1.4"
HARB-1_SBi,PIF-Harbinger,N/A,2.1.1.8,"2,2.1,2.1.1,2.1.1.8"
HARB-2N1_STu,SubclassI,N/A,2.1,"2,2.1"
HARB-2_STu,CACTA,N/A,2.1.1.9,"2,2.1,2.1.1,2.1.1.9"
HARB-3_ALy,PIF-Harbinger,N/A,2.1.1.8,"2,2.1,2.1.1,2.1.1.8"
HARB-4A_SBi,PIF-Harbinger,N/A,2.1.1.8,"2,2.1,2.1.1,2.1.1.8"
HARB-4_SBi,PIF-Harbinger,N/A,2.1.1.8,"2,2.1,2.1.1,2.1.1.8"
HARB-6_ALy,PIF-Harbinger,N/A,2.1.1.8,"2,2.1,2.1.1,2.1.1.8"
HARB-7_SBi,PIF-Harbinger,N/A,2.1.1.8,"2,2.1,2.1.1,2.1.1.8"
Ambal-3_FCy,gypsy,N/A,1.1.2,"1,1.1,1.1.2"
BEL-7_XT-LTR,Bel-Pao,N/A,1.1.3,"1,1.1,1.1.3"
HARB-9_FV,PIF-Harbinger,N/A,2.1.1.8,"2,2.1,2.1.1,2.1.1.8"
HARB-N11_ZM,SubclassI,N/A,2.1,"2,2.1"
HARB-N14_ZM,SubclassI,N/A,2.1,"2,2.1"
HARB-N17_SBi,PIF-Harbinger,N/A,2.1.1.8,"2,2.1,2.1.1,2.1.1.8"
HARB-N1_SB,PIF-Harbinger,N/A,2.1.1.8,"2,2.1,2.1.1,2.1.1.8"
HARB-N21_SBi,PIF-Harbinger,N/A,2.1.1.8,"2,2.1,2.1.1,2.1.1.8"
HARB-N25_SBi,PIF-Harbinger,N/A,2.1.1.8,"2,2.1,2.1.1,2.1.1.8"
HARB-N2_ALy,SubclassI,N/A,2.1,"2,2.1"
HARB-N30_SBi,PIF-Harbinger,N/A,2.1.1.8,"2,2.1,2.1.1,2.1.1.8"
HARB-N4_Mad,PIF-Harbinger,N/A,2.1.1.8,"2,2.1,2.1.1,2.1.1.8"
BEL-80_CQ-I,Bel-Pao,N/A,1.1.3,"1,1.1,1.1.3"
HARB-N5_ZM,SubclassI,N/A,2.1,"2,2.1"
HARB-N8_SBi,SubclassI,N/A,2.1,"2,2.1"
HARB3_ZM,PIF-Harbinger,N/A,2.1.1.8,"2,2.1,2.1.1,2.1.1.8"
HARB8_ZM,PIF-Harbinger,N/A,2.1.1.8,"2,2.1,2.1.1,2.1.1.8"
Harbinger-10_PGr,PIF-Harbinger,N/A,2.1.1.8,"2,2.1,2.1.1,2.1.1.8"
Harbinger-11_MLP,PIF-Harbinger,N/A,2.1.1.8,"2,2.1,2.1.1,2.1.1.8"
Harbinger-12_PI,PIF-Harbinger,N/A,2.1.1.8,"2,2.1,2.1.1,2.1.1.8"
Harbinger-14_PGr,PIF-Harbinger,N/A,2.1.1.8,"2,2.1,2.1.1,2.1.1.8"
Harbinger-16_CCri,PIF-Harbinger,N/A,2.1.1.8,"2,2.1,2.1.1,2.1.1.8"
Harbinger-18_CCri,PIF-Harbinger,N/A,2.1.1.8,"2,2.1,2.1.1,2.1.1.8"
BEL-81_CQ-LTR,Bel-Pao,N/A,1.1.3,"1,1.1,1.1.3"
Harbinger-1C_Crp,PIF-Harbinger,N/A,2.1.1.8,"2,2.1,2.1.1,2.1.1.8"
Harbinger-1N1_DK,SubclassI,N/A,2.1,"2,2.1"
Harbinger-1N1_VV,SubclassI,N/A,2.1,"2,2.1"
Harbinger-1_ADi,PIF-Harbinger,N/A,2.1.1.8,"2,2.1,2.1.1,2.1.1.8"
Harbinger-1_CGi,PiggyBac,N/A,2.1.1.7,"2,2.1,2.1.1,2.1.1.7"
Harbinger-1_DF,PIF-Harbinger,N/A,2.1.1.8,"2,2.1,2.1.1,2.1.1.8"
Harbinger-1_EPa,CACTA,N/A,2.1.1.9,"2,2.1,2.1.1,2.1.1.9"
Harbinger-1_MLP,PIF-Harbinger,N/A,2.1.1.8,"2,2.1,2.1.1,2.1.1.8"
Harbinger-1_PPI,SubclassI,N/A,2.1,"2,2.1"
Harbinger-1_SLL,PIF-Harbinger,N/A,2.1.1.8,"2,2.1,2.1.1,2.1.1.8"
BEL-83_AA-I,Bel-Pao,N/A,1.1.3,"1,1.1,1.1.3"
Harbinger-1_XT,PIF-Harbinger,N/A,2.1.1.8,"2,2.1,2.1.1,2.1.1.8"
Harbinger-21_PGr,PIF-Harbinger,N/A,2.1.1.8,"2,2.1,2.1.1,2.1.1.8"
Harbinger-25_CCri,PIF-Harbinger,N/A,2.1.1.8,"2,2.1,2.1.1,2.1.1.8"
Harbinger-29N1_CCri,PIF-Harbinger,N/A,2.1.1.8,"2,2.1,2.1.1,2.1.1.8"
Harbinger-2D_CPB,PIF-Harbinger,N/A,2.1.1.8,"2,2.1,2.1.1,2.1.1.8"
Harbinger-2N1B_XT,PIF-Harbinger,N/A,2.1.1.8,"2,2.1,2.1.1,2.1.1.8"
Harbinger-2N1G_XT,PIF-Harbinger,N/A,2.1.1.8,"2,2.1,2.1.1,2.1.1.8"
Harbinger-2N1_XT,PIF-Harbinger,N/A,2.1.1.8,"2,2.1,2.1.1,2.1.1.8"
Harbinger-2_CCri,PIF-Harbinger,N/A,2.1.1.8,"2,2.1,2.1.1,2.1.1.8"
Harbinger-2_DRh,hAT,N/A,2.1.1.2,"2,2.1,2.1.1,2.1.1.2"
BEL-85_AA-LTR,Bel-Pao,N/A,1.1.3,"1,1.1,1.1.3"
Harbinger-2_MLP,PIF-Harbinger,N/A,2.1.1.8,"2,2.1,2.1.1,2.1.1.8"
Harbinger-2_TV,SubclassI,N/A,2.1,"2,2.1"
Harbinger-32_CCri,PIF-Harbinger,N/A,2.1.1.8,"2,2.1,2.1.1,2.1.1.8"
Harbinger-37_CCri,PIF-Harbinger,N/A,2.1.1.8,"2,2.1,2.1.1,2.1.1.8"
Harbinger-3B_PSt,PIF-Harbinger,N/A,2.1.1.8,"2,2.1,2.1.1,2.1.1.8"
Harbinger-3N3B_VV,SubclassI,N/A,2.1,"2,2.1"
Harbinger-3_CGi,SubclassI,N/A,2.1,"2,2.1"
Harbinger-3_LMi,PIF-Harbinger,N/A,2.1.1.8,"2,2.1,2.1.1,2.1.1.8"
Harbinger-3_SPur,PIF-Harbinger,N/A,2.1.1.8,"2,2.1,2.1.1,2.1.1.8"
Harbinger-41_CCri,PIF-Harbinger,N/A,2.1.1.8,"2,2.1,2.1.1,2.1.1.8"
BEL-87_CQ-I,Bel-Pao,N/A,1.1.3,"1,1.1,1.1.3"
Harbinger-46_CCri,PIF-Harbinger,N/A,2.1.1.8,"2,2.1,2.1.1,2.1.1.8"
Harbinger-49_CCri,PIF-Harbinger,N/A,2.1.1.8,"2,2.1,2.1.1,2.1.1.8"
Harbinger-4D_PSt,PIF-Harbinger,N/A,2.1.1.8,"2,2.1,2.1.1,2.1.1.8"
Harbinger-4_CGi,SubclassI,N/A,2.1,"2,2.1"
Harbinger-4_PGr,PIF-Harbinger,N/A,2.1.1.8,"2,2.1,2.1.1,2.1.1.8"
Harbinger-4_XT,PIF-Harbinger,N/A,2.1.1.8,"2,2.1,2.1.1,2.1.1.8"
Harbinger-53_CCri,PIF-Harbinger,N/A,2.1.1.8,"2,2.1,2.1.1,2.1.1.8"
Harbinger-57_CCri,PIF-Harbinger,N/A,2.1.1.8,"2,2.1,2.1.1,2.1.1.8"
Harbinger-59_CCri,PIF-Harbinger,N/A,2.1.1.8,"2,2.1,2.1.1,2.1.1.8"
Harbinger-5N1_CCri,PIF-Harbinger,N/A,2.1.1.8,"2,2.1,2.1.1,2.1.1.8"
BEL-88_CQ-LTR,Bel-Pao,N/A,1.1.3,"1,1.1,1.1.3"
Harbinger-5_CGi,SubclassI,N/A,2.1,"2,2.1"
Harbinger-5_PGr,PIF-Harbinger,N/A,2.1.1.8,"2,2.1,2.1.1,2.1.1.8"
Harbinger-61_CCri,PIF-Harbinger,N/A,2.1.1.8,"2,2.1,2.1.1,2.1.1.8"
Harbinger-64_CCri,PIF-Harbinger,N/A,2.1.1.8,"2,2.1,2.1.1,2.1.1.8"
Harbinger-68_CCri,PIF-Harbinger,N/A,2.1.1.8,"2,2.1,2.1.1,2.1.1.8"
Harbinger-6_CCri,PIF-Harbinger,N/A,2.1.1.8,"2,2.1,2.1.1,2.1.1.8"
Harbinger-6_MLP,Tc1-Mariner,N/A,2.1.1.1,"2,2.1,2.1.1,2.1.1.1"
Harbinger-70_CCri,PIF-Harbinger,N/A,2.1.1.8,"2,2.1,2.1.1,2.1.1.8"
Harbinger-74N1_CCri,SubclassI,N/A,2.1,"2,2.1"
Harbinger-7_CCri,PIF-Harbinger,N/A,2.1.1.8,"2,2.1,2.1.1,2.1.1.8"
BEL-8_AA-I,Bel-Pao,N/A,1.1.3,"1,1.1,1.1.3"
Harbinger-7_PGr,PIF-Harbinger,N/A,2.1.1.8,"2,2.1,2.1.1,2.1.1.8"
Harbinger-8N2_DR,PIF-Harbinger,N/A,2.1.1.8,"2,2.1,2.1.1,2.1.1.8"
Harbinger-8_MLP,PIF-Harbinger,N/A,2.1.1.8,"2,2.1,2.1.1,2.1.1.8"
Harbinger-9N1_CCri,SubclassI,N/A,2.1,"2,2.1"
Harbinger-9_PI,PIF-Harbinger,N/A,2.1.1.8,"2,2.1,2.1.1,2.1.1.8"
Harbinger-N11_BF,SubclassI,N/A,2.1,"2,2.1"
Harbinger-N12_BF,PIF-Harbinger,N/A,2.1.1.8,"2,2.1,2.1.1,2.1.1.8"
Harbinger-N13B_DR,SubclassI,N/A,2.1,"2,2.1"
Harbinger-N14_BF,PIF-Harbinger,N/A,2.1.1.8,"2,2.1,2.1.1,2.1.1.8"
Harbinger-N15_NV,SubclassI,N/A,2.1,"2,2.1"
BEL-8_CGi-LTR,Bel-Pao,N/A,1.1.3,"1,1.1,1.1.3"
Harbinger-N16_NV,SubclassI,N/A,2.1,"2,2.1"
Harbinger-N17_BF,SubclassI,N/A,2.1,"2,2.1"
Harbinger-N18_NV,Tc1-Mariner,N/A,2.1.1.1,"2,2.1,2.1.1,2.1.1.1"
Harbinger-N1_ASi,SubclassI,N/A,2.1,"2,2.1"
Harbinger-N1_DPe,PIF-Harbinger,N/A,2.1.1.8,"2,2.1,2.1.1,2.1.1.8"
Harbinger-N1_MLP,Merlin,N/A,2.1.1.4,"2,2.1,2.1.1,2.1.1.4"
Harbinger-N1_RC,SubclassI,N/A,2.1,"2,2.1"
Harbinger-N20_NV,PIF-Harbinger,N/A,2.1.1.8,"2,2.1,2.1.1,2.1.1.8"
Harbinger-N252_AMi,PIF-Harbinger,N/A,2.1.1.8,"2,2.1,2.1.1,2.1.1.8"
Harbinger-N27_NV,PIF-Harbinger,N/A,2.1.1.8,"2,2.1,2.1.1,2.1.1.8"
BEL-8_DAn-I,Bel-Pao,N/A,1.1.3,"1,1.1,1.1.3"
Harbinger-N2_BF,SubclassI,N/A,2.1,"2,2.1"
Harbinger-N2_LCh,SubclassI,N/A,2.1,"2,2.1"
Harbinger-N2_PSt,SubclassI,N/A,2.1,"2,2.1"
Harbinger-N31_Gav,PIF-Harbinger,N/A,2.1.1.8,"2,2.1,2.1.1,2.1.1.8"
Harbinger-N379_Gav,PIF-Harbinger,N/A,2.1.1.8,"2,2.1,2.1.1,2.1.1.8"
Harbinger-N3_CCri,PIF-Harbinger,N/A,2.1.1.8,"2,2.1,2.1.1,2.1.1.8"
Harbinger-N3_PSt,SubclassI,N/A,2.1,"2,2.1"
Harbinger-N4_EL,SubclassI,N/A,2.1,"2,2.1"
Harbinger-N54_Gav,PIF-Harbinger,N/A,2.1.1.8,"2,2.1,2.1.1,2.1.1.8"
Harbinger-N5_CCri,PIF-Harbinger,N/A,2.1.1.8,"2,2.1,2.1.1,2.1.1.8"
AMPLICON_AA,RTE,N/A,1.4.2,"1,1.4,1.4.2"
BEL-8_DEl-LTR,Bel-Pao,N/A,1.1.3,"1,1.1,1.1.3"
Harbinger-N6A_NV,PIF-Harbinger,N/A,2.1.1.8,"2,2.1,2.1.1,2.1.1.8"
Harbinger-N730_AMi,PIF-Harbinger,N/A,2.1.1.8,"2,2.1,2.1.1,2.1.1.8"
Harbinger-N7_XT,PIF-Harbinger,N/A,2.1.1.8,"2,2.1,2.1.1,2.1.1.8"
Harbinger-N9A_XT,SubclassI,N/A,2.1,"2,2.1"
Harbinger0_MT__2,SubclassI,N/A,2.1,"2,2.1"
Harbinger1_PTr,PIF-Harbinger,N/A,2.1.1.8,"2,2.1,2.1.1,2.1.1.8"
Harbinger2-1_HM,PIF-Harbinger,N/A,2.1.1.8,"2,2.1,2.1.1,2.1.1.8"
Harbinger2-1_TSt,PIF-Harbinger,N/A,2.1.1.8,"2,2.1,2.1.1,2.1.1.8"
Harbinger2-3_TMe,SubclassI,N/A,2.1,"2,2.1"
HARBINGER3N_DR,SubclassI,N/A,2.1,"2,2.1"
BEL-8_DPu-I,Bel-Pao,N/A,1.1.3,"1,1.1,1.1.3"
HARBINGERN1_DR,PIF-Harbinger,N/A,2.1.1.8,"2,2.1,2.1.1,2.1.1.8"
HARBINGERN3B_DR,PIF-Harbinger,N/A,2.1.1.8,"2,2.1,2.1.1,2.1.1.8"
HARBINGERN6_DR,SubclassI,N/A,2.1,"2,2.1"
HarbingerS-2_PI,PIF-Harbinger,N/A,2.1.1.8,"2,2.1,2.1.1,2.1.1.8"
HarbingerS-4_PSo,Mutator,N/A,2.1.1.3,"2,2.1,2.1.1,2.1.1.3"
HarbingerS-9_PI,PIF-Harbinger,N/A,2.1.1.8,"2,2.1,2.1.1,2.1.1.8"
HARLEQUIN,gypsy,N/A,1.1.2,"1,1.1,1.1.2"
hAT-1001c_Croc,hAT,N/A,2.1.1.2,"2,2.1,2.1.1,2.1.1.2"
hAT-1002a_Croc,hAT,N/A,2.1.1.2,"2,2.1,2.1.1,2.1.1.2"
hAT-1082_Gav,hAT,N/A,2.1.1.2,"2,2.1,2.1.1,2.1.1.2"
BEL-8_DWil-LTR,Bel-Pao,N/A,1.1.3,"1,1.1,1.1.3"
hAT-10_ATr,hAT,N/A,2.1.1.2,"2,2.1,2.1.1,2.1.1.2"
hAT-10_FV,PIF-Harbinger,N/A,2.1.1.8,"2,2.1,2.1.1,2.1.1.8"
hAT-10_NV,hAT,N/A,2.1.1.2,"2,2.1,2.1.1,2.1.1.2"
hAT-10_VV,hAT,N/A,2.1.1.2,"2,2.1,2.1.1,2.1.1.2"
hAT-11N1_SSa,hAT,N/A,2.1.1.2,"2,2.1,2.1.1,2.1.1.2"
hAT-11_Crp,hAT,N/A,2.1.1.2,"2,2.1,2.1.1,2.1.1.2"
hAT-11_LMi,SubclassI,N/A,2.1,"2,2.1"
hAT-11_SSa,hAT,N/A,2.1.1.2,"2,2.1,2.1.1,2.1.1.2"
hAT-12N1_XT,SubclassI,N/A,2.1,"2,2.1"
hAT-12_DR,hAT,N/A,2.1.1.2,"2,2.1,2.1.1,2.1.1.2"
BEL-8_LH-I,Bel-Pao,N/A,1.1.3,"1,1.1,1.1.3"
HAT-12_Mad,hAT,N/A,2.1.1.2,"2,2.1,2.1.1,2.1.1.2"
hAT-12_XT,hAT,N/A,2.1.1.2,"2,2.1,2.1.1,2.1.1.2"
hAT-13_Crp,hAT,N/A,2.1.1.2,"2,2.1,2.1.1,2.1.1.2"
hAT-13_LMi,hAT,N/A,2.1.1.2,"2,2.1,2.1.1,2.1.1.2"
hAT-13_VVi,hAT,N/A,2.1.1.2,"2,2.1,2.1.1,2.1.1.2"
hAT-14_DR,hAT,N/A,2.1.1.2,"2,2.1,2.1.1,2.1.1.2"
HAT-14_Mad,hAT,N/A,2.1.1.2,"2,2.1,2.1.1,2.1.1.2"
hAT-15N1_LCh,hAT,N/A,2.1.1.2,"2,2.1,2.1.1,2.1.1.2"
hAT-15_LCh,hAT,N/A,2.1.1.2,"2,2.1,2.1.1,2.1.1.2"
hAT-15_SSa,hAT,N/A,2.1.1.2,"2,2.1,2.1.1,2.1.1.2"
BEL-8_SI-LTR,Bel-Pao,N/A,1.1.3,"1,1.1,1.1.3"
hAT-16_CPB,hAT,N/A,2.1.1.2,"2,2.1,2.1.1,2.1.1.2"
hAT-16_LMi,SubclassI,N/A,2.1,"2,2.1"
hAT-17B_Croc,hAT,N/A,2.1.1.2,"2,2.1,2.1.1,2.1.1.2"
hAT-17_HM,hAT,N/A,2.1.1.2,"2,2.1,2.1.1,2.1.1.2"
hAT-17_SSa,hAT,N/A,2.1.1.2,"2,2.1,2.1.1,2.1.1.2"
hAT-18_CPB,hAT,N/A,2.1.1.2,"2,2.1,2.1.1,2.1.1.2"
HAT-18_Mad,hAT,N/A,2.1.1.2,"2,2.1,2.1.1,2.1.1.2"
hAT-197_Crp,hAT,N/A,2.1.1.2,"2,2.1,2.1.1,2.1.1.2"
hAT-19_CPB,hAT,N/A,2.1.1.2,"2,2.1,2.1.1,2.1.1.2"
hAT-19_LMi,hAT,N/A,2.1.1.2,"2,2.1,2.1.1,2.1.1.2"
BEL-90_AA-I,Bel-Pao,N/A,1.1.3,"1,1.1,1.1.3"
hAT-1B_PM,hAT,N/A,2.1.1.2,"2,2.1,2.1.1,2.1.1.2"
hAT-1N1_NV,SubclassI,N/A,2.1,"2,2.1"
hAT-1N2_PBa,Merlin,N/A,2.1.1.4,"2,2.1,2.1.1,2.1.1.4"
hAT-1N_PTr,hAT,N/A,2.1.1.2,"2,2.1,2.1.1,2.1.1.2"
hAT-1_AN,hAT,N/A,2.1.1.2,"2,2.1,2.1.1,2.1.1.2"
hAT-1_CGi,hAT,N/A,2.1.1.2,"2,2.1,2.1.1,2.1.1.2"
hAT-1_DAn,hAT,N/A,2.1.1.2,"2,2.1,2.1.1,2.1.1.2"
hAT-1_DP,hAT,N/A,2.1.1.2,"2,2.1,2.1.1,2.1.1.2"
hAT-1_EI,Mutator,N/A,2.1.1.3,"2,2.1,2.1.1,2.1.1.3"
hAT-1_GM,hAT,N/A,2.1.1.2,"2,2.1,2.1.1,2.1.1.2"
BEL-92_AA-LTR,Bel-Pao,N/A,1.1.3,"1,1.1,1.1.3"
hAT-1_LCh,hAT,N/A,2.1.1.2,"2,2.1,2.1.1,2.1.1.2"
hAT-1_MD,hAT,N/A,2.1.1.2,"2,2.1,2.1.1,2.1.1.2"
hAT-1_PGr,hAT,N/A,2.1.1.2,"2,2.1,2.1.1,2.1.1.2"
hAT-1_PPI,hAT,N/A,2.1.1.2,"2,2.1,2.1.1,2.1.1.2"
hAT-1_PTr__2,hAT,N/A,2.1.1.2,"2,2.1,2.1.1,2.1.1.2"
hAT-1_SK,hAT,N/A,2.1.1.2,"2,2.1,2.1.1,2.1.1.2"
HAT-1_TA,PIF-Harbinger,N/A,2.1.1.8,"2,2.1,2.1.1,2.1.1.8"
hAT-1_XT,hAT,N/A,2.1.1.2,"2,2.1,2.1.1,2.1.1.2"
hAT-20_DR,hAT,N/A,2.1.1.2,"2,2.1,2.1.1,2.1.1.2"
hAT-20_SSa,hAT,N/A,2.1.1.2,"2,2.1,2.1.1,2.1.1.2"
BEL-94_AA-I,Bel-Pao,N/A,1.1.3,"1,1.1,1.1.3"
hAT-21N1_LMi,hAT,N/A,2.1.1.2,"2,2.1,2.1.1,2.1.1.2"
hAT-21_LCh,hAT,N/A,2.1.1.2,"2,2.1,2.1.1,2.1.1.2"
hAT-2210_Ami,PIF-Harbinger,N/A,2.1.1.8,"2,2.1,2.1.1,2.1.1.8"
hAT-22_HM,hAT,N/A,2.1.1.2,"2,2.1,2.1.1,2.1.1.2"
hAT-22_ZM,hAT,N/A,2.1.1.2,"2,2.1,2.1.1,2.1.1.2"
hAT-23_DR,hAT,N/A,2.1.1.2,"2,2.1,2.1.1,2.1.1.2"
hAT-23_SSa,hAT,N/A,2.1.1.2,"2,2.1,2.1.1,2.1.1.2"
hAT-24N1_SSa,hAT,N/A,2.1.1.2,"2,2.1,2.1.1,2.1.1.2"
hAT-24_LCh,hAT,N/A,2.1.1.2,"2,2.1,2.1.1,2.1.1.2"
hAT-250_Ami,hAT,N/A,2.1.1.2,"2,2.1,2.1.1,2.1.1.2"
BEL-95_AA-LTR,Bel-Pao,N/A,1.1.3,"1,1.1,1.1.3"
hAT-25_Ami,hAT,N/A,2.1.1.2,"2,2.1,2.1.1,2.1.1.2"
hAT-25_LMi,hAT,N/A,2.1.1.2,"2,2.1,2.1.1,2.1.1.2"
hAT-26_CPB,hAT,N/A,2.1.1.2,"2,2.1,2.1.1,2.1.1.2"
hAT-26_SM,hAT,N/A,2.1.1.2,"2,2.1,2.1.1,2.1.1.2"
hAT-27N1_SSa,hAT,N/A,2.1.1.2,"2,2.1,2.1.1,2.1.1.2"
hAT-27_LMi,hAT,N/A,2.1.1.2,"2,2.1,2.1.1,2.1.1.2"
hAT-28N1_LMi,Mutator,N/A,2.1.1.3,"2,2.1,2.1.1,2.1.1.3"
hAT-28_LMi,hAT,N/A,2.1.1.2,"2,2.1,2.1.1,2.1.1.2"
hAT-29_DR,hAT,N/A,2.1.1.2,"2,2.1,2.1.1,2.1.1.2"
hAT-29_SSa,hAT,N/A,2.1.1.2,"2,2.1,2.1.1,2.1.1.2"
BEL-98_AA-I,Bel-Pao,N/A,1.1.3,"1,1.1,1.1.3"
hAT-2N1_BF,SubclassI,N/A,2.1,"2,2.1"
hAT-2N1_JC,hAT,N/A,2.1.1.2,"2,2.1,2.1.1,2.1.1.2"
hAT-2N1_TC,Merlin,N/A,2.1.1.4,"2,2.1,2.1.1,2.1.1.4"
hAT-2N2_BF,hAT,N/A,2.1.1.2,"2,2.1,2.1.1,2.1.1.2"
hAT-2N4_ATr,hAT,N/A,2.1.1.2,"2,2.1,2.1.1,2.1.1.2"
hAT-2_AC,hAT,N/A,2.1.1.2,"2,2.1,2.1.1,2.1.1.2"
hAT-2_BF,hAT,N/A,2.1.1.2,"2,2.1,2.1.1,2.1.1.2"
hAT-2_DBp,hAT,N/A,2.1.1.2,"2,2.1,2.1.1,2.1.1.2"
hAT-2_DSe,hAT,N/A,2.1.1.2,"2,2.1,2.1.1,2.1.1.2"
hAT-2_EPa,hAT,N/A,2.1.1.2,"2,2.1,2.1.1,2.1.1.2"
ANGELA1_TM_I,Copia,N/A,1.1.1,"1,1.1,1.1.1"
BEL-9_AA-LTR,Bel-Pao,N/A,1.1.3,"1,1.1,1.1.3"
hAT-2_GM,hAT,N/A,2.1.1.2,"2,2.1,2.1.1,2.1.1.2"
HAT-2_Mad,hAT,N/A,2.1.1.2,"2,2.1,2.1.1,2.1.1.2"
hAT-2_NV,hAT,N/A,2.1.1.2,"2,2.1,2.1.1,2.1.1.2"
hAT-2_PMo,tRNA,N/A,1.5.1,"1,1.5,1.5.1"
hAT-2_SBi,hAT,N/A,2.1.1.2,"2,2.1,2.1.1,2.1.1.2"
hAT-2_TC,hAT,N/A,2.1.1.2,"2,2.1,2.1.1,2.1.1.2"
hAT-3051_Ami,hAT,N/A,2.1.1.2,"2,2.1,2.1.1,2.1.1.2"
hAT-30_DR,hAT,N/A,2.1.1.2,"2,2.1,2.1.1,2.1.1.2"
hAT-30_SSa,hAT,N/A,2.1.1.2,"2,2.1,2.1.1,2.1.1.2"
hAT-31_CPB,hAT,N/A,2.1.1.2,"2,2.1,2.1.1,2.1.1.2"
BEL-9_CQ-I,Bel-Pao,N/A,1.1.3,"1,1.1,1.1.3"
hAT-31_SM,hAT,N/A,2.1.1.2,"2,2.1,2.1.1,2.1.1.2"
hAT-32_DR,hAT,N/A,2.1.1.2,"2,2.1,2.1.1,2.1.1.2"
hAT-32_SSa,hAT,N/A,2.1.1.2,"2,2.1,2.1.1,2.1.1.2"
hAT-33_HM,hAT,N/A,2.1.1.2,"2,2.1,2.1.1,2.1.1.2"
hAT-348_Gav,hAT,N/A,2.1.1.2,"2,2.1,2.1.1,2.1.1.2"
hAT-34_SM,hAT,N/A,2.1.1.2,"2,2.1,2.1.1,2.1.1.2"
hAT-35_HM,hAT,N/A,2.1.1.2,"2,2.1,2.1.1,2.1.1.2"
hAT-360_Ami,SubclassI,N/A,2.1,"2,2.1"
hAT-36_SM,hAT,N/A,2.1.1.2,"2,2.1,2.1.1,2.1.1.2"
hAT-37_SM,hAT,N/A,2.1.1.2,"2,2.1,2.1.1,2.1.1.2"
BEL-9_DAn-LTR,Copia,N/A,1.1.1,"1,1.1,1.1.1"
hAT-38_SM,Mutator,N/A,2.1.1.3,"2,2.1,2.1.1,2.1.1.3"
hAT-39_SSa,hAT,N/A,2.1.1.2,"2,2.1,2.1.1,2.1.1.2"
hAT-3N1_ATr,hAT,N/A,2.1.1.2,"2,2.1,2.1.1,2.1.1.2"
hAT-3N1_TV,hAT,N/A,2.1.1.2,"2,2.1,2.1.1,2.1.1.2"
hAT-3N3_ATr,hAT,N/A,2.1.1.2,"2,2.1,2.1.1,2.1.1.2"
hAT-3_ALy,hAT,N/A,2.1.1.2,"2,2.1,2.1.1,2.1.1.2"
hAT-3_CCri,PiggyBac,N/A,2.1.1.7,"2,2.1,2.1.1,2.1.1.7"
hAT-3_DK,hAT,N/A,2.1.1.2,"2,2.1,2.1.1,2.1.1.2"
hAT-3_FV,hAT,N/A,2.1.1.2,"2,2.1,2.1.1,2.1.1.2"
hAT-3_LCh,hAT,N/A,2.1.1.2,"2,2.1,2.1.1,2.1.1.2"
BEL-9_DTa-I,Bel-Pao,N/A,1.1.3,"1,1.1,1.1.3"
hAT-3_PBa,hAT,N/A,2.1.1.2,"2,2.1,2.1.1,2.1.1.2"
hAT-3_PTr__2,hAT,N/A,2.1.1.2,"2,2.1,2.1.1,2.1.1.2"
hAT-3_STu,hAT,N/A,2.1.1.2,"2,2.1,2.1.1,2.1.1.2"
hAT-40_HM,hAT,N/A,2.1.1.2,"2,2.1,2.1.1,2.1.1.2"
hAT-41_Lch,PIF-Harbinger,N/A,2.1.1.8,"2,2.1,2.1.1,2.1.1.8"
hAT-43-N1_Lch,hAT,N/A,2.1.1.2,"2,2.1,2.1.1,2.1.1.2"
hAT-44_Lch,hAT,N/A,2.1.1.2,"2,2.1,2.1.1,2.1.1.2"
hAT-46_Ami,PIF-Harbinger,N/A,2.1.1.8,"2,2.1,2.1.1,2.1.1.8"
hAT-4876_Ami,hAT,N/A,2.1.1.2,"2,2.1,2.1.1,2.1.1.2"
hAT-4B_AP,hAT,N/A,2.1.1.2,"2,2.1,2.1.1,2.1.1.2"
BEL-9_GA-LTR,Bel-Pao,N/A,1.1.3,"1,1.1,1.1.3"
hAT-4N1_BF,SubclassI,N/A,2.1,"2,2.1"
HAT-4N2_Mad,hAT,N/A,2.1.1.2,"2,2.1,2.1.1,2.1.1.2"
hAT-4_AMi,hAT,N/A,2.1.1.2,"2,2.1,2.1.1,2.1.1.2"
hAT-4_CPB,SubclassI,N/A,2.1,"2,2.1"
hAT-4_DRh,hAT,N/A,2.1.1.2,"2,2.1,2.1.1,2.1.1.2"
hAT-4_JC,hAT,N/A,2.1.1.2,"2,2.1,2.1.1,2.1.1.2"
hAT-4_MLP,hAT,N/A,2.1.1.2,"2,2.1,2.1.1,2.1.1.2"
hAT-4_PSt,CACTA,N/A,2.1.1.9,"2,2.1,2.1.1,2.1.1.9"
hAT-4_SSa,hAT,N/A,2.1.1.2,"2,2.1,2.1.1,2.1.1.2"
hAT-504_Gav,hAT,N/A,2.1.1.2,"2,2.1,2.1.1,2.1.1.2"
BEL-9_NV-I,Bel-Pao,N/A,1.1.3,"1,1.1,1.1.3"
hAT-53_HM,hAT,N/A,2.1.1.2,"2,2.1,2.1.1,2.1.1.2"
hAT-57_HM,hAT,N/A,2.1.1.2,"2,2.1,2.1.1,2.1.1.2"
hAT-5N1_ATr,hAT,N/A,2.1.1.2,"2,2.1,2.1.1,2.1.1.2"
hAT-5N1_VC,Merlin,N/A,2.1.1.4,"2,2.1,2.1.1,2.1.1.4"
hAT-5_BF,Tc1-Mariner,N/A,2.1.1.1,"2,2.1,2.1.1,2.1.1.1"
hAT-5_DBp,Tc1-Mariner,N/A,2.1.1.1,"2,2.1,2.1.1,2.1.1.1"
hAT-5_GM,hAT,N/A,2.1.1.2,"2,2.1,2.1.1,2.1.1.2"
hAT-5_NV,Tc1-Mariner,N/A,2.1.1.1,"2,2.1,2.1.1,2.1.1.1"
hAT-5_SBi,PIF-Harbinger,N/A,2.1.1.8,"2,2.1,2.1.1,2.1.1.8"
hAT-5_VC,Mutator,N/A,2.1.1.3,"2,2.1,2.1.1,2.1.1.3"
BEL-9_SSa-LTR,Bel-Pao,N/A,1.1.3,"1,1.1,1.1.3"
hAT-62_HM,SubclassI,N/A,2.1,"2,2.1"
hAT-65_HM,hAT,N/A,2.1.1.2,"2,2.1,2.1.1,2.1.1.2"
hAT-6B_LMi,hAT,N/A,2.1.1.2,"2,2.1,2.1.1,2.1.1.2"
hAT-6N1_PM,SubclassI,N/A,2.1,"2,2.1"
hAT-6N3_ATr,hAT,N/A,2.1.1.2,"2,2.1,2.1.1,2.1.1.2"
hAT-6_BF,hAT,N/A,2.1.1.2,"2,2.1,2.1.1,2.1.1.2"
hAT-6_DBp,Mutator,N/A,2.1.1.3,"2,2.1,2.1.1,2.1.1.3"
hAT-6_GA,hAT,N/A,2.1.1.2,"2,2.1,2.1.1,2.1.1.2"
HAT-6_Mad,hAT,N/A,2.1.1.2,"2,2.1,2.1.1,2.1.1.2"
hAT-6_SBi,hAT,N/A,2.1.1.2,"2,2.1,2.1.1,2.1.1.2"
BEL1-I_DV,Bel-Pao,N/A,1.1.3,"1,1.1,1.1.3"
hAT-6_VV__2,Mutator,N/A,2.1.1.3,"2,2.1,2.1.1,2.1.1.3"
hAT-73_HM,hAT,N/A,2.1.1.2,"2,2.1,2.1.1,2.1.1.2"
hAT-77_HM,hAT,N/A,2.1.1.2,"2,2.1,2.1.1,2.1.1.2"
HAT-7N1_Mad,hAT,N/A,2.1.1.2,"2,2.1,2.1.1,2.1.1.2"
hAT-7_AMi,hAT,N/A,2.1.1.2,"2,2.1,2.1.1,2.1.1.2"
hAT-7_Crp,hAT,N/A,2.1.1.2,"2,2.1,2.1.1,2.1.1.2"
hAT-7_LCh,PiggyBac,N/A,2.1.1.7,"2,2.1,2.1.1,2.1.1.7"
hAT-7_PTr,hAT,N/A,2.1.1.2,"2,2.1,2.1.1,2.1.1.2"
hAT-7_VV,PIF-Harbinger,N/A,2.1.1.8,"2,2.1,2.1.1,2.1.1.8"
hAT-83_HMa,hAT,N/A,2.1.1.2,"2,2.1,2.1.1,2.1.1.2"
BEL1-LTR_AP,Bel-Pao,N/A,1.1.3,"1,1.1,1.1.3"
hAT-89_Crp,hAT,N/A,2.1.1.2,"2,2.1,2.1.1,2.1.1.2"
hAT-8N1_PM,hAT,N/A,2.1.1.2,"2,2.1,2.1.1,2.1.1.2"
hAT-8N5_ATr,hAT,N/A,2.1.1.2,"2,2.1,2.1.1,2.1.1.2"
hAT-8_ATr,hAT,N/A,2.1.1.2,"2,2.1,2.1.1,2.1.1.2"
hAT-8_DR,hAT,N/A,2.1.1.2,"2,2.1,2.1.1,2.1.1.2"
HAT-8_Mad,hAT,N/A,2.1.1.2,"2,2.1,2.1.1,2.1.1.2"
hAT-8_SM,hAT,N/A,2.1.1.2,"2,2.1,2.1.1,2.1.1.2"
hAT-9N1_ATr,Merlin,N/A,2.1.1.4,"2,2.1,2.1.1,2.1.1.4"
hAT-9_AP,hAT,N/A,2.1.1.2,"2,2.1,2.1.1,2.1.1.2"
hAT-9_HM,Transib,N/A,2.1.1.5,"2,2.1,2.1.1,2.1.1.5"
BEL1-LTR_SM,Bel-Pao,N/A,1.1.3,"1,1.1,1.1.3"
hAT-9_PGr,hAT,N/A,2.1.1.2,"2,2.1,2.1.1,2.1.1.2"
hAT-9_XT,PiggyBac,N/A,2.1.1.7,"2,2.1,2.1.1,2.1.1.7"
hAT-N1004_AMi,hAT,N/A,2.1.1.2,"2,2.1,2.1.1,2.1.1.2"
hAT-N102_DR,hAT,N/A,2.1.1.2,"2,2.1,2.1.1,2.1.1.2"
hAT-N107_DR,CACTA,N/A,2.1.1.9,"2,2.1,2.1.1,2.1.1.9"
hAT-N10_AP,SubclassI,N/A,2.1,"2,2.1"
hAT-N10_LMi,hAT,N/A,2.1.1.2,"2,2.1,2.1.1,2.1.1.2"
hAT-N110_DR,hAT,N/A,2.1.1.2,"2,2.1,2.1.1,2.1.1.2"
hAT-N115_DR,SubclassI,N/A,2.1,"2,2.1"
hAT-N11a_CR,PIF-Harbinger,N/A,2.1.1.8,"2,2.1,2.1.1,2.1.1.8"
AnolisSINE2,tRNA,N/A,1.5.1,"1,1.5,1.5.1"
BEL10-I_DR,Bel-Pao,N/A,1.1.3,"1,1.1,1.1.3"
hAT-N11_CR,hAT,N/A,2.1.1.2,"2,2.1,2.1.1,2.1.1.2"
hAT-N11_SSa,tRNA,N/A,1.5.1,"1,1.5,1.5.1"
hAT-N122_DR,Merlin,N/A,2.1.1.4,"2,2.1,2.1.1,2.1.1.4"
hAT-N125_DR,hAT,N/A,2.1.1.2,"2,2.1,2.1.1,2.1.1.2"
hAT-N128_DR,hAT,N/A,2.1.1.2,"2,2.1,2.1.1,2.1.1.2"
hAT-N12_CPB,hAT,N/A,2.1.1.2,"2,2.1,2.1.1,2.1.1.2"
hAT-N12_SBi,hAT,N/A,2.1.1.2,"2,2.1,2.1.1,2.1.1.2"
hAT-N132_DR,hAT,N/A,2.1.1.2,"2,2.1,2.1.1,2.1.1.2"
hAT-N137_DR,hAT,N/A,2.1.1.2,"2,2.1,2.1.1,2.1.1.2"
hAT-N13_AP,hAT,N/A,2.1.1.2,"2,2.1,2.1.1,2.1.1.2"
BEL11-LTR_AG,Bel-Pao,N/A,1.1.3,"1,1.1,1.1.3"
HAT-N13_Mad,hAT,N/A,2.1.1.2,"2,2.1,2.1.1,2.1.1.2"
hAT-N141_DR,PIF-Harbinger,N/A,2.1.1.8,"2,2.1,2.1.1,2.1.1.8"
hAT-N145_DR,hAT,N/A,2.1.1.2,"2,2.1,2.1.1,2.1.1.2"
hAT-N14_AMi,hAT,N/A,2.1.1.2,"2,2.1,2.1.1,2.1.1.2"
hAT-N14_LMi,hAT,N/A,2.1.1.2,"2,2.1,2.1.1,2.1.1.2"
hAT-N150_DR,hAT,N/A,2.1.1.2,"2,2.1,2.1.1,2.1.1.2"
hAT-N154_DR,hAT,N/A,2.1.1.2,"2,2.1,2.1.1,2.1.1.2"
hAT-N158_DR,SubclassI,N/A,2.1,"2,2.1"
hAT-N15_AMi,SubclassI,N/A,2.1,"2,2.1"
HAT-N15_Mad,hAT,N/A,2.1.1.2,"2,2.1,2.1.1,2.1.1.2"
BEL12-LTR_DR,Bel-Pao,N/A,1.1.3,"1,1.1,1.1.3"
hAT-N160_DR,SubclassI,N/A,2.1,"2,2.1"
hAT-N16_Crp,hAT,N/A,2.1.1.2,"2,2.1,2.1.1,2.1.1.2"
hAT-N16_SSa,SubclassI,N/A,2.1,"2,2.1"
hAT-N17_CPB,hAT,N/A,2.1.1.2,"2,2.1,2.1.1,2.1.1.2"
hAT-N17_SSa,SubclassI,N/A,2.1,"2,2.1"
hAT-N18_AP,SubclassI,N/A,2.1,"2,2.1"
hAT-N18_LMi,SubclassI,N/A,2.1,"2,2.1"
hAT-N19_AMi,hAT,N/A,2.1.1.2,"2,2.1,2.1.1,2.1.1.2"
hAT-N19_EL,hAT,N/A,2.1.1.2,"2,2.1,2.1.1,2.1.1.2"
hAT-N1B_CQ,SubclassI,N/A,2.1,"2,2.1"
BEL14-I_AG,Bel-Pao,N/A,1.1.3,"1,1.1,1.1.3"
hAT-N1b_SB,hAT,N/A,2.1.1.2,"2,2.1,2.1.1,2.1.1.2"
hAT-N1_AN,hAT,N/A,2.1.1.2,"2,2.1,2.1.1,2.1.1.2"
hAT-N1_CGi,SubclassI,N/A,2.1,"2,2.1"
hAT-N1_CSa,SubclassI,N/A,2.1,"2,2.1"
hAT-N1_EL,SubclassI,N/A,2.1,"2,2.1"
hAT-N1_LCo,SubclassI,N/A,2.1,"2,2.1"
hAT-N1_PGr,hAT,N/A,2.1.1.2,"2,2.1,2.1.1,2.1.1.2"
hAT-N1_SSa,hAT,N/A,2.1.1.2,"2,2.1,2.1.1,2.1.1.2"
hAT-N20_AMi,hAT,N/A,2.1.1.2,"2,2.1,2.1.1,2.1.1.2"
hAT-N20_SBi,PIF-Harbinger,N/A,2.1.1.8,"2,2.1,2.1.1,2.1.1.8"
BEL15-I_DR,Bel-Pao,N/A,1.1.3,"1,1.1,1.1.3"
hAT-N21_CPB,hAT,N/A,2.1.1.2,"2,2.1,2.1.1,2.1.1.2"
hAT-N21_SSa,hAT,N/A,2.1.1.2,"2,2.1,2.1.1,2.1.1.2"
hAT-N22_EL,hAT,N/A,2.1.1.2,"2,2.1,2.1.1,2.1.1.2"
hAT-N23_CPB,hAT,N/A,2.1.1.2,"2,2.1,2.1.1,2.1.1.2"
hAT-N23_SSa,hAT,N/A,2.1.1.2,"2,2.1,2.1.1,2.1.1.2"
hAT-N24_DR,Merlin,N/A,2.1.1.4,"2,2.1,2.1.1,2.1.1.4"
hAT-N25B_DR,hAT,N/A,2.1.1.2,"2,2.1,2.1.1,2.1.1.2"
hAT-N25_LMi,hAT,N/A,2.1.1.2,"2,2.1,2.1.1,2.1.1.2"
hAT-N26_DR,hAT,N/A,2.1.1.2,"2,2.1,2.1.1,2.1.1.2"
hAT-N27_Crp,hAT,N/A,2.1.1.2,"2,2.1,2.1.1,2.1.1.2"
BEL17-I_AG,Bel-Pao,N/A,1.1.3,"1,1.1,1.1.3"
hAT-N28B_CPB,hAT,N/A,2.1.1.2,"2,2.1,2.1.1,2.1.1.2"
hAT-N28_EL,hAT,N/A,2.1.1.2,"2,2.1,2.1.1,2.1.1.2"
hAT-N29_Crp,hAT,N/A,2.1.1.2,"2,2.1,2.1.1,2.1.1.2"
hAT-N2B_AMi,hAT,N/A,2.1.1.2,"2,2.1,2.1.1,2.1.1.2"
hAT-N2_AMi,hAT,N/A,2.1.1.2,"2,2.1,2.1.1,2.1.1.2"
hAT-N2_BF,SubclassI,N/A,2.1,"2,2.1"
hAT-N2_FR,hAT,N/A,2.1.1.2,"2,2.1,2.1.1,2.1.1.2"
hAT-N2_PGr,hAT,N/A,2.1.1.2,"2,2.1,2.1.1,2.1.1.2"
hAT-N2_TC,SubclassI,N/A,2.1,"2,2.1"
hAT-N30_EL,SubclassI,N/A,2.1,"2,2.1"
BEL18-I_DR,Bel-Pao,N/A,1.1.3,"1,1.1,1.1.3"
hAT-N31_DR,SubclassI,N/A,2.1,"2,2.1"
hAT-N32C_DR,hAT,N/A,2.1.1.2,"2,2.1,2.1.1,2.1.1.2"
hAT-N32_DR,hAT,N/A,2.1.1.2,"2,2.1,2.1.1,2.1.1.2"
hAT-N33_EL,PiggyBac,N/A,2.1.1.7,"2,2.1,2.1.1,2.1.1.7"
hAT-N34_CPB,hAT,N/A,2.1.1.2,"2,2.1,2.1.1,2.1.1.2"
hAT-N35B_DR,PIF-Harbinger,N/A,2.1.1.8,"2,2.1,2.1.1,2.1.1.8"
hAT-N35_LMi,Merlin,N/A,2.1.1.4,"2,2.1,2.1.1,2.1.1.4"
hAT-N36_DR,hAT,N/A,2.1.1.2,"2,2.1,2.1.1,2.1.1.2"
hAT-N37_EL,SubclassI,N/A,2.1,"2,2.1"
hAT-N39_DR,hAT,N/A,2.1.1.2,"2,2.1,2.1.1,2.1.1.2"
BEL19-LTR_AG,RTE,N/A,1.4.2,"1,1.4,1.4.2"
hAT-N3_AP,hAT,N/A,2.1.1.2,"2,2.1,2.1.1,2.1.1.2"
hAT-N3_Crp,hAT,N/A,2.1.1.2,"2,2.1,2.1.1,2.1.1.2"
hAT-N3_LCh,hAT,N/A,2.1.1.2,"2,2.1,2.1.1,2.1.1.2"
hAT-N3_SSa,hAT,N/A,2.1.1.2,"2,2.1,2.1.1,2.1.1.2"
hAT-N40_EL,hAT,N/A,2.1.1.2,"2,2.1,2.1.1,2.1.1.2"
hAT-N4285_AMi,hAT,N/A,2.1.1.2,"2,2.1,2.1.1,2.1.1.2"
hAT-N45_DR,hAT,N/A,2.1.1.2,"2,2.1,2.1.1,2.1.1.2"
hAT-N47B_DR,hAT,N/A,2.1.1.2,"2,2.1,2.1.1,2.1.1.2"
hAT-N4B_PM,SubclassI,N/A,2.1,"2,2.1"
hAT-N4_ASi,hAT,N/A,2.1.1.2,"2,2.1,2.1.1,2.1.1.2"
BEL1_LTR_Dpse,Bel-Pao,N/A,1.1.3,"1,1.1,1.1.3"
hAT-N4_Crp,hAT,N/A,2.1.1.2,"2,2.1,2.1.1,2.1.1.2"
hAT-N4_Mad,hAT,N/A,2.1.1.2,"2,2.1,2.1.1,2.1.1.2"
hAT-N4_XT,hAT,N/A,2.1.1.2,"2,2.1,2.1.1,2.1.1.2"
hAT-N52B_DR,SubclassI,N/A,2.1,"2,2.1"
hAT-N54_DR,hAT,N/A,2.1.1.2,"2,2.1,2.1.1,2.1.1.2"
hAT-N5888_Crp,hAT,N/A,2.1.1.2,"2,2.1,2.1.1,2.1.1.2"
hAT-N59_DR,hAT,N/A,2.1.1.2,"2,2.1,2.1.1,2.1.1.2"
hAT-N5_AP,SubclassI,N/A,2.1,"2,2.1"
hAT-N5_CR,Mutator,N/A,2.1.1.3,"2,2.1,2.1.1,2.1.1.3"
hAT-N5_Mad,Merlin,N/A,2.1.1.4,"2,2.1,2.1.1,2.1.1.4"
BEL2-I_Dmoj,DIRS,N/A,1.2,"1,1.2"
hAT-N60_DR,hAT,N/A,2.1.1.2,"2,2.1,2.1.1,2.1.1.2"
hAT-N63_DR,hAT,N/A,2.1.1.2,"2,2.1,2.1.1,2.1.1.2"
hAT-N66_DR,Tc1-Mariner,N/A,2.1.1.1,"2,2.1,2.1.1,2.1.1.1"
hAT-N68_DR,hAT,N/A,2.1.1.2,"2,2.1,2.1.1,2.1.1.2"
hAT-N6_ALy,hAT,N/A,2.1.1.2,"2,2.1,2.1.1,2.1.1.2"
hAT-N6_BF,SubclassI,N/A,2.1,"2,2.1"
hAT-N6_LCh,hAT,N/A,2.1.1.2,"2,2.1,2.1.1,2.1.1.2"
hAT-N6_STu,hAT,N/A,2.1.1.2,"2,2.1,2.1.1,2.1.1.2"
hAT-N73_DR,SubclassI,N/A,2.1,"2,2.1"
hAT-N77_DR,hAT,N/A,2.1.1.2,"2,2.1,2.1.1,2.1.1.2"
ARET1I,gypsy,N/A,1.1.2,"1,1.1,1.1.2"
BEL2-LTR_AG,Bel-Pao,N/A,1.1.3,"1,1.1,1.1.3"
hAT-N7_ACar,hAT,N/A,2.1.1.2,"2,2.1,2.1.1,2.1.1.2"
hAT-N7_BF,SubclassI,N/A,2.1,"2,2.1"
hAT-N7_LMi,hAT,N/A,2.1.1.2,"2,2.1,2.1.1,2.1.1.2"
hAT-N80_DR,hAT,N/A,2.1.1.2,"2,2.1,2.1.1,2.1.1.2"
hAT-N86_DR,hAT,N/A,2.1.1.2,"2,2.1,2.1.1,2.1.1.2"
hAT-N895_Gav,hAT,N/A,2.1.1.2,"2,2.1,2.1.1,2.1.1.2"
hAT-N8_ACar,PiggyBac,N/A,2.1.1.7,"2,2.1,2.1.1,2.1.1.7"
hAT-N8_Crp,hAT,N/A,2.1.1.2,"2,2.1,2.1.1,2.1.1.2"
hAT-N8_XT,hAT,N/A,2.1.1.2,"2,2.1,2.1.1,2.1.1.2"
hAT-N94_DR,Transib,N/A,2.1.1.5,"2,2.1,2.1.1,2.1.1.5"
BEL2-LTR_Dya,Bel-Pao,N/A,1.1.3,"1,1.1,1.1.3"
hAT-N994_AMi,hAT,N/A,2.1.1.2,"2,2.1,2.1.1,2.1.1.2"
hAT-N9_AMi,hAT,N/A,2.1.1.2,"2,2.1,2.1.1,2.1.1.2"
hAT-N9_EL,SubclassI,N/A,2.1,"2,2.1"
hAT-N9_SBi,SubclassI,N/A,2.1,"2,2.1"
hAT1-2_NV,Mutator,N/A,2.1.1.3,"2,2.1,2.1.1,2.1.1.3"
HAT12_CB,SubclassI,N/A,2.1,"2,2.1"
HAT17_CB,SubclassI,N/A,2.1,"2,2.1"
HAT1N_DR,hAT,N/A,2.1.1.2,"2,2.1,2.1.1,2.1.1.2"
HAT1_Cis,SubclassI,N/A,2.1,"2,2.1"
hAT1_SB,hAT,N/A,2.1.1.2,"2,2.1,2.1.1,2.1.1.2"
BEL21-LTR_DR,gypsy,N/A,1.1.2,"1,1.1,1.1.2"
HAT2_CE,hAT,N/A,2.1.1.2,"2,2.1,2.1.1,2.1.1.2"
hAT2_SB,hAT,N/A,2.1.1.2,"2,2.1,2.1.1,2.1.1.2"
HAT3_MD,hAT,N/A,2.1.1.2,"2,2.1,2.1.1,2.1.1.2"
HAT4_CE,hAT,N/A,2.1.1.2,"2,2.1,2.1.1,2.1.1.2"
hAT5-3_NV,hAT,N/A,2.1.1.2,"2,2.1,2.1.1,2.1.1.2"
HAT5N_CI,Transib,N/A,2.1.1.5,"2,2.1,2.1.1,2.1.1.5"
hAT6-1_NV,SubclassI,N/A,2.1,"2,2.1"
hAT6-3_SP,hAT,N/A,2.1.1.2,"2,2.1,2.1.1,2.1.1.2"
hAT6-N4075_AMi,SubclassI,N/A,2.1,"2,2.1"
HAT6_CB,hAT,N/A,2.1.1.2,"2,2.1,2.1.1,2.1.1.2"
BEL24-I_DR,Bel-Pao,N/A,1.1.3,"1,1.1,1.1.3"
hAT8_SP,hAT,N/A,2.1.1.2,"2,2.1,2.1.1,2.1.1.2"
HaTad1-2_BG,Tc1-Mariner,N/A,2.1.1.1,"2,2.1,2.1.1,2.1.1.1"
hATm-10_HM,PiggyBac,N/A,2.1.1.7,"2,2.1,2.1.1,2.1.1.7"
hATm-15_HM,hAT,N/A,2.1.1.2,"2,2.1,2.1.1,2.1.1.2"
hATm-1_AA,hAT,N/A,2.1.1.2,"2,2.1,2.1.1,2.1.1.2"
hATm-20_HM,hAT,N/A,2.1.1.2,"2,2.1,2.1.1,2.1.1.2"
hATm-25_HM,hAT,N/A,2.1.1.2,"2,2.1,2.1.1,2.1.1.2"
hATm-2_AA,hAT,N/A,2.1.1.2,"2,2.1,2.1.1,2.1.1.2"
hATm-31_HM,hAT,N/A,2.1.1.2,"2,2.1,2.1.1,2.1.1.2"
hATm-36_HM,hAT,N/A,2.1.1.2,"2,2.1,2.1.1,2.1.1.2"
BEL27-LTR_DR,Bel-Pao,N/A,1.1.3,"1,1.1,1.1.3"
hATm-3_HM,hAT,N/A,2.1.1.2,"2,2.1,2.1.1,2.1.1.2"
hATm-43_HM,hAT,N/A,2.1.1.2,"2,2.1,2.1.1,2.1.1.2"
hATm-48_HM,hAT,N/A,2.1.1.2,"2,2.1,2.1.1,2.1.1.2"
hATm-51_HM,Transib,N/A,2.1.1.5,"2,2.1,2.1.1,2.1.1.5"
hATm-56_HM,hAT,N/A,2.1.1.2,"2,2.1,2.1.1,2.1.1.2"
hATm-6_HM,hAT,N/A,2.1.1.2,"2,2.1,2.1.1,2.1.1.2"
hATN-1_LA,PIF-Harbinger,N/A,2.1.1.8,"2,2.1,2.1.1,2.1.1.8"
hATN-3_SM,hAT,N/A,2.1.1.2,"2,2.1,2.1.1,2.1.1.2"
HATN12B_DR,hAT,N/A,2.1.1.2,"2,2.1,2.1.1,2.1.1.2"
HATN14_DR,SubclassI,N/A,2.1,"2,2.1"
BEL2_MH-I,Bel-Pao,N/A,1.1.3,"1,1.1,1.1.3"
HATN1_ALy,hAT,N/A,2.1.1.2,"2,2.1,2.1.1,2.1.1.2"
HATN2_AG,hAT,N/A,2.1.1.2,"2,2.1,2.1.1,2.1.1.2"
HATN3B_DR,hAT,N/A,2.1.1.2,"2,2.1,2.1.1,2.1.1.2"
hATN4B_DR,hAT,N/A,2.1.1.2,"2,2.1,2.1.1,2.1.1.2"
HATN5_AG,Tc1-Mariner,N/A,2.1.1.1,"2,2.1,2.1.1,2.1.1.1"
HATN6_CI,hAT,N/A,2.1.1.2,"2,2.1,2.1.1,2.1.1.2"
HATN8_DR,PIF-Harbinger,N/A,2.1.1.8,"2,2.1,2.1.1,2.1.1.8"
hATw-1_BF,Mutator,N/A,2.1.1.3,"2,2.1,2.1.1,2.1.1.3"
hATw-1_SLL,Tc1-Mariner,N/A,2.1.1.1,"2,2.1,2.1.1,2.1.1.1"
hATw-2_SP,SubclassI,N/A,2.1,"2,2.1"
BEL3-I_DR,Bel-Pao,N/A,1.1.3,"1,1.1,1.1.3"
hATw-5_BF,Mutator,N/A,2.1.1.3,"2,2.1,2.1.1,2.1.1.3"
hATx-21_SM,hAT,N/A,2.1.1.2,"2,2.1,2.1.1,2.1.1.2"
hATx-2B_SM,hAT,N/A,2.1.1.2,"2,2.1,2.1.1,2.1.1.2"
hATx-4_HM,Transib,N/A,2.1.1.5,"2,2.1,2.1.1,2.1.1.5"
hATx-6_SM,hAT,N/A,2.1.1.2,"2,2.1,2.1.1,2.1.1.2"
HAZEAN1,hAT,N/A,2.1.1.2,"2,2.1,2.1.1,2.1.1.2"
HE1_MM,tRNA,N/A,1.5.1,"1,1.5,1.5.1"
HECTOR,Tc1-Mariner,N/A,2.1.1.1,"2,2.1,2.1.1,2.1.1.1"
HELIA,PIF-Harbinger,N/A,2.1.1.8,"2,2.1,2.1.1,2.1.1.8"
Helitron-1B_SBi,SubclassI,N/A,2.1,"2,2.1"
BEL3-LTR_DR,Bel-Pao,N/A,1.1.3,"1,1.1,1.1.3"
Helitron-1N1_SLL,SubclassI,N/A,2.1,"2,2.1"
Helitron-1N_DF,SubclassI,N/A,2.1,"2,2.1"
Helitron-1_AMi,SubclassI,N/A,2.1,"2,2.1"
Helitron-1_CGi,SubclassI,N/A,2.1,"2,2.1"
Helitron-1_DEl,Tc1-Mariner,N/A,2.1.1.1,"2,2.1,2.1.1,2.1.1.1"
Helitron-1_DR,SubclassI,N/A,2.1,"2,2.1"
Helitron-1_EPa,SubclassI,N/A,2.1,"2,2.1"
Helitron-1_HM,SubclassI,N/A,2.1,"2,2.1"
Helitron-1_NV,SubclassI,N/A,2.1,"2,2.1"
Helitron-1_PI,SubclassI,N/A,2.1,"2,2.1"
BEL31-LTR_DR,Bel-Pao,N/A,1.1.3,"1,1.1,1.1.3"
Helitron-1_PSt,gypsy,N/A,1.1.2,"1,1.1,1.1.2"
Helitron-1_SBi,SubclassI,N/A,2.1,"2,2.1"
Helitron-1_STu,SubclassI,N/A,2.1,"2,2.1"
Helitron-2B_ALy,SubclassI,N/A,2.1,"2,2.1"
Helitron-2_AAe,SubclassI,N/A,2.1,"2,2.1"
Helitron-2_CGi,SubclassI,N/A,2.1,"2,2.1"
Helitron-2_DR,SubclassI,N/A,2.1,"2,2.1"
Helitron-2_HM,SubclassI,N/A,2.1,"2,2.1"
Helitron-2_NVi,SubclassI,N/A,2.1,"2,2.1"
Helitron-2_PTr,CACTA,N/A,2.1.1.9,"2,2.1,2.1.1,2.1.1.9"
BEL34-I_DR,DIRS,N/A,1.2,"1,1.2"
Helitron-2_SMo,SubclassI,N/A,2.1,"2,2.1"
Helitron-3N1_NVi,SubclassI,N/A,2.1,"2,2.1"
Helitron-3_AAe,SubclassI,N/A,2.1,"2,2.1"
Helitron-3_DR,SubclassI,N/A,2.1,"2,2.1"
Helitron-3_Mad,Mutator,N/A,2.1.1.3,"2,2.1,2.1.1,2.1.1.3"
Helitron-3_PSt,SubclassI,N/A,2.1,"2,2.1"
Helitron-4B_ALy,SubclassI,N/A,2.1,"2,2.1"
Helitron-4_CRe,SubclassI,N/A,2.1,"2,2.1"
Helitron-4_Mad,SubclassI,N/A,2.1,"2,2.1"
Helitron-4_SMo,SubclassI,N/A,2.1,"2,2.1"
ARNOLD3,SubclassI,N/A,2.1,"2,2.1"
BEL36-LTR_DR,Bel-Pao,N/A,1.1.3,"1,1.1,1.1.3"
Helitron-5_CGi,SubclassI,N/A,2.1,"2,2.1"
Helitron-5_PGr,SubclassI,N/A,2.1,"2,2.1"
Helitron-5_ZM,SubclassI,N/A,2.1,"2,2.1"
Helitron-6_DRh,SubclassI,N/A,2.1,"2,2.1"
Helitron-7N1B_CCri,SubclassI,N/A,2.1,"2,2.1"
Helitron-7_CGi,SubclassI,N/A,2.1,"2,2.1"
Helitron-8_DRh,SubclassI,N/A,2.1,"2,2.1"
Helitron-like-11_Hmel,SubclassI,N/A,2.1,"2,2.1"
Helitron-like-16_Hmel,SubclassI,N/A,2.1,"2,2.1"
Helitron-like-4b_Hmel,SubclassI,N/A,2.1,"2,2.1"
BEL4-I_AG,Bel-Pao,N/A,1.1.3,"1,1.1,1.1.3"
Helitron-like-8_Hmel,SubclassI,N/A,2.1,"2,2.1"
Helitron-N10_ALy,SubclassI,N/A,2.1,"2,2.1"
Helitron-N11B_LMi,SubclassI,N/A,2.1,"2,2.1"
Helitron-N11_SBi,SubclassI,N/A,2.1,"2,2.1"
Helitron-N12_CGi,SubclassI,N/A,2.1,"2,2.1"
Helitron-N13C_CGi,SubclassI,N/A,2.1,"2,2.1"
Helitron-N13_SBi,SubclassI,N/A,2.1,"2,2.1"
Helitron-N15_ALy,SubclassI,N/A,2.1,"2,2.1"
Helitron-N16_ALy,SubclassI,N/A,2.1,"2,2.1"
Helitron-N17B_LMi,SubclassI,N/A,2.1,"2,2.1"
BEL4-LTR_DR,Bel-Pao,N/A,1.1.3,"1,1.1,1.1.3"
Helitron-N186_AMi,hAT,N/A,2.1.1.2,"2,2.1,2.1.1,2.1.1.2"
Helitron-N19_ALy,SubclassI,N/A,2.1,"2,2.1"
Helitron-N1B_EL,SubclassI,N/A,2.1,"2,2.1"
Helitron-N1D_LMi,SubclassI,N/A,2.1,"2,2.1"
Helitron-N1_CGi,SubclassI,N/A,2.1,"2,2.1"
Helitron-N1_DEl,SubclassI,N/A,2.1,"2,2.1"
Helitron-N1_LHu,SubclassI,N/A,2.1,"2,2.1"
Helitron-N1_PM,SubclassI,N/A,2.1,"2,2.1"
Helitron-N1_SP,SubclassI,N/A,2.1,"2,2.1"
Helitron-N20_CGi,SubclassI,N/A,2.1,"2,2.1"
BEL4_Cis_LTR,Bel-Pao,N/A,1.1.3,"1,1.1,1.1.3"
Helitron-N22_CGi,SubclassI,N/A,2.1,"2,2.1"
Helitron-N24_CGi,SubclassI,N/A,2.1,"2,2.1"
Helitron-N28_CGi,SubclassI,N/A,2.1,"2,2.1"
Helitron-N2C_CGi,SubclassI,N/A,2.1,"2,2.1"
Helitron-N2_AC,PIF-Harbinger,N/A,2.1.1.8,"2,2.1,2.1.1,2.1.1.8"
Helitron-N2_Crp,SubclassI,N/A,2.1,"2,2.1"
Helitron-N2_DT,SubclassI,N/A,2.1,"2,2.1"
Helitron-N2_NV,SubclassI,N/A,2.1,"2,2.1"
Helitron-N2_PTr,SubclassI,N/A,2.1,"2,2.1"
Helitron-N30_CGi,SubclassI,N/A,2.1,"2,2.1"
BEL5b_Cis_I,DIRS,N/A,1.2,"1,1.2"
Helitron-N35_CGi,SubclassI,N/A,2.1,"2,2.1"
Helitron-N3B_CGi,SubclassI,N/A,2.1,"2,2.1"
Helitron-N3_DT,SubclassI,N/A,2.1,"2,2.1"
Helitron-N3_PBa,SubclassI,N/A,2.1,"2,2.1"
Helitron-N3_SBi,SubclassI,N/A,2.1,"2,2.1"
Helitron-N42_CGi,SubclassI,N/A,2.1,"2,2.1"
Helitron-N47_CGi,SubclassI,N/A,2.1,"2,2.1"
Helitron-N4B_NV,SubclassI,N/A,2.1,"2,2.1"
Helitron-N4_LMi,SubclassI,N/A,2.1,"2,2.1"
Helitron-N50_CGi,SubclassI,N/A,2.1,"2,2.1"
BEL6-LTR_AG,Bel-Pao,N/A,1.1.3,"1,1.1,1.1.3"
Helitron-N54_CGi,SubclassI,N/A,2.1,"2,2.1"
Helitron-N5_CGi,SubclassI,N/A,2.1,"2,2.1"
Helitron-N6_ALy,SubclassI,N/A,2.1,"2,2.1"
Helitron-N7B_ALy,SubclassI,N/A,2.1,"2,2.1"
Helitron-N7_CGi,SubclassI,N/A,2.1,"2,2.1"
Helitron-N8C_LMi,SubclassI,N/A,2.1,"2,2.1"
Helitron-N8_SBi,SubclassI,N/A,2.1,"2,2.1"
Helitron-N9_NV,SubclassI,N/A,2.1,"2,2.1"
HELITRON12_CB,SINE,N/A,1.5,"1,1.5"
HELITRON1N_MT,SubclassI,N/A,2.1,"2,2.1"
BEL8-I_AG,Bel-Pao,N/A,1.1.3,"1,1.1,1.1.3"
Helitron1_Dmoj,SubclassI,N/A,2.1,"2,2.1"
HELITRON2,SubclassI,N/A,2.1,"2,2.1"
HELITRON2_OS,SubclassI,N/A,2.1,"2,2.1"
HELITRON3_CB,SubclassI,N/A,2.1,"2,2.1"
HELITRON4_OS,CACTA,N/A,2.1.1.9,"2,2.1,2.1.1,2.1.1.9"
HELITRON7_CB,SubclassI,N/A,2.1,"2,2.1"
HELITRON9B_CB,SubclassI,N/A,2.1,"2,2.1"
HELITRONY1A_CE,SubclassI,N/A,2.1,"2,2.1"
HELITRONY1_CE,SubclassI,N/A,2.1,"2,2.1"
HELITRONY3_CE,SubclassI,N/A,2.1,"2,2.1"
BEL9-I_DR,DIRS,N/A,1.2,"1,1.2"
HELMET4__2,SubclassI,N/A,2.1,"2,2.1"
HERO-1_BF,RTE,N/A,1.4.2,"1,1.4,1.4.2"
HERO-2_DR,RTE,N/A,1.4.2,"1,1.4,1.4.2"
HERO-3_HR,DIRS,N/A,1.2,"1,1.2"
HERO-7_HR,Jockey,N/A,1.4.3,"1,1.4,1.4.3"
HEROTn,L1,N/A,1.4.4,"1,1.4,1.4.4"
HERV15I,gypsy,N/A,1.1.2,"1,1.1,1.1.2"
HERV1_I,gypsy,N/A,1.1.2,"1,1.1,1.1.2"
HERV30I,L1,N/A,1.4.4,"1,1.4,1.4.4"
HERV49I,L1,N/A,1.4.4,"1,1.4,1.4.4"
BELUS_TM,SubclassI,N/A,2.1,"2,2.1"
HERV9,L1,N/A,1.4.4,"1,1.4,1.4.4"
HERVG25,L1,N/A,1.4.4,"1,1.4,1.4.4"
HERVIP10FH,DIRS,N/A,1.2,"1,1.2"
HERVK22I,DIRS,N/A,1.2,"1,1.2"
HERVL66I,DIRS,N/A,1.2,"1,1.2"
HERVR,DIRS,N/A,1.2,"1,1.2"
HET-A_DV,Jockey,N/A,1.4.3,"1,1.4,1.4.3"
Hitchcock_LTR,gypsy,N/A,1.1.2,"1,1.1,1.1.2"
Hoana3,hAT,N/A,2.1.1.2,"2,2.1,2.1.1,2.1.1.2"
Hoana8,Transib,N/A,2.1.1.5,"2,2.1,2.1.1,2.1.1.5"
BGLII_A,gypsy,N/A,1.1.2,"1,1.1,1.1.2"
HOLN1_EA,LINE,N/A,1.4,"1,1.4"
Homo10,hAT,N/A,2.1.1.2,"2,2.1,2.1.1,2.1.1.2"
Homo5,hAT,N/A,2.1.1.2,"2,2.1,2.1.1,2.1.1.2"
Hop,Mutator,N/A,2.1.1.3,"2,2.1,2.1.1,2.1.1.3"
HOPPER_BD,Transib,N/A,2.1.1.5,"2,2.1,2.1.1,2.1.1.5"
Hopseu2,PIF-Harbinger,N/A,2.1.1.8,"2,2.1,2.1.1,2.1.1.8"
Howilli2,hAT,N/A,2.1.1.2,"2,2.1,2.1.1,2.1.1.2"
Hoyak2,hAT,N/A,2.1.1.2,"2,2.1,2.1.1,2.1.1.2"
HSMAR1,Tc1-Mariner,N/A,2.1.1.1,"2,2.1,2.1.1,2.1.1.1"
HUCK1-LTR_ZM,gypsy,N/A,1.1.2,"1,1.1,1.1.2"
Academ-14_CCri,SubclassI,N/A,2.1,"2,2.1"
ASCOT1,5S,N/A,1.5.3,"1,1.5,1.5.3"
BGLII_Mur,RTE,N/A,1.4.2,"1,1.4,1.4.2"
HY1,tRNA,N/A,1.5.1,"1,1.5,1.5.1"
I-10_LMi,I,N/A,1.4.5,"1,1.4,1.4.5"
I-14_AAe,I,N/A,1.4.5,"1,1.4,1.4.5"
I-1_AO,I,N/A,1.4.5,"1,1.4,1.4.5"
I-1_CTe,I,N/A,1.4.5,"1,1.4,1.4.5"
I-1_DEu,I,N/A,1.4.5,"1,1.4,1.4.5"
I-1_DR,L1,N/A,1.4.4,"1,1.4,1.4.4"
I-1_Hmel,I,N/A,1.4.5,"1,1.4,1.4.5"
I-1_PBa,I,N/A,1.4.5,"1,1.4,1.4.5"
I-2_BM,I,N/A,1.4.5,"1,1.4,1.4.5"
BHIKHARI-3-I_DR,DIRS,N/A,1.2,"1,1.2"
I-2_DBp,I,N/A,1.4.5,"1,1.4,1.4.5"
I-2_DVi,I,N/A,1.4.5,"1,1.4,1.4.5"
I-2_SPur,I,N/A,1.4.5,"1,1.4,1.4.5"
I-3_DAn,I,N/A,1.4.5,"1,1.4,1.4.5"
I-3_DK,I,N/A,1.4.5,"1,1.4,1.4.5"
I-3_SPur,L1,N/A,1.4.4,"1,1.4,1.4.4"
I-4_AC,I,N/A,1.4.5,"1,1.4,1.4.5"
I-4_DBp,I,N/A,1.4.5,"1,1.4,1.4.5"
I-4_DYa,I,N/A,1.4.5,"1,1.4,1.4.5"
I-53_AAe,I,N/A,1.4.5,"1,1.4,1.4.5"
BHIKHARI-5-LTR_DR,SubclassI,N/A,2.1,"2,2.1"
I-58_AAe,I,N/A,1.4.5,"1,1.4,1.4.5"
I-5_CQ,I,N/A,1.4.5,"1,1.4,1.4.5"
I-5_LMi,I,N/A,1.4.5,"1,1.4,1.4.5"
I-64_AAe,I,N/A,1.4.5,"1,1.4,1.4.5"
I-69_AAe,I,N/A,1.4.5,"1,1.4,1.4.5"
I-6_DF,I,N/A,1.4.5,"1,1.4,1.4.5"
I-72_AAe,I,N/A,1.4.5,"1,1.4,1.4.5"
I-77_AAe,I,N/A,1.4.5,"1,1.4,1.4.5"
I-7D_AAe,I,N/A,1.4.5,"1,1.4,1.4.5"
I-80B_AAe,I,N/A,1.4.5,"1,1.4,1.4.5"
BILBO,I,N/A,1.4.5,"1,1.4,1.4.5"
I-8_DBp,I,N/A,1.4.5,"1,1.4,1.4.5"
I-N1_CQ,I,N/A,1.4.5,"1,1.4,1.4.5"
IAP1C_CGr-LTR,Copia,N/A,1.1.1,"1,1.1,1.1.1"
IAPEY2_LTR,tRNA,N/A,1.5.1,"1,1.5,1.5.1"
IAPEY4_LTR,Copia,N/A,1.1.1,"1,1.1,1.1.1"
IAPEZI,DIRS,N/A,1.2,"1,1.2"
IAPLTR2b,SINE,N/A,1.5,"1,1.5"
IAPLTR4_I,L1,N/A,1.4.4,"1,1.4,1.4.4"
ICARUS_TM,SubclassI,N/A,2.1,"2,2.1"
ID-Spe,tRNA,N/A,1.5.1,"1,1.5,1.5.1"
BLASTOPIA_LTR,Bel-Pao,N/A,1.1.3,"1,1.1,1.1.3"
IdioSINE2,tRNA,N/A,1.5.1,"1,1.5,1.5.1"
IFG7_I,gypsy,N/A,1.1.2,"1,1.1,1.1.2"
ILRC2_GL,tRNA,N/A,1.5.1,"1,1.5,1.5.1"
INAV_HV_LTR,Copia,N/A,1.1.1,"1,1.1,1.1.1"
Ingi-1_AC,Jockey,N/A,1.4.3,"1,1.4,1.4.3"
Ingi-2_AC,RTE,N/A,1.4.2,"1,1.4,1.4.2"
INMU1,SubclassI,N/A,2.1,"2,2.1"
INVADER1_LTR,gypsy,N/A,1.1.2,"1,1.1,1.1.2"
INVADER4_I,gypsy,N/A,1.1.2,"1,1.1,1.1.2"
INVADER6_LTR,Bel-Pao,N/A,1.1.3,"1,1.1,1.1.3"
BM2A,tRNA,N/A,1.5.1,"1,1.5,1.5.1"
IS3EU-1N1_DR,SubclassI,N/A,2.1,"2,2.1"
IS3EU-2_CGi,SubclassI,N/A,2.1,"2,2.1"
IS3EU-5_DR,SubclassI,N/A,2.1,"2,2.1"
IS3EU-N2_CGi,SubclassI,N/A,2.1,"2,2.1"
IS4EU-1_NV,SubclassI,N/A,2.1,"2,2.1"
ISEAG1,L1,N/A,1.4.4,"1,1.4,1.4.4"
ISL2EU-12_CCri,SubclassI,N/A,2.1,"2,2.1"
ISL2EU-14_CGi,SubclassI,N/A,2.1,"2,2.1"
ISL2EU-18_CGi,SubclassI,N/A,2.1,"2,2.1"
ISL2EU-1_CGi,SubclassI,N/A,2.1,"2,2.1"
BNR1,L1,N/A,1.4.4,"1,1.4,1.4.4"
ISL2EU-1_LHu,SubclassI,N/A,2.1,"2,2.1"
ISL2EU-2_CCri,CACTA,N/A,2.1.1.9,"2,2.1,2.1.1,2.1.1.9"
ISL2EU-2_NV,SubclassI,N/A,2.1,"2,2.1"
ISL2EU-3_CGi,SubclassI,N/A,2.1,"2,2.1"
ISL2EU-4_CGi,SubclassI,N/A,2.1,"2,2.1"
ISL2EU-5_HM,SubclassI,N/A,2.1,"2,2.1"
ISL2EU-7_CCri,SubclassI,N/A,2.1,"2,2.1"
ISL2EU-8_CGi,SubclassI,N/A,2.1,"2,2.1"
ISL2EU-N11_CGi,SubclassI,N/A,2.1,"2,2.1"
ISL2EU-N2_CGi,SubclassI,N/A,2.1,"2,2.1"
BoSB12,tRNA,N/A,1.5.1,"1,1.5,1.5.1"
ISL2EU-N4_CGi,SubclassI,N/A,2.1,"2,2.1"
ISL2EU-N7_CGi,SubclassI,N/A,2.1,"2,2.1"
ITmD37D_Ele6,Tc1-Mariner,N/A,2.1.1.1,"2,2.1,2.1.1,2.1.1.1"
ITmD37E_Ele3,Tc1-Mariner,N/A,2.1.1.1,"2,2.1,2.1.1,2.1.1.1"
I_DM,I,N/A,1.4.5,"1,1.4,1.4.5"
I_Ele15,I,N/A,1.4.5,"1,1.4,1.4.5"
I_Ele2,I,N/A,1.4.5,"1,1.4,1.4.5"
I_Ele28,I,N/A,1.4.5,"1,1.4,1.4.5"
I_Ele37,I,N/A,1.4.5,"1,1.4,1.4.5"
I_Ele43B_AAe,I,N/A,1.4.5,"1,1.4,1.4.5"
BoSB1A,SINE,N/A,1.5,"1,1.5"
I_Ele4E_AAe,I,N/A,1.4.5,"1,1.4,1.4.5"
I_Ele9,I,N/A,1.4.5,"1,1.4,1.4.5"
JINHUA,hAT,N/A,2.1.1.2,"2,2.1,2.1.1,2.1.1.2"
Jockey-10_DEu,Jockey,N/A,1.4.3,"1,1.4,1.4.3"
Jockey-11_AAe,Jockey,N/A,1.4.3,"1,1.4,1.4.3"
Jockey-12_DAn,Jockey,N/A,1.4.3,"1,1.4,1.4.3"
Jockey-13_DBp,Jockey,N/A,1.4.3,"1,1.4,1.4.3"
Jockey-15_DBp,Jockey,N/A,1.4.3,"1,1.4,1.4.3"
Jockey-1_CQ,Jockey,N/A,1.4.3,"1,1.4,1.4.3"
Jockey-1_DEr,Jockey,N/A,1.4.3,"1,1.4,1.4.3"
BoSB5C__2,tRNA,N/A,1.5.1,"1,1.5,1.5.1"
Jockey-1_DPer,Jockey,N/A,1.4.3,"1,1.4,1.4.3"
Jockey-1_DT,Jockey,N/A,1.4.3,"1,1.4,1.4.3"
Jockey-1_LMi,Jockey,N/A,1.4.3,"1,1.4,1.4.3"
Jockey-2_DAn,Jockey,N/A,1.4.3,"1,1.4,1.4.3"
Jockey-2_DF,Jockey,N/A,1.4.3,"1,1.4,1.4.3"
Jockey-2_DSim,DIRS,N/A,1.2,"1,1.2"
Jockey-2_HMM,Jockey,N/A,1.4.3,"1,1.4,1.4.3"
Jockey-3_DBp,Jockey,N/A,1.4.3,"1,1.4,1.4.3"
Jockey-3_DK,Jockey,N/A,1.4.3,"1,1.4,1.4.3"
Jockey-3_DVi,Jockey,N/A,1.4.3,"1,1.4,1.4.3"
AT9TSD1,Mutator,N/A,2.1.1.3,"2,2.1,2.1.1,2.1.1.3"
BoSB6D,tRNA,N/A,1.5.1,"1,1.5,1.5.1"
Jockey-4B_DVi,Jockey,N/A,1.4.3,"1,1.4,1.4.3"
Jockey-4_DEu,Jockey,N/A,1.4.3,"1,1.4,1.4.3"
Jockey-4_DSim,Jockey,N/A,1.4.3,"1,1.4,1.4.3"
Jockey-4_HMM,Jockey,N/A,1.4.3,"1,1.4,1.4.3"
Jockey-5_DBp,Jockey,N/A,1.4.3,"1,1.4,1.4.3"
Jockey-5_DPer,Jockey,N/A,1.4.3,"1,1.4,1.4.3"
Jockey-5_LMi,Jockey,N/A,1.4.3,"1,1.4,1.4.3"
Jockey-6_DEu,Jockey,N/A,1.4.3,"1,1.4,1.4.3"
Jockey-6_DTa,Jockey,N/A,1.4.3,"1,1.4,1.4.3"
Jockey-7_CQ,Jockey,N/A,1.4.3,"1,1.4,1.4.3"
BoSB9B__2,tRNA,N/A,1.5.1,"1,1.5,1.5.1"
Jockey-7_DK,Jockey,N/A,1.4.3,"1,1.4,1.4.3"
Jockey-7_Hmel,Jockey,N/A,1.4.3,"1,1.4,1.4.3"
Jockey-8_DEu,Jockey,N/A,1.4.3,"1,1.4,1.4.3"
Jockey-8_DYa,Jockey,N/A,1.4.3,"1,1.4,1.4.3"
Jockey-9_DBp,Jockey,N/A,1.4.3,"1,1.4,1.4.3"
Jockey-9_DY,Jockey,N/A,1.4.3,"1,1.4,1.4.3"
Jockey-N3_CQ,Jockey,N/A,1.4.3,"1,1.4,1.4.3"
Jockey-N6_CQ,Jockey,N/A,1.4.3,"1,1.4,1.4.3"
Jockey_Ele2,Jockey,N/A,1.4.3,"1,1.4,1.4.3"
JODY_HC_LTR,gypsy,N/A,1.1.2,"1,1.1,1.1.2"
Bov-tA1,tRNA,N/A,1.5.1,"1,1.5,1.5.1"
KAMIKAZE_BM-I,DIRS,N/A,1.2,"1,1.2"
KANGAROO-1_VC,DIRS,N/A,1.2,"1,1.2"
Keno-1_SSa,RTE,N/A,1.4.2,"1,1.4,1.4.2"
KenoDr1,L1,N/A,1.4.4,"1,1.4,1.4.4"
KibiDr2,L1,N/A,1.4.4,"1,1.4,1.4.4"
KIDDOD,PIF-Harbinger,N/A,2.1.1.8,"2,2.1,2.1.1,2.1.1.8"
Kiri-11_CQ,Jockey,N/A,1.4.3,"1,1.4,1.4.3"
Kiri-14_AAe,SubclassI,N/A,2.1,"2,2.1"
Kiri-18_AAe,SubclassI,N/A,2.1,"2,2.1"
Kiri-1_DEl,Jockey,N/A,1.4.3,"1,1.4,1.4.3"
BovB_Ac,RTE,N/A,1.4.2,"1,1.4,1.4.2"
Kiri-1_DTa,Transib,N/A,2.1.1.5,"2,2.1,2.1.1,2.1.1.5"
Kiri-21_AAe,Copia,N/A,1.1.1,"1,1.1,1.1.1"
Kiri-26_AAe,Mutator,N/A,2.1.1.3,"2,2.1,2.1.1,2.1.1.3"
Kiri-2_CQ,L1,N/A,1.4.4,"1,1.4,1.4.4"
Kiri-2_HMM,PIF-Harbinger,N/A,2.1.1.8,"2,2.1,2.1.1,2.1.1.8"
Kiri-33_AAe,SubclassI,N/A,2.1,"2,2.1"
Kiri-38_AAe,PIF-Harbinger,N/A,2.1.1.8,"2,2.1,2.1.1,2.1.1.8"
Kiri-3_HMM,SubclassI,N/A,2.1,"2,2.1"
Kiri-4_DTa,SubclassI,N/A,2.1,"2,2.1"
Kiri-5_DTa,SubclassI,N/A,2.1,"2,2.1"
BovB_Bh,RTE,N/A,1.4.2,"1,1.4,1.4.2"
Kiri-6_DK,Jockey,N/A,1.4.3,"1,1.4,1.4.3"
Kiri-7_HMM,SubclassI,N/A,2.1,"2,2.1"
Kiri-9_CQ,L1,N/A,1.4.4,"1,1.4,1.4.4"
Kolobok-11_HM,SubclassI,N/A,2.1,"2,2.1"
Kolobok-15_HM,SubclassI,N/A,2.1,"2,2.1"
Kolobok-1N1_DR,SubclassI,N/A,2.1,"2,2.1"
Kolobok-1N3_DR,SubclassI,N/A,2.1,"2,2.1"
Kolobok-1_AQu,SubclassI,N/A,2.1,"2,2.1"
Kolobok-1_CS,SubclassI,N/A,2.1,"2,2.1"
Kolobok-1_LCh,SubclassI,N/A,2.1,"2,2.1"
BovB_Dr,RTE,N/A,1.4.2,"1,1.4,1.4.2"
Kolobok-1_NV,SubclassI,N/A,2.1,"2,2.1"
Kolobok-1_SKow,SubclassI,N/A,2.1,"2,2.1"
Kolobok-22_HMa,SubclassI,N/A,2.1,"2,2.1"
Kolobok-2_BF,SubclassI,N/A,2.1,"2,2.1"
Kolobok-2_MSp,SubclassI,N/A,2.1,"2,2.1"
Kolobok-3_AQu,SubclassI,N/A,2.1,"2,2.1"
Kolobok-3_LMi,SubclassI,N/A,2.1,"2,2.1"
Kolobok-4_CGi,SubclassI,N/A,2.1,"2,2.1"
Kolobok-5_CGi,SubclassI,N/A,2.1,"2,2.1"
Kolobok-6_CGi,SubclassI,N/A,2.1,"2,2.1"
BovB_Gd,RTE,N/A,1.4.2,"1,1.4,1.4.2"
Kolobok-7_HM,SubclassI,N/A,2.1,"2,2.1"
Kolobok-8_LMi,SubclassI,N/A,2.1,"2,2.1"
Kolobok-N10_DR,SubclassI,N/A,2.1,"2,2.1"
Kolobok-N11_XT,SubclassI,N/A,2.1,"2,2.1"
Kolobok-N13_NV,SubclassI,N/A,2.1,"2,2.1"
Kolobok-N18_NV,SubclassI,N/A,2.1,"2,2.1"
Kolobok-N1_CGi,SubclassI,N/A,2.1,"2,2.1"
Kolobok-N1_HSal,SubclassI,N/A,2.1,"2,2.1"
Kolobok-N1_SIn,SubclassI,N/A,2.1,"2,2.1"
Kolobok-N22_NV,SubclassI,N/A,2.1,"2,2.1"
BovB_La,RTE,N/A,1.4.2,"1,1.4,1.4.2"
Kolobok-N27_NV,SubclassI,N/A,2.1,"2,2.1"
Kolobok-N2_DR,SubclassI,N/A,2.1,"2,2.1"
Kolobok-N3_CGi,SubclassI,N/A,2.1,"2,2.1"
Kolobok-N4A_NV,SubclassI,N/A,2.1,"2,2.1"
Kolobok-N4_XT,SubclassI,N/A,2.1,"2,2.1"
Kolobok-N5_XT,SubclassI,N/A,2.1,"2,2.1"
Kolobok-N6_XT,SubclassI,N/A,2.1,"2,2.1"
Kolobok-N7_XT,SubclassI,N/A,2.1,"2,2.1"
Kolobok-N9_NV,SubclassI,N/A,2.1,"2,2.1"
Kolobok1-2-SP,SubclassI,N/A,2.1,"2,2.1"
BovB_Pb,RTE,N/A,1.4.2,"1,1.4,1.4.2"
KolobokE-1_LGig,SubclassI,N/A,2.1,"2,2.1"
KolobokE-4_AP,SubclassI,N/A,2.1,"2,2.1"
KolobokH-3_RIr,SubclassI,N/A,2.1,"2,2.1"
KOPI2_I,Copia,N/A,1.1.1,"1,1.1,1.1.1"
Kronos_I,gypsy,N/A,1.1.2,"1,1.1,1.1.2"
L1-101_DR,L1,N/A,1.4.4,"1,1.4,1.4.4"
L1-106_DR,SubclassI,N/A,2.1,"2,2.1"
L1-10_ALy,L1,N/A,1.4.4,"1,1.4,1.4.4"
L1-10_ECa,DIRS,N/A,1.2,"1,1.2"
L1-10_Mad,L1,N/A,1.4.4,"1,1.4,1.4.4"
BovB_Ta,RTE,N/A,1.4.2,"1,1.4,1.4.2"
L1-10_XT,L1,N/A,1.4.4,"1,1.4,1.4.4"
L1-11_ATr,L1,N/A,1.4.4,"1,1.4,1.4.4"
L1-11_GM,L1,N/A,1.4.4,"1,1.4,1.4.4"
L1-11_STu,L1,N/A,1.4.4,"1,1.4,1.4.4"
L1-12_ATr,L1,N/A,1.4.4,"1,1.4,1.4.4"
L1-12_GM,L1,N/A,1.4.4,"1,1.4,1.4.4"
L1-12_STu,L1,N/A,1.4.4,"1,1.4,1.4.4"
L1-13_CPa,L1,N/A,1.4.4,"1,1.4,1.4.4"
L1-13_Mad,L1,N/A,1.4.4,"1,1.4,1.4.4"
L1-14_ATr,L1,N/A,1.4.4,"1,1.4,1.4.4"
ATCOPIA11I,Copia,N/A,1.1.1,"1,1.1,1.1.1"
BPCOPIA1,SubclassI,N/A,2.1,"2,2.1"
L1-14_Mad,L1,N/A,1.4.4,"1,1.4,1.4.4"
L1-15b_Lch,L1,N/A,1.4.4,"1,1.4,1.4.4"
L1-15_DR,L1,N/A,1.4.4,"1,1.4,1.4.4"
L1-15_STu,L1,N/A,1.4.4,"1,1.4,1.4.4"
L1-16_DR,L1,N/A,1.4.4,"1,1.4,1.4.4"
L1-16_SSa,L1,N/A,1.4.4,"1,1.4,1.4.4"
L1-17_ATr,L1,N/A,1.4.4,"1,1.4,1.4.4"
L1-17_SSa,L1,N/A,1.4.4,"1,1.4,1.4.4"
L1-18_DR,L1,N/A,1.4.4,"1,1.4,1.4.4"
L1-18_STu,L1,N/A,1.4.4,"1,1.4,1.4.4"
BRODYAGA1,SubclassI,N/A,2.1,"2,2.1"
L1-19_FV,L1,N/A,1.4.4,"1,1.4,1.4.4"
L1-1a_Cis,L1,N/A,1.4.4,"1,1.4,1.4.4"
L1-1B_Cho,L1,N/A,1.4.4,"1,1.4,1.4.4"
L1-1B_Opr,L1,N/A,1.4.4,"1,1.4,1.4.4"
L1-1E_Cpo,L1,N/A,1.4.4,"1,1.4,1.4.4"
L1-1_Acar,L1,N/A,1.4.4,"1,1.4,1.4.4"
L1-1_CGr,L1,N/A,1.4.4,"1,1.4,1.4.4"
L1-1_Cpo,L1,N/A,1.4.4,"1,1.4,1.4.4"
L1-1_Dor,L1,N/A,1.4.4,"1,1.4,1.4.4"
L1-1_EE,L1,N/A,1.4.4,"1,1.4,1.4.4"
BS3_DM,Jockey,N/A,1.4.3,"1,1.4,1.4.3"
L1-1_GM,L1,N/A,1.4.4,"1,1.4,1.4.4"
L1-1_LCh,L1,N/A,1.4.4,"1,1.4,1.4.4"
L1-1_Mpr,L1,N/A,1.4.4,"1,1.4,1.4.4"
L1-1_Pca,L1,N/A,1.4.4,"1,1.4,1.4.4"
L1-1_PTr__2,L1,N/A,1.4.4,"1,1.4,1.4.4"
L1-1_SH,L1,N/A,1.4.4,"1,1.4,1.4.4"
L1-1_Str,L1,N/A,1.4.4,"1,1.4,1.4.4"
L1-1_Ttr,L1,N/A,1.4.4,"1,1.4,1.4.4"
L1-1_ZM,L1,N/A,1.4.4,"1,1.4,1.4.4"
L1-20_CPa,L1,N/A,1.4.4,"1,1.4,1.4.4"
BtERVF1_I,I,N/A,1.4.5,"1,1.4,1.4.5"
L1-21B_ACar,L1,N/A,1.4.4,"1,1.4,1.4.4"
L1-21_FV,L1,N/A,1.4.4,"1,1.4,1.4.4"
L1-22_ATr,L1,N/A,1.4.4,"1,1.4,1.4.4"
L1-22_SSa,L1,N/A,1.4.4,"1,1.4,1.4.4"
L1-23_CPa,L1,N/A,1.4.4,"1,1.4,1.4.4"
L1-24B_ACar,L1,N/A,1.4.4,"1,1.4,1.4.4"
L1-24_DR,L1,N/A,1.4.4,"1,1.4,1.4.4"
L1-25_ATr,L1,N/A,1.4.4,"1,1.4,1.4.4"
L1-25_XT,L1,N/A,1.4.4,"1,1.4,1.4.4"
L1-26_DR,L1,N/A,1.4.4,"1,1.4,1.4.4"
BTLTR1B,gypsy,N/A,1.1.2,"1,1.1,1.1.2"
L1-27_ACar,L1,N/A,1.4.4,"1,1.4,1.4.4"
L1-27_SSa,L1,N/A,1.4.4,"1,1.4,1.4.4"
L1-28_DR,Tc1-Mariner,N/A,2.1.1.1,"2,2.1,2.1.1,2.1.1.1"
L1-29_ATr,L1,N/A,1.4.4,"1,1.4,1.4.4"
L1-2a_EF,L1,N/A,1.4.4,"1,1.4,1.4.4"
L1-2B_LA-5end,L1,N/A,1.4.4,"1,1.4,1.4.4"
L1-2_CGr,L1,N/A,1.4.4,"1,1.4,1.4.4"
L1-2_CPB,L1,N/A,1.4.4,"1,1.4,1.4.4"
L1-2_Dor,L1,N/A,1.4.4,"1,1.4,1.4.4"
L1-2_EPa,L1,N/A,1.4.4,"1,1.4,1.4.4"
BTLTR1D2,gypsy,N/A,1.1.2,"1,1.1,1.1.2"
L1-2_HM,SubclassI,N/A,2.1,"2,2.1"
L1-2_MD,L1,N/A,1.4.4,"1,1.4,1.4.4"
L1-2_Pca,L1,N/A,1.4.4,"1,1.4,1.4.4"
L1-2_PVa,L1,N/A,1.4.4,"1,1.4,1.4.4"
L1-2_SSa,L1,N/A,1.4.4,"1,1.4,1.4.4"
L1-2_TC,L1,N/A,1.4.4,"1,1.4,1.4.4"
L1-2_VVi,L1,N/A,1.4.4,"1,1.4,1.4.4"
L1-30_ATr,L1,N/A,1.4.4,"1,1.4,1.4.4"
L1-31_ACar,L1,N/A,1.4.4,"1,1.4,1.4.4"
L1-32_AAe,L1,N/A,1.4.4,"1,1.4,1.4.4"
BTLTR1F,gypsy,N/A,1.1.2,"1,1.1,1.1.2"
L1-32_XT,L1,N/A,1.4.4,"1,1.4,1.4.4"
L1-33_DR,L1,N/A,1.4.4,"1,1.4,1.4.4"
L1-34_DR,L1,N/A,1.4.4,"1,1.4,1.4.4"
L1-35_ATr,L1,N/A,1.4.4,"1,1.4,1.4.4"
L1-36_ATr,L1,N/A,1.4.4,"1,1.4,1.4.4"
L1-37_ATr,L1,N/A,1.4.4,"1,1.4,1.4.4"
L1-38_ATr,LINE,N/A,1.4,"1,1.4"
L1-39_ATr,L1,N/A,1.4.4,"1,1.4,1.4.4"
L1-3a_EF,L1,N/A,1.4.4,"1,1.4,1.4.4"
L1-3_BT,L1,N/A,1.4.4,"1,1.4,1.4.4"
BTLTR1J3,gypsy,N/A,1.1.2,"1,1.1,1.1.2"
L1-3_Cpo,L1,N/A,1.4.4,"1,1.4,1.4.4"
L1-3_ECa,L1,N/A,1.4.4,"1,1.4,1.4.4"
L1-3_HM,L1,N/A,1.4.4,"1,1.4,1.4.4"
L1-3_MD,L1,N/A,1.4.4,"1,1.4,1.4.4"
L1-3_PI,L1,N/A,1.4.4,"1,1.4,1.4.4"
L1-3_SMo,L1,N/A,1.4.4,"1,1.4,1.4.4"
L1-3_TC,L1,N/A,1.4.4,"1,1.4,1.4.4"
L1-3_XT,L1,N/A,1.4.4,"1,1.4,1.4.4"
L1-40_DR,L1,N/A,1.4.4,"1,1.4,1.4.4"
L1-42A_XT,L1,N/A,1.4.4,"1,1.4,1.4.4"
BVBNR1,SubclassI,N/A,2.1,"2,2.1"
L1-43_AAe,L1,N/A,1.4.4,"1,1.4,1.4.4"
L1-44_ACar,L1,N/A,1.4.4,"1,1.4,1.4.4"
L1-45_DR,L1,N/A,1.4.4,"1,1.4,1.4.4"
L1-46_XT,L1,N/A,1.4.4,"1,1.4,1.4.4"
L1-47_XT,L1,N/A,1.4.4,"1,1.4,1.4.4"
L1-49_ACar,L1,N/A,1.4.4,"1,1.4,1.4.4"
L1-4A_MD,L1,N/A,1.4.4,"1,1.4,1.4.4"
L1-4_ALy,L1,N/A,1.4.4,"1,1.4,1.4.4"
L1-4_CPB,L1,N/A,1.4.4,"1,1.4,1.4.4"
L1-4_EC,L1,N/A,1.4.4,"1,1.4,1.4.4"
CACTA-1_Ccinerea,CACTA,N/A,2.1.1.9,"2,2.1,2.1.1,2.1.1.9"
L1-4_HM,L1,N/A,1.4.4,"1,1.4,1.4.4"
L1-4_MD,L1,N/A,1.4.4,"1,1.4,1.4.4"
L1-4_PR,L1,N/A,1.4.4,"1,1.4,1.4.4"
L1-4_SSa,L1,N/A,1.4.4,"1,1.4,1.4.4"
L1-4_ZM,L1,N/A,1.4.4,"1,1.4,1.4.4"
L1-51_ACar,L1,N/A,1.4.4,"1,1.4,1.4.4"
L1-52_XT,L1,N/A,1.4.4,"1,1.4,1.4.4"
L1-54_DR,L1,N/A,1.4.4,"1,1.4,1.4.4"
L1-56_ACar,L1,N/A,1.4.4,"1,1.4,1.4.4"
L1-57_XT,L1,N/A,1.4.4,"1,1.4,1.4.4"
ATCOPIA13LTR,Copia,N/A,1.1.1,"1,1.1,1.1.1"
CACTA-2_AA,SubclassI,N/A,2.1,"2,2.1"
L1-59_DR,L1,N/A,1.4.4,"1,1.4,1.4.4"
L1-5_A5end_EC,tRNA,N/A,1.5.1,"1,1.5,1.5.1"
L1-5_CPa,L1,N/A,1.4.4,"1,1.4,1.4.4"
L1-5_ECa,L1,N/A,1.4.4,"1,1.4,1.4.4"
L1-5_JC,L1,N/A,1.4.4,"1,1.4,1.4.4"
L1-5_PI,L1,N/A,1.4.4,"1,1.4,1.4.4"
L1-5_STu,L1,N/A,1.4.4,"1,1.4,1.4.4"
L1-60_ACar,L1,N/A,1.4.4,"1,1.4,1.4.4"
L1-62_XT,L1,N/A,1.4.4,"1,1.4,1.4.4"
L1-64_DR,L1,N/A,1.4.4,"1,1.4,1.4.4"
CACTA-D,CACTA,N/A,2.1.1.9,"2,2.1,2.1.1,2.1.1.9"
L1-66_ACar,L1,N/A,1.4.4,"1,1.4,1.4.4"
L1-67_XT,L1,N/A,1.4.4,"1,1.4,1.4.4"
L1-69_DR,L1,N/A,1.4.4,"1,1.4,1.4.4"
L1-6_Cis,L1,N/A,1.4.4,"1,1.4,1.4.4"
L1-6_ECa,L1,N/A,1.4.4,"1,1.4,1.4.4"
L1-6_Laf,L1,N/A,1.4.4,"1,1.4,1.4.4"
L1-6_PR,L1,N/A,1.4.4,"1,1.4,1.4.4"
L1-6_VC,L1,N/A,1.4.4,"1,1.4,1.4.4"
L1-71_ACar,L1,N/A,1.4.4,"1,1.4,1.4.4"
L1-73_DR,PiggyBac,N/A,2.1.1.7,"2,2.1,2.1.1,2.1.1.7"
CACTA-H,CACTA,N/A,2.1.1.9,"2,2.1,2.1.1,2.1.1.9"
L1-76_ACar,L1,N/A,1.4.4,"1,1.4,1.4.4"
L1-79_ACar,L1,N/A,1.4.4,"1,1.4,1.4.4"
L1-7_Cis,L1,N/A,1.4.4,"1,1.4,1.4.4"
L1-7_ECa,L1,N/A,1.4.4,"1,1.4,1.4.4"
L1-7_LCh,L1,N/A,1.4.4,"1,1.4,1.4.4"
L1-7_SBi,L1,N/A,1.4.4,"1,1.4,1.4.4"
L1-80_ACar,L1,N/A,1.4.4,"1,1.4,1.4.4"
L1-83_ACar,L1,N/A,1.4.4,"1,1.4,1.4.4"
L1-85_DR,L1,N/A,1.4.4,"1,1.4,1.4.4"
L1-88_DR,L1,N/A,1.4.4,"1,1.4,1.4.4"
CACTA-M,CACTA,N/A,2.1.1.9,"2,2.1,2.1.1,2.1.1.9"
L1-8_CPa,L1,N/A,1.4.4,"1,1.4,1.4.4"
L1-8_GM,L1,N/A,1.4.4,"1,1.4,1.4.4"
L1-8_SBi,L1,N/A,1.4.4,"1,1.4,1.4.4"
L1-90_DR,L1,N/A,1.4.4,"1,1.4,1.4.4"
L1-92_DR,L1,N/A,1.4.4,"1,1.4,1.4.4"
L1-94_DR,L1,N/A,1.4.4,"1,1.4,1.4.4"
L1-96_Cis,L1,N/A,1.4.4,"1,1.4,1.4.4"
L1-98_DR,L1,N/A,1.4.4,"1,1.4,1.4.4"
L1-9_ALy,L1,N/A,1.4.4,"1,1.4,1.4.4"
L1-9_ECa,L1,N/A,1.4.4,"1,1.4,1.4.4"
CACTAN1_ZM,CACTA,N/A,2.1.1.9,"2,2.1,2.1.1,2.1.1.9"
L1-9_Mad,L1,N/A,1.4.4,"1,1.4,1.4.4"
L1-N1_CQ,L1,N/A,1.4.4,"1,1.4,1.4.4"
L1-N3_FV,L1,N/A,1.4.4,"1,1.4,1.4.4"
L1-Tx1-1_DR,L1,N/A,1.4.4,"1,1.4,1.4.4"
L1A_Mim,L1,N/A,1.4.4,"1,1.4,1.4.4"
L1B_Mim,L1,N/A,1.4.4,"1,1.4,1.4.4"
L1C_Mim,L1,N/A,1.4.4,"1,1.4,1.4.4"
L1Lx_III,L1,N/A,1.4.4,"1,1.4,1.4.4"
L1M2A_5,L1,N/A,1.4.4,"1,1.4,1.4.4"
L1M3B_5,L1,N/A,1.4.4,"1,1.4,1.4.4"
CALYPSHAN2_I_MT,gypsy,N/A,1.1.2,"1,1.1,1.1.2"
L1M6B_5end,SubclassI,N/A,2.1,"2,2.1"
L1MA2__3,L1,N/A,1.4.4,"1,1.4,1.4.4"
L1MA5A,L1,N/A,1.4.4,"1,1.4,1.4.4"
L1MA9_5,L1,N/A,1.4.4,"1,1.4,1.4.4"
L1MAB_ML,L1,N/A,1.4.4,"1,1.4,1.4.4"
L1MB3_EC,L1,N/A,1.4.4,"1,1.4,1.4.4"
L1MB6_5,L1,N/A,1.4.4,"1,1.4,1.4.4"
L1MC2__3,L1,N/A,1.4.4,"1,1.4,1.4.4"
L1MC5,L1,N/A,1.4.4,"1,1.4,1.4.4"
L1MD1_5,L1,N/A,1.4.4,"1,1.4,1.4.4"
CAREP1,gypsy,N/A,1.1.2,"1,1.1,1.1.2"
L1MdA_II,L1,N/A,1.4.4,"1,1.4,1.4.4"
L1MdA_VII,L1,N/A,1.4.4,"1,1.4,1.4.4"
L1MdF_II,L1,N/A,1.4.4,"1,1.4,1.4.4"
L1MdGf_II,L1,N/A,1.4.4,"1,1.4,1.4.4"
L1MdTf_II,L1,N/A,1.4.4,"1,1.4,1.4.4"
L1Md_F_5end,L1,N/A,1.4.4,"1,1.4,1.4.4"
L1ME3A__2,L1,N/A,1.4.4,"1,1.4,1.4.4"
L1ME4,L1,N/A,1.4.4,"1,1.4,1.4.4"
L1MEB_5,L1,N/A,1.4.4,"1,1.4,1.4.4"
L1MEf_5end,L1,N/A,1.4.4,"1,1.4,1.4.4"
CarERV2c1_LTR,DIRS,N/A,1.2,"1,1.2"
L1NH_RN,SINE,N/A,1.5,"1,1.5"
L1P4e_5end__2,L1,N/A,1.4.4,"1,1.4,1.4.4"
L1PA13,L1,N/A,1.4.4,"1,1.4,1.4.4"
L1PA16,L1,N/A,1.4.4,"1,1.4,1.4.4"
L1PA4,L1,N/A,1.4.4,"1,1.4,1.4.4"
L1PA8,L1,N/A,1.4.4,"1,1.4,1.4.4"
L1PB4,L1,N/A,1.4.4,"1,1.4,1.4.4"
L1PREC2,L1,N/A,1.4.4,"1,1.4,1.4.4"
L1S1_SS,RTE,N/A,1.4.2,"1,1.4,1.4.2"
L1VL2_5,L1,N/A,1.4.4,"1,1.4,1.4.4"
CarERV4a_LTR,gypsy,N/A,1.1.2,"1,1.1,1.1.2"
L1_AC_10,L1,N/A,1.4.4,"1,1.4,1.4.4"
L1_AC_15,L1,N/A,1.4.4,"1,1.4,1.4.4"
L1_AC_2,L1,N/A,1.4.4,"1,1.4,1.4.4"
L1_AC_5,L1,N/A,1.4.4,"1,1.4,1.4.4"
L1_BT,L1,N/A,1.4.4,"1,1.4,1.4.4"
L1_Carn2_5end,L1,N/A,1.4.4,"1,1.4,1.4.4"
L1_Carni_orf2,L1,N/A,1.4.4,"1,1.4,1.4.4"
L1_Ele12,L1,N/A,1.4.4,"1,1.4,1.4.4"
L1_Ele21,L1,N/A,1.4.4,"1,1.4,1.4.4"
L1_Ele3C_AAe,L1,N/A,1.4.4,"1,1.4,1.4.4"
CarLTR10_LTR,gypsy,N/A,1.1.2,"1,1.1,1.1.2"
L1_Fc_5end,L1,N/A,1.4.4,"1,1.4,1.4.4"
L1_Mars1b_3end,L1,N/A,1.4.4,"1,1.4,1.4.4"
L1_Mur1_orf2,L1,N/A,1.4.4,"1,1.4,1.4.4"
L1_Mur3_orf2,L1,N/A,1.4.4,"1,1.4,1.4.4"
L1_Rat3_3end,L1,N/A,1.4.4,"1,1.4,1.4.4"
L1_Rod_orf2,L1,N/A,1.4.4,"1,1.4,1.4.4"
L2,Jockey,N/A,1.4.3,"1,1.4,1.4.3"
L2-11_CTe,Jockey,N/A,1.4.3,"1,1.4,1.4.3"
L2-12b_Lch,L1,N/A,1.4.4,"1,1.4,1.4.4"
L2-13B_DRe,DIRS,N/A,1.2,"1,1.2"
ATCOPIA16I,Copia,N/A,1.1.1,"1,1.1,1.1.1"
CarLTR1A1C_LTR,SubclassI,N/A,2.1,"2,2.1"
L2-13_Hmel,SubclassI,N/A,2.1,"2,2.1"
L2-15_CTe,Mutator,N/A,2.1.1.3,"2,2.1,2.1.1,2.1.1.3"
L2-17_CTe,Tc1-Mariner,N/A,2.1.1.1,"2,2.1,2.1.1,2.1.1.1"
L2-19_ACar,I,N/A,1.4.5,"1,1.4,1.4.5"
L2-1c_Cis,L1,N/A,1.4.4,"1,1.4,1.4.4"
L2-1_Croc,RTE,N/A,1.4.2,"1,1.4,1.4.2"
L2-1_DR,Jockey,N/A,1.4.3,"1,1.4,1.4.3"
L2-1_Hmel,SubclassI,N/A,2.1,"2,2.1"
L2-1_PM,Jockey,N/A,1.4.3,"1,1.4,1.4.3"
L2-20_ACar,L1,N/A,1.4.4,"1,1.4,1.4.4"
CarLTR1B2_LTR,DIRS,N/A,1.2,"1,1.2"
L2-22_CTe,SubclassI,N/A,2.1,"2,2.1"
L2-24_CTe,SubclassI,N/A,2.1,"2,2.1"
L2-26_CTe,Jockey,N/A,1.4.3,"1,1.4,1.4.3"
L2-2C_SSa,L1,N/A,1.4.4,"1,1.4,1.4.4"
L2-2_CTe,DIRS,N/A,1.2,"1,1.2"
L2-2_Hmel,Jockey,N/A,1.4.3,"1,1.4,1.4.3"
L2-2_OL,PIF-Harbinger,N/A,2.1.1.8,"2,2.1,2.1.1,2.1.1.8"
L2-2_XT,L1,N/A,1.4.4,"1,1.4,1.4.4"
L2-34_DR,L1,N/A,1.4.4,"1,1.4,1.4.4"
L2-3_AMi,SINE,N/A,1.5,"1,1.5"
CarLTR6b,gypsy,N/A,1.1.2,"1,1.1,1.1.2"
L2-3_DRe,L1,N/A,1.4.4,"1,1.4,1.4.4"
L2-3_LMe,L1,N/A,1.4.4,"1,1.4,1.4.4"
L2-3_XT,Jockey,N/A,1.4.3,"1,1.4,1.4.3"
L2-45_DR,SubclassI,N/A,2.1,"2,2.1"
L2-4B_EL,SubclassI,N/A,2.1,"2,2.1"
L2-4_EL,L1,N/A,1.4.4,"1,1.4,1.4.4"
L2-4_OL,PIF-Harbinger,N/A,2.1.1.8,"2,2.1,2.1.1,2.1.1.8"
L2-51_DR,hAT,N/A,2.1.1.2,"2,2.1,2.1.1,2.1.1.2"
L2-56_DR,L1,N/A,1.4.4,"1,1.4,1.4.4"
L2-5_DRe,SubclassI,N/A,2.1,"2,2.1"
CASBIG,PIF-Harbinger,N/A,2.1.1.8,"2,2.1,2.1.1,2.1.1.8"
L2-5_NVi,Jockey,N/A,1.4.3,"1,1.4,1.4.3"
L2-68_HMa,Jockey,N/A,1.4.3,"1,1.4,1.4.3"
L2-6_LCh,L1,N/A,1.4.4,"1,1.4,1.4.4"
L2-6_XT,Jockey,N/A,1.4.3,"1,1.4,1.4.3"
L2-7_LCh,L1,N/A,1.4.4,"1,1.4,1.4.4"
L2-8_AAe,L1,N/A,1.4.4,"1,1.4,1.4.4"
L2-8_LCh,L1,N/A,1.4.4,"1,1.4,1.4.4"
L2-9_DRe,Copia,N/A,1.1.1,"1,1.1,1.1.1"
L2-9_OL,Jockey,N/A,1.4.3,"1,1.4,1.4.3"
L2B-1B_CQ,Tc1-Mariner,N/A,2.1.1.1,"2,2.1,2.1.1,2.1.1.1"
CASLET,SubclassI,N/A,2.1,"2,2.1"
L2B-1_HM,LTR,N/A,1.1,"1,1.1"
L2B-2_PBa,gypsy,N/A,1.1.2,"1,1.1,1.1.2"
L2B-3_PBa,gypsy,N/A,1.1.2,"1,1.1,1.1.2"
L2B-5_CQ,gypsy,N/A,1.1.2,"1,1.1,1.1.2"
L2B_ME,SubclassI,N/A,2.1,"2,2.1"
L2_AC_11,L1,N/A,1.4.4,"1,1.4,1.4.4"
L2_AC_16,L1,N/A,1.4.4,"1,1.4,1.4.4"
L2_AC_5,L1,N/A,1.4.4,"1,1.4,1.4.4"
L2_Ele3,PIF-Harbinger,N/A,2.1.1.8,"2,2.1,2.1.1,2.1.1.8"
L2_Plat1e,Jockey,N/A,1.4.3,"1,1.4,1.4.3"
Cassandra_DT-LTR,SINE,N/A,1.5,"1,1.5"
L2_Plat1m,Jockey,N/A,1.4.3,"1,1.4,1.4.3"
L2_Plat1s,Jockey,N/A,1.4.3,"1,1.4,1.4.3"
L3b_3end__2,L1,N/A,1.4.4,"1,1.4,1.4.4"
LanceleTn-1,SubclassI,N/A,2.1,"2,2.1"
LATIDU1_TM,gypsy,N/A,1.1.2,"1,1.1,1.1.2"
LatiHarb1-N1,PIF-Harbinger,N/A,2.1.1.8,"2,2.1,2.1.1,2.1.1.8"
LatiHarb1-N4C,PIF-Harbinger,N/A,2.1.1.8,"2,2.1,2.1.1,2.1.1.8"
LatiHarb1-N6,PIF-Harbinger,N/A,2.1.1.8,"2,2.1,2.1.1,2.1.1.8"
LES0,SubclassI,N/A,2.1,"2,2.1"
Lian-Aa1,Copia,N/A,1.1.1,"1,1.1,1.1.1"
Cassandra_OS-I,tRNA,N/A,1.5.1,"1,1.5,1.5.1"
LIN13_SM,L1,N/A,1.4.4,"1,1.4,1.4.4"
LIN4b_SM,Jockey,N/A,1.4.3,"1,1.4,1.4.3"
LIN9_SM,L1,N/A,1.4.4,"1,1.4,1.4.4"
LINE-4_OS,LINE,N/A,1.4,"1,1.4"
LINE1-10_SBi,L1,N/A,1.4.4,"1,1.4,1.4.4"
LINE1-12_SBi,L1,N/A,1.4.4,"1,1.4,1.4.4"
LINE1-14_ZM,L1,N/A,1.4.4,"1,1.4,1.4.4"
LINE1-17_SBi,L1,N/A,1.4.4,"1,1.4,1.4.4"
LINE1-19_ZM,L1,N/A,1.4.4,"1,1.4,1.4.4"
LINE1-21_SBi,L1,N/A,1.4.4,"1,1.4,1.4.4"
CASTAWAY-3,SubclassI,N/A,2.1,"2,2.1"
LINE1-23_ZM,L1,N/A,1.4.4,"1,1.4,1.4.4"
LINE1-26_SBi,L1,N/A,1.4.4,"1,1.4,1.4.4"
LINE1-28_ZM,L1,N/A,1.4.4,"1,1.4,1.4.4"
LINE1-30_SBi,L1,N/A,1.4.4,"1,1.4,1.4.4"
LINE1-32_ZM,L1,N/A,1.4.4,"1,1.4,1.4.4"
LINE1-35_SBi,L1,N/A,1.4.4,"1,1.4,1.4.4"
LINE1-37_ZM,L1,N/A,1.4.4,"1,1.4,1.4.4"
LINE1-3_SBi,L1,N/A,1.4.4,"1,1.4,1.4.4"
LINE1-41_ZM,L1,N/A,1.4.4,"1,1.4,1.4.4"
LINE1-44_SBi,L1,N/A,1.4.4,"1,1.4,1.4.4"
CATCH1_I,Bel-Pao,N/A,1.1.3,"1,1.1,1.1.3"
LINE1-46_ZM,L1,N/A,1.4.4,"1,1.4,1.4.4"
LINE1-49_SBi,L1,N/A,1.4.4,"1,1.4,1.4.4"
LINE1-50_ZM,L1,N/A,1.4.4,"1,1.4,1.4.4"
LINE1-53_SBi,L1,N/A,1.4.4,"1,1.4,1.4.4"
LINE1-55_ZM,L1,N/A,1.4.4,"1,1.4,1.4.4"
LINE1-58_SBi,L1,N/A,1.4.4,"1,1.4,1.4.4"
LINE1-60_SBi,L1,N/A,1.4.4,"1,1.4,1.4.4"
LINE1-64_SBi,L1,N/A,1.4.4,"1,1.4,1.4.4"
LINE1-69_SBi,L1,N/A,1.4.4,"1,1.4,1.4.4"
LINE1-71_SBi,L1,N/A,1.4.4,"1,1.4,1.4.4"
CATCH3LTR_DR,Bel-Pao,N/A,1.1.3,"1,1.1,1.1.3"
LINE1-7_SBi,L1,N/A,1.4.4,"1,1.4,1.4.4"
LINE1-9_SBi,L1,N/A,1.4.4,"1,1.4,1.4.4"
LINE1B_MT,L1,N/A,1.4.4,"1,1.4,1.4.4"
LINE1G_MT,L1,N/A,1.4.4,"1,1.4,1.4.4"
LINE1_CA,LINE,N/A,1.4,"1,1.4"
LINE2C1_CE,I,N/A,1.4.5,"1,1.4,1.4.5"
LINE2F_CE,gypsy,N/A,1.1.2,"1,1.1,1.1.2"
LINE2_NT1,SINE,N/A,1.5,"1,1.5"
LINE5A,SINE,N/A,1.5,"1,1.5"
LINEX-2_DR,SubclassI,N/A,2.1,"2,2.1"
ATCOPIA18A_I,Copia,N/A,1.1.1,"1,1.1,1.1.1"
CAVID2A,tRNA,N/A,1.5.1,"1,1.5,1.5.1"
LLTR29_OC,SINE,N/A,1.5,"1,1.5"
Lm2B2,tRNA,N/A,1.5.1,"1,1.5,1.5.1"
Lm2E,tRNA,N/A,1.5.1,"1,1.5,1.5.1"
LmeSINE1d,5S,N/A,1.5.3,"1,1.5,1.5.3"
LOA-10_AAe,I,N/A,1.4.5,"1,1.4,1.4.5"
Loa-1_DAn,R2,N/A,1.4.1,"1,1.4,1.4.1"
Loa-1_DK,RTE,N/A,1.4.2,"1,1.4,1.4.2"
LOA-1_DYa,Jockey,N/A,1.4.3,"1,1.4,1.4.3"
Loa-2_DEl,R2,N/A,1.4.1,"1,1.4,1.4.1"
Loa-2_DTa,DIRS,N/A,1.2,"1,1.2"
CAVID2C2,tRNA,N/A,1.5.1,"1,1.5,1.5.1"
LOA-3_DPer,DIRS,N/A,1.2,"1,1.2"
LOA-6_CQ,SubclassI,N/A,2.1,"2,2.1"
LOA_Ele2B_AAe,R2,N/A,1.4.1,"1,1.4,1.4.1"
LOA_Ele5,gypsy,N/A,1.1.2,"1,1.1,1.1.2"
Loner_Ele1,I,N/A,1.4.5,"1,1.4,1.4.5"
LONGPAL2,PiggyBac,N/A,2.1.1.7,"2,2.1,2.1.1,2.1.1.7"
LOOPER1_DM,PiggyBac,N/A,2.1.1.7,"2,2.1,2.1.1,2.1.1.7"
LOOPERN4B_DR,SubclassI,N/A,2.1,"2,2.1"
LOOPERN7_DR,SubclassI,N/A,2.1,"2,2.1"
LRS-2_DR,CACTA,N/A,2.1.1.9,"2,2.1,2.1.1,2.1.1.9"
CELE11,SubclassI,N/A,2.1,"2,2.1"
LT-46_AMi-I,gypsy,N/A,1.1.2,"1,1.1,1.1.2"
LT1_DPu-I,SubclassI,N/A,2.1,"2,2.1"
LT46B_AMi-LTR,Bel-Pao,N/A,1.1.3,"1,1.1,1.1.3"
LT47C_AMi-LTR,gypsy,N/A,1.1.2,"1,1.1,1.1.2"
LTR-100_Gav,gypsy,N/A,1.1.2,"1,1.1,1.1.2"
LTR-1023_AMi,gypsy,N/A,1.1.2,"1,1.1,1.1.2"
LTR-104_Gav,gypsy,N/A,1.1.2,"1,1.1,1.1.2"
LTR-1099_AMi,gypsy,N/A,1.1.2,"1,1.1,1.1.2"
LTR-10_DR,gypsy,N/A,1.1.2,"1,1.1,1.1.2"
LTR-10_Mad,LTR,N/A,1.1,"1,1.1"
CELE2,SubclassI,N/A,2.1,"2,2.1"
LTR-11_DR-I,SubclassI,N/A,2.1,"2,2.1"
LTR-1286_Gav,SubclassI,N/A,2.1,"2,2.1"
LTR-12C_Crp,LTR,N/A,1.1,"1,1.1"
LTR-12_BG-LTR,tRNA,N/A,1.5.1,"1,1.5,1.5.1"
LTR-13B_Crp,gypsy,N/A,1.1.2,"1,1.1,1.1.2"
LTR-13_Hm_LTR,Bel-Pao,N/A,1.1.3,"1,1.1,1.1.3"
LTR-1428C_AMi,gypsy,N/A,1.1.2,"1,1.1,1.1.2"
LTR-14C_Crp,gypsy,N/A,1.1.2,"1,1.1,1.1.2"
LTR-14_Gav,gypsy,N/A,1.1.2,"1,1.1,1.1.2"
LTR-15B_Crp,gypsy,N/A,1.1.2,"1,1.1,1.1.2"
CELE46B,SubclassI,N/A,2.1,"2,2.1"
LTR-15_Hm_LTR,Bel-Pao,N/A,1.1.3,"1,1.1,1.1.3"
LTR-16_Hm_I,LTR,N/A,1.1,"1,1.1"
LTR-17_Mad,tRNA,N/A,1.5.1,"1,1.5,1.5.1"
LTR-18_Gav,gypsy,N/A,1.1.2,"1,1.1,1.1.2"
LTR-19_Crp,gypsy,N/A,1.1.2,"1,1.1,1.1.2"
LTR-1_ACar,gypsy,N/A,1.1.2,"1,1.1,1.1.2"
LTR-1_EL-LTR,Copia,N/A,1.1.1,"1,1.1,1.1.1"
LTR-1_NV,LTR,N/A,1.1,"1,1.1"
LTR-1_PTrit-LTR,Copia,N/A,1.1.1,"1,1.1,1.1.1"
LTR-2056_Gav,Merlin,N/A,2.1.1.4,"2,2.1,2.1.1,2.1.1.4"
CEMUDR2,Mutator,N/A,2.1.1.3,"2,2.1,2.1.1,2.1.1.3"
LTR-20_Gav,gypsy,N/A,1.1.2,"1,1.1,1.1.2"
LTR-23_Crp,gypsy,N/A,1.1.2,"1,1.1,1.1.2"
LTR-273_Gav,LTR,N/A,1.1,"1,1.1"
LTR-29B_Crp,gypsy,N/A,1.1.2,"1,1.1,1.1.2"
LTR-29D2_Gav,gypsy,N/A,1.1.2,"1,1.1,1.1.2"
LTR-29F_Gav,gypsy,N/A,1.1.2,"1,1.1,1.1.2"
LTR-2B_EL-LTR,gypsy,N/A,1.1.2,"1,1.1,1.1.2"
LTR-2_CCri-I,gypsy,N/A,1.1.2,"1,1.1,1.1.2"
LTR-2_LMi,gypsy,N/A,1.1.2,"1,1.1,1.1.2"
LTR-2_MX-LTR,tRNA,N/A,1.5.1,"1,1.5,1.5.1"
CER10-I_CE,Bel-Pao,N/A,1.1.3,"1,1.1,1.1.3"
LTR-2_SBi,LTR,N/A,1.1,"1,1.1"
LTR-30B_Crp,gypsy,N/A,1.1.2,"1,1.1,1.1.2"
LTR-329_AMi,gypsy,N/A,1.1.2,"1,1.1,1.1.2"
LTR-362_AMi,DIRS,N/A,1.2,"1,1.2"
LTR-37_Crp,gypsy,N/A,1.1.2,"1,1.1,1.1.2"
LTR-3_ACar,gypsy,N/A,1.1.2,"1,1.1,1.1.2"
LTR-3_EL-LTR,tRNA,N/A,1.5.1,"1,1.5,1.5.1"
LTR-3_PSt-LTR,gypsy,N/A,1.1.2,"1,1.1,1.1.2"
LTR-42_Crp,gypsy,N/A,1.1.2,"1,1.1,1.1.2"
LTR-44_Crp,Bel-Pao,N/A,1.1.3,"1,1.1,1.1.3"
CER12-I_CE,LTR,N/A,1.1,"1,1.1"
LTR-46_Crp,gypsy,N/A,1.1.2,"1,1.1,1.1.2"
LTR-48_Gav,gypsy,N/A,1.1.2,"1,1.1,1.1.2"
LTR-4_ACe-LTR,gypsy,N/A,1.1.2,"1,1.1,1.1.2"
LTR-4_EL-LTR,DIRS,N/A,1.2,"1,1.2"
LTR-4_NV,gypsy,N/A,1.1.2,"1,1.1,1.1.2"
LTR-52_Gav,gypsy,N/A,1.1.2,"1,1.1,1.1.2"
LTR-566_AMi,Bel-Pao,N/A,1.1.3,"1,1.1,1.1.3"
LTR-57_Gav,gypsy,N/A,1.1.2,"1,1.1,1.1.2"
LTR-597_AMi,LTR,N/A,1.1,"1,1.1"
LTR-5_BG-LTR,Copia,N/A,1.1.1,"1,1.1,1.1.1"
CER15-1-LTR_CE,Bel-Pao,N/A,1.1.3,"1,1.1,1.1.3"
LTR-5_LMi,SINE,N/A,1.5,"1,1.5"
LTR-60_Gav,gypsy,N/A,1.1.2,"1,1.1,1.1.2"
LTR-634C_Croc,gypsy,N/A,1.1.2,"1,1.1,1.1.2"
LTR-63_Gav,gypsy,N/A,1.1.2,"1,1.1,1.1.2"
LTR-66_Gav,gypsy,N/A,1.1.2,"1,1.1,1.1.2"
LTR-6962_Crp,SINE,N/A,1.5,"1,1.5"
LTR-6_ACar,gypsy,N/A,1.1.2,"1,1.1,1.1.2"
LTR-6_LMi,Jockey,N/A,1.4.3,"1,1.4,1.4.3"
LTR-72_Gav,gypsy,N/A,1.1.2,"1,1.1,1.1.2"
LTR-76_Gav,DIRS,N/A,1.2,"1,1.2"
CER16-2-LTR_CE,SINE,N/A,1.5,"1,1.5"
LTR-79_Gav,gypsy,N/A,1.1.2,"1,1.1,1.1.2"
LTR-7_Mad-I,Copia,N/A,1.1.1,"1,1.1,1.1.1"
LTR-83B_Gav,SINE,N/A,1.5,"1,1.5"
LTR-87_Gav,gypsy,N/A,1.1.2,"1,1.1,1.1.2"
LTR-89_Gav,gypsy,N/A,1.1.2,"1,1.1,1.1.2"
LTR-8_BG-LTR,Bel-Pao,N/A,1.1.3,"1,1.1,1.1.3"
LTR-8_Mad,gypsy,N/A,1.1.2,"1,1.1,1.1.2"
LTR-92_Gav,gypsy,N/A,1.1.2,"1,1.1,1.1.2"
LTR-96_Gav,gypsy,N/A,1.1.2,"1,1.1,1.1.2"
LTR-99_Gav,gypsy,N/A,1.1.2,"1,1.1,1.1.2"
ATCOPIA1I,Copia,N/A,1.1.1,"1,1.1,1.1.1"
CER2-1-LTR_CE,SINE,N/A,1.5,"1,1.5"
LTR-9_EL-LTR,Bel-Pao,N/A,1.1.3,"1,1.1,1.1.3"
LTR09_FC,gypsy,N/A,1.1.2,"1,1.1,1.1.2"
LTR101B_MD,LINE,N/A,1.4,"1,1.4"
LTR103_MD,gypsy,N/A,1.1.2,"1,1.1,1.1.2"
LTR106B_MD,LTR,N/A,1.1,"1,1.1"
LTR109b_MD,gypsy,N/A,1.1.2,"1,1.1,1.1.2"
LTR10A_DN,gypsy,N/A,1.1.2,"1,1.1,1.1.2"
LTR10B1,gypsy,N/A,1.1.2,"1,1.1,1.1.2"
LTR10B3_Str,tRNA,N/A,1.5.1,"1,1.5,1.5.1"
LTR10B_OC,gypsy,N/A,1.1.2,"1,1.1,1.1.2"
CER3-LTR_CE,Bel-Pao,N/A,1.1.3,"1,1.1,1.1.3"
LTR10B_Str,SINE,N/A,1.5,"1,1.5"
LTR10C_Opr,Tc1-Mariner,N/A,2.1.1.1,"2,2.1,2.1.1,2.1.1.1"
LTR10D_OC,gypsy,N/A,1.1.2,"1,1.1,1.1.2"
LTR10G,gypsy,N/A,1.1.2,"1,1.1,1.1.2"
LTR10_EE,L1,N/A,1.4.4,"1,1.4,1.4.4"
LTR10_OC,gypsy,N/A,1.1.2,"1,1.1,1.1.2"
LTR10_RN,gypsy,N/A,1.1.2,"1,1.1,1.1.2"
LTR10_Ttr,RTE,N/A,1.4.2,"1,1.4,1.4.2"
LTR111c_MD,LINE,N/A,1.4,"1,1.4"
LTR113c_MD,gypsy,N/A,1.1.2,"1,1.1,1.1.2"
CER6-I_CE,Copia,N/A,1.1.1,"1,1.1,1.1.1"
LTR117_MD,tRNA,N/A,1.5.1,"1,1.5,1.5.1"
LTR11A_ML,SINE,N/A,1.5,"1,1.5"
LTR11B1_EE,DIRS,N/A,1.2,"1,1.2"
LTR11B2a3_EE,gypsy,N/A,1.1.2,"1,1.1,1.1.2"
LTR11B2a8_EE,tRNA,N/A,1.5.1,"1,1.5,1.5.1"
LTR11B2c2_EE,SINE,N/A,1.5,"1,1.5"
LTR11B_Ami,gypsy,N/A,1.1.2,"1,1.1,1.1.2"
LTR11B_Opr,DIRS,N/A,1.2,"1,1.2"
LTR11C_EE,SubclassI,N/A,2.1,"2,2.1"
LTR11D_EE,gypsy,N/A,1.1.2,"1,1.1,1.1.2"
CER8-LTR_CE,LTR,N/A,1.1,"1,1.1"
LTR11_BT,LTR,N/A,1.1,"1,1.1"
LTR11_DN,gypsy,N/A,1.1.2,"1,1.1,1.1.2"
LTR11_MD,gypsy,N/A,1.1.2,"1,1.1,1.1.2"
LTR11_Opr,gypsy,N/A,1.1.2,"1,1.1,1.1.2"
LTR11_Tbel,gypsy,N/A,1.1.2,"1,1.1,1.1.2"
LTR120B_MD,gypsy,N/A,1.1.2,"1,1.1,1.1.2"
LTR124_MD,gypsy,N/A,1.1.2,"1,1.1,1.1.2"
LTR128_MD,DIRS,N/A,1.2,"1,1.2"
LTR12B1_PVa,Copia,N/A,1.1.1,"1,1.1,1.1.1"
LTR12B_Cpo,gypsy,N/A,1.1.2,"1,1.1,1.1.2"
CEREBA_I,gypsy,N/A,1.1.2,"1,1.1,1.1.2"
LTR12C,DIRS,N/A,1.2,"1,1.2"
LTR12C_PVa,SubclassI,N/A,2.1,"2,2.1"
LTR12D_PVa,Copia,N/A,1.1.1,"1,1.1,1.1.1"
LTR12_AMi,gypsy,N/A,1.1.2,"1,1.1,1.1.2"
LTR12_DR,Copia,N/A,1.1.1,"1,1.1,1.1.1"
LTR12_MD,LTR,N/A,1.1,"1,1.1"
LTR12_Pca,DIRS,N/A,1.2,"1,1.2"
LTR13,gypsy,N/A,1.1.2,"1,1.1,1.1.2"
LTR132b_MD,Copia,N/A,1.1.1,"1,1.1,1.1.1"
LTR134_MD,5S,N/A,1.5.3,"1,1.5,1.5.3"
CEREP1A,SubclassI,N/A,2.1,"2,2.1"
LTR138_MD,L1,N/A,1.4.4,"1,1.4,1.4.4"
LTR13A_EC,gypsy,N/A,1.1.2,"1,1.1,1.1.2"
LTR13B2_EC,SubclassI,N/A,2.1,"2,2.1"
LTR13B_DN,LINE,N/A,1.4,"1,1.4"
LTR13B_OG,gypsy,N/A,1.1.2,"1,1.1,1.1.2"
LTR13C1a_OG,gypsy,N/A,1.1.2,"1,1.1,1.1.2"
LTR13C_SS,gypsy,N/A,1.1.2,"1,1.1,1.1.2"
LTR13G2_DN,LINE,N/A,1.4,"1,1.4"
LTR13_Ami,Bel-Pao,N/A,1.1.3,"1,1.1,1.1.3"
LTR13_Crp,gypsy,N/A,1.1.2,"1,1.1,1.1.2"
CfERV1,gypsy,N/A,1.1.2,"1,1.1,1.1.2"
LTR13_FC,gypsy,N/A,1.1.2,"1,1.1,1.1.2"
LTR13_Pca,gypsy,N/A,1.1.2,"1,1.1,1.1.2"
LTR13_Ttr,DIRS,N/A,1.2,"1,1.2"
LTR142z_MD,gypsy,N/A,1.1.2,"1,1.1,1.1.2"
LTR146_MD,tRNA,N/A,1.5.1,"1,1.5,1.5.1"
LTR149_MD,LTR,N/A,1.1,"1,1.1"
LTR14B3_Sar,gypsy,N/A,1.1.2,"1,1.1,1.1.2"
LTR14B_PVa,DIRS,N/A,1.2,"1,1.2"
LTR14C1_Mim,tRNA,N/A,1.5.1,"1,1.5,1.5.1"
LTR14C_SS,gypsy,N/A,1.1.2,"1,1.1,1.1.2"
CfERVF1,DIRS,N/A,1.2,"1,1.2"
LTR14_Cja,gypsy,N/A,1.1.2,"1,1.1,1.1.2"
LTR14_ET,tRNA,N/A,1.5.1,"1,1.5,1.5.1"
LTR14_ML,hAT,N/A,2.1.1.2,"2,2.1,2.1.1,2.1.1.2"
LTR14_PVa,gypsy,N/A,1.1.2,"1,1.1,1.1.2"
LTR14_Ttr,DIRS,N/A,1.2,"1,1.2"
LTR152_MD,tRNA,N/A,1.5.1,"1,1.5,1.5.1"
LTR156B_MD,gypsy,N/A,1.1.2,"1,1.1,1.1.2"
LTR159_MD,gypsy,N/A,1.1.2,"1,1.1,1.1.2"
LTR15B1_Opr,gypsy,N/A,1.1.2,"1,1.1,1.1.2"
LTR15B3a_Sar,LTR,N/A,1.1,"1,1.1"
CFT1-LTR,gypsy,N/A,1.1.2,"1,1.1,1.1.2"
LTR15B5_Sar,DIRS,N/A,1.2,"1,1.2"
LTR15B_Pca,gypsy,N/A,1.1.2,"1,1.1,1.1.2"
LTR15C_Sar,L1,N/A,1.4.4,"1,1.4,1.4.4"
LTR15_CN,gypsy,N/A,1.1.2,"1,1.1,1.1.2"
LTR15_MD,gypsy,N/A,1.1.2,"1,1.1,1.1.2"
LTR15_Pca,gypsy,N/A,1.1.2,"1,1.1,1.1.2"
LTR160A2_MD,L1,N/A,1.4.4,"1,1.4,1.4.4"
LTR162_MD,gypsy,N/A,1.1.2,"1,1.1,1.1.2"
LTR167b_MD,gypsy,N/A,1.1.2,"1,1.1,1.1.2"
LTR16A2,LTR,N/A,1.1,"1,1.1"
Chap2a_Cis,hAT,N/A,2.1.1.2,"2,2.1,2.1.1,2.1.1.2"
LTR16A_Tbel,gypsy,N/A,1.1.2,"1,1.1,1.1.2"
LTR16B_EC,SubclassI,N/A,2.1,"2,2.1"
LTR16B_Sar,gypsy,N/A,1.1.2,"1,1.1,1.1.2"
LTR16C_Pca,SubclassI,N/A,2.1,"2,2.1"
LTR16D2_Tbel,DIRS,N/A,1.2,"1,1.2"
LTR16E2__2,DIRS,N/A,1.2,"1,1.2"
LTR16F_Tbel,gypsy,N/A,1.1.2,"1,1.1,1.1.2"
LTR16K_ML,gypsy,N/A,1.1.2,"1,1.1,1.1.2"
LTR16_DN,gypsy,N/A,1.1.2,"1,1.1,1.1.2"
LTR16_OG,DIRS,N/A,1.2,"1,1.2"
ATCOPIA21LTR,Copia,N/A,1.1.1,"1,1.1,1.1.1"
Chap3_Xt,PIF-Harbinger,N/A,2.1.1.8,"2,2.1,2.1.1,2.1.1.8"
LTR16_Vpa,DIRS,N/A,1.2,"1,1.2"
LTR173b_MD,gypsy,N/A,1.1.2,"1,1.1,1.1.2"
LTR176A2_MD,I,N/A,1.4.5,"1,1.4,1.4.5"
LTR177B_MD,LTR,N/A,1.1,"1,1.1"
LTR17A2_Pca,DIRS,N/A,1.2,"1,1.2"
LTR17B2_EE,L1,N/A,1.4.4,"1,1.4,1.4.4"
LTR17C_Pca,L1,N/A,1.4.4,"1,1.4,1.4.4"
LTR17_ET,DIRS,N/A,1.2,"1,1.2"
LTR17_OG,tRNA,N/A,1.5.1,"1,1.5,1.5.1"
LTR17_Tbel,SINE,N/A,1.5,"1,1.5"
Chapaev-10_HM,Transib,N/A,2.1.1.5,"2,2.1,2.1.1,2.1.1.5"
LTR183_MD,DIRS,N/A,1.2,"1,1.2"
LTR18A_BT,Copia,N/A,1.1.1,"1,1.1,1.1.1"
LTR18b_MD,gypsy,N/A,1.1.2,"1,1.1,1.1.2"
LTR18C,tRNA,N/A,1.5.1,"1,1.5,1.5.1"
LTR18D_ML,DIRS,N/A,1.2,"1,1.2"
LTR18J_ML,L1,N/A,1.4.4,"1,1.4,1.4.4"
LTR18_Dor,SINE,N/A,1.5,"1,1.5"
LTR18_MD,gypsy,N/A,1.1.2,"1,1.1,1.1.2"
LTR18_Pca,PIF-Harbinger,N/A,2.1.1.8,"2,2.1,2.1.1,2.1.1.8"
LTR190A_MD,LTR,N/A,1.1,"1,1.1"
Chapaev-15_HM,CACTA,N/A,2.1.1.9,"2,2.1,2.1.1,2.1.1.9"
LTR191D_MD,gypsy,N/A,1.1.2,"1,1.1,1.1.2"
LTR194B_MD,gypsy,N/A,1.1.2,"1,1.1,1.1.2"
LTR198_MD,tRNA,N/A,1.5.1,"1,1.5,1.5.1"
LTR19B1_CHo,SINE,N/A,1.5,"1,1.5"
LTR19B_ML,tRNA,N/A,1.5.1,"1,1.5,1.5.1"
LTR19C_CHo,gypsy,N/A,1.1.2,"1,1.1,1.1.2"
LTR19_EE,gypsy,N/A,1.1.2,"1,1.1,1.1.2"
LTR19_Mim,SINE,N/A,1.5,"1,1.5"
LTR19_Pca,gypsy,N/A,1.1.2,"1,1.1,1.1.2"
LTR1A1_ML,DIRS,N/A,1.2,"1,1.2"
Chapaev-1N1_NV,SubclassI,N/A,2.1,"2,2.1"
LTR1A2_OG,SubclassI,N/A,2.1,"2,2.1"
LTR1A_OA,gypsy,N/A,1.1.2,"1,1.1,1.1.2"
LTR1B0__2,gypsy,N/A,1.1.2,"1,1.1,1.1.2"
LTR1B1b_CHo,gypsy,N/A,1.1.2,"1,1.1,1.1.2"
LTR1B1_OC,L1,N/A,1.4.4,"1,1.4,1.4.4"
LTR1B2_PVa,gypsy,N/A,1.1.2,"1,1.1,1.1.2"
LTR1B3b_CHo,gypsy,N/A,1.1.2,"1,1.1,1.1.2"
LTR1B5_Cho,gypsy,N/A,1.1.2,"1,1.1,1.1.2"
LTR1B_EE,SINE,N/A,1.5,"1,1.5"
LTR1B_OC,L1,N/A,1.4.4,"1,1.4,1.4.4"
Chapaev-1_CE,SubclassI,N/A,2.1,"2,2.1"
LTR1B_Str,SINE,N/A,1.5,"1,1.5"
LTR1C1_CHo,gypsy,N/A,1.1.2,"1,1.1,1.1.2"
LTR1C2_Cho,5S,N/A,1.5.3,"1,1.5,1.5.3"
LTR1C4_Cho,gypsy,N/A,1.1.2,"1,1.1,1.1.2"
LTR1C_DN,DIRS,N/A,1.2,"1,1.2"
LTR1C_OG,SINE,N/A,1.5,"1,1.5"
LTR1D_DN,LINE,N/A,1.4,"1,1.4"
LTR1E,gypsy,N/A,1.1.2,"1,1.1,1.1.2"
LTR1F2,gypsy,N/A,1.1.2,"1,1.1,1.1.2"
LTR1_BM,Bel-Pao,N/A,1.1.3,"1,1.1,1.1.3"
Chapaev-21_HM,CACTA,N/A,2.1.1.9,"2,2.1,2.1.1,2.1.1.9"
LTR1_CPo,gypsy,N/A,1.1.2,"1,1.1,1.1.2"
LTR1_EE,SINE,N/A,1.5,"1,1.5"
LTR1_MEu,gypsy,N/A,1.1.2,"1,1.1,1.1.2"
LTR1_Rn,PiggyBac,N/A,2.1.1.7,"2,2.1,2.1.1,2.1.1.7"
LTR1_TS,DIRS,N/A,1.2,"1,1.2"
LTR2-ZM_LTR,LINE,N/A,1.4,"1,1.4"
LTR20B_Cho,gypsy,N/A,1.1.2,"1,1.1,1.1.2"
LTR20C1_OC,LINE,N/A,1.4,"1,1.4"
LTR20_Ami,gypsy,N/A,1.1.2,"1,1.1,1.1.2"
LTR20_ET,Bel-Pao,N/A,1.1.3,"1,1.1,1.1.3"
Chapaev-2_HM,CACTA,N/A,2.1.1.9,"2,2.1,2.1.1,2.1.1.9"
LTR20_OC,Bel-Pao,N/A,1.1.3,"1,1.1,1.1.3"
LTR20_SS,gypsy,N/A,1.1.2,"1,1.1,1.1.2"
LTR21B1_EC,gypsy,N/A,1.1.2,"1,1.1,1.1.2"
LTR21B2b_Str,hAT,N/A,2.1.1.2,"2,2.1,2.1.1,2.1.1.2"
LTR21B_Dor,gypsy,N/A,1.1.2,"1,1.1,1.1.2"
LTR21B_TS,gypsy,N/A,1.1.2,"1,1.1,1.1.2"
LTR21_Ami,gypsy,N/A,1.1.2,"1,1.1,1.1.2"
LTR21_EC,LTR,N/A,1.1,"1,1.1"
LTR21_MD,DIRS,N/A,1.2,"1,1.2"
LTR21_Sar,Bel-Pao,N/A,1.1.3,"1,1.1,1.1.3"
Chapaev-3_HM,SubclassI,N/A,2.1,"2,2.1"
LTR21_Ttr,SINE,N/A,1.5,"1,1.5"
LTR22B,5S,N/A,1.5.3,"1,1.5,1.5.3"
LTR22B_Cja,SINE,N/A,1.5,"1,1.5"
LTR22B_TS,Bel-Pao,N/A,1.1.3,"1,1.1,1.1.3"
LTR22C_OC,SINE,N/A,1.5,"1,1.5"
LTR22_DN,gypsy,N/A,1.1.2,"1,1.1,1.1.2"
LTR22_FC,RTE,N/A,1.4.2,"1,1.4,1.4.2"
LTR22_Sar,Bel-Pao,N/A,1.1.3,"1,1.1,1.1.3"
LTR23,Copia,N/A,1.1.1,"1,1.1,1.1.1"
LTR23B_Opr,DIRS,N/A,1.2,"1,1.2"
Chapaev-6_HM,SubclassI,N/A,2.1,"2,2.1"
LTR23_CHo,SINE,N/A,1.5,"1,1.5"
LTR23_LA,Jockey,N/A,1.4.3,"1,1.4,1.4.3"
LTR23_Sar,tRNA,N/A,1.5.1,"1,1.5,1.5.1"
LTR24A2_Tbel,gypsy,N/A,1.1.2,"1,1.1,1.1.2"
LTR24B_ML,tRNA,N/A,1.5.1,"1,1.5,1.5.1"
LTR24D3_ML,Copia,N/A,1.1.1,"1,1.1,1.1.1"
LTR24G_ML,SINE,N/A,1.5,"1,1.5"
LTR24_LA,gypsy,N/A,1.1.2,"1,1.1,1.1.2"
LTR24_TS,Bel-Pao,N/A,1.1.3,"1,1.1,1.1.3"
LTR25_Ami,gypsy,N/A,1.1.2,"1,1.1,1.1.2"
Chapaev-N2_AAe,SubclassI,N/A,2.1,"2,2.1"
LTR25_MD,L1,N/A,1.4.4,"1,1.4,1.4.4"
LTR25_Sar,DIRS,N/A,1.2,"1,1.2"
LTR26,DIRS,N/A,1.2,"1,1.2"
LTR26E,gypsy,N/A,1.1.2,"1,1.1,1.1.2"
LTR26_ML,gypsy,N/A,1.1.2,"1,1.1,1.1.2"
LTR26_Tbel,gypsy,N/A,1.1.2,"1,1.1,1.1.2"
LTR27B_Opr,gypsy,N/A,1.1.2,"1,1.1,1.1.2"
LTR27D1_TS,DIRS,N/A,1.2,"1,1.2"
LTR27_FC,gypsy,N/A,1.1.2,"1,1.1,1.1.2"
LTR27_Tbel,gypsy,N/A,1.1.2,"1,1.1,1.1.2"
ATCOPIA24I,Copia,N/A,1.1.1,"1,1.1,1.1.1"
Chapaev-N7_AAe,SubclassI,N/A,2.1,"2,2.1"
LTR28B_OC,gypsy,N/A,1.1.2,"1,1.1,1.1.2"
LTR28_FC,gypsy,N/A,1.1.2,"1,1.1,1.1.2"
LTR28_Pca,gypsy,N/A,1.1.2,"1,1.1,1.1.2"
LTR29_EE,gypsy,N/A,1.1.2,"1,1.1,1.1.2"
LTR29_Opr,SINE,N/A,1.5,"1,1.5"
LTR2A_ML,gypsy,N/A,1.1.2,"1,1.1,1.1.2"
LTR2B1_Opr,SINE,N/A,1.5,"1,1.5"
LTR2B_CGr,RTE,N/A,1.4.2,"1,1.4,1.4.2"
LTR2B_OC,SINE,N/A,1.5,"1,1.5"
LTR2B_Tbel,SINE,N/A,1.5,"1,1.5"
Chapaev3-1_DA,hAT,N/A,2.1.1.2,"2,2.1,2.1.1,2.1.1.2"
LTR2C_Cpo,tRNA,N/A,1.5.1,"1,1.5,1.5.1"
LTR2C_Pca,DIRS,N/A,1.2,"1,1.2"
LTR2D2_EE,gypsy,N/A,1.1.2,"1,1.1,1.1.2"
LTR2F_Pca,gypsy,N/A,1.1.2,"1,1.1,1.1.2"
LTR2_BT,gypsy,N/A,1.1.2,"1,1.1,1.1.2"
LTR2_CR,Copia,N/A,1.1.1,"1,1.1,1.1.1"
LTR2_FR,gypsy,N/A,1.1.2,"1,1.1,1.1.2"
LTR2_Mim,SINE,N/A,1.5,"1,1.5"
LTR2_SS,Jockey,N/A,1.4.3,"1,1.4,1.4.3"
LTR2_Vpa,gypsy,N/A,1.1.2,"1,1.1,1.1.2"
Chapaev3-1_OL,SubclassI,N/A,2.1,"2,2.1"
LTR30B_ML,tRNA,N/A,1.5.1,"1,1.5,1.5.1"
LTR30_MD,gypsy,N/A,1.1.2,"1,1.1,1.1.2"
LTR31,gypsy,N/A,1.1.2,"1,1.1,1.1.2"
LTR31_FC,gypsy,N/A,1.1.2,"1,1.1,1.1.2"
LTR31_Sar,tRNA,N/A,1.5.1,"1,1.5,1.5.1"
LTR32B_OC,SINE,N/A,1.5,"1,1.5"
LTR32_ML,gypsy,N/A,1.1.2,"1,1.1,1.1.2"
LTR32_Vpa,tRNA,N/A,1.5.1,"1,1.5,1.5.1"
LTR33__2,SINE,N/A,1.5,"1,1.5"
LTR33_Vpa,gypsy,N/A,1.1.2,"1,1.1,1.1.2"
Chapaev3-2_HR,SubclassI,N/A,2.1,"2,2.1"
LTR34C_Str,tRNA,N/A,1.5.1,"1,1.5,1.5.1"
LTR34E3_Str,tRNA,N/A,1.5.1,"1,1.5,1.5.1"
LTR34F2_Str,SINE,N/A,1.5,"1,1.5"
LTR35,gypsy,N/A,1.1.2,"1,1.1,1.1.2"
LTR35_MD,L1,N/A,1.4.4,"1,1.4,1.4.4"
LTR36_OC,DIRS,N/A,1.2,"1,1.2"
LTR38,DIRS,N/A,1.2,"1,1.2"
LTR39A3_SSc,gypsy,N/A,1.1.2,"1,1.1,1.1.2"
LTR39B2_ML,DIRS,N/A,1.2,"1,1.2"
LTR39B_PVa,gypsy,N/A,1.1.2,"1,1.1,1.1.2"
Chapaev3-3_HR,SubclassI,N/A,2.1,"2,2.1"
LTR39C_BT,LTR,N/A,1.1,"1,1.1"
LTR39D_SSc,LTR,N/A,1.1,"1,1.1"
LTR39_PVa,gypsy,N/A,1.1.2,"1,1.1,1.1.2"
LTR3A2_ET,gypsy,N/A,1.1.2,"1,1.1,1.1.2"
LTR3B1_OC,hAT,N/A,2.1.1.2,"2,2.1,2.1.1,2.1.1.2"
LTR3B_LA,gypsy,N/A,1.1.2,"1,1.1,1.1.2"
LTR3B_SS,SINE,N/A,1.5,"1,1.5"
LTR3C_SS,gypsy,N/A,1.1.2,"1,1.1,1.1.2"
LTR3D_SS,gypsy,N/A,1.1.2,"1,1.1,1.1.2"
LTR3_Ami,gypsy,N/A,1.1.2,"1,1.1,1.1.2"
Chapaev3-5_PM,SubclassI,N/A,2.1,"2,2.1"
LTR3_CR-LTR,SubclassI,N/A,2.1,"2,2.1"
LTR3_ET,tRNA,N/A,1.5.1,"1,1.5,1.5.1"
LTR3_MD,gypsy,N/A,1.1.2,"1,1.1,1.1.2"
LTR3_Pca,gypsy,N/A,1.1.2,"1,1.1,1.1.2"
LTR3_Str,SINE,N/A,1.5,"1,1.5"
LTR40A__2,SubclassI,N/A,2.1,"2,2.1"
LTR40C,SINE,N/A,1.5,"1,1.5"
LTR40_Vpa,gypsy,N/A,1.1.2,"1,1.1,1.1.2"
LTR41_Mim,L1,N/A,1.4.4,"1,1.4,1.4.4"
LTR42_MD,Copia,N/A,1.1.1,"1,1.1,1.1.1"
CHAPLIN1_FR,hAT,N/A,2.1.1.2,"2,2.1,2.1.1,2.1.1.2"
LTR43_EC,DIRS,N/A,1.2,"1,1.2"
LTR44C_MD,gypsy,N/A,1.1.2,"1,1.1,1.1.2"
LTR45A_DN,DIRS,N/A,1.2,"1,1.2"
LTR45B_Cho,gypsy,N/A,1.1.2,"1,1.1,1.1.2"
LTR45__2,gypsy,N/A,1.1.2,"1,1.1,1.1.2"
LTR45_PVa,gypsy,N/A,1.1.2,"1,1.1,1.1.2"
LTR46_MD,LTR,N/A,1.1,"1,1.1"
LTR47A2,SINE,N/A,1.5,"1,1.5"
LTR47_AMe,tRNA,N/A,1.5.1,"1,1.5,1.5.1"
LTR47_ML,Bel-Pao,N/A,1.1.3,"1,1.1,1.1.3"
CHAPLIN5_FR,hAT,N/A,2.1.1.2,"2,2.1,2.1.1,2.1.1.2"
LTR48__2,Copia,N/A,1.1.1,"1,1.1,1.1.1"
LTR49B_MD,gypsy,N/A,1.1.2,"1,1.1,1.1.2"
LTR4A4_Tbel,gypsy,N/A,1.1.2,"1,1.1,1.1.2"
LTR4B1a_Opr,gypsy,N/A,1.1.2,"1,1.1,1.1.2"
LTR4B2_Tbel,gypsy,N/A,1.1.2,"1,1.1,1.1.2"
LTR4B_LA,gypsy,N/A,1.1.2,"1,1.1,1.1.2"
LTR4B_Tbel,gypsy,N/A,1.1.2,"1,1.1,1.1.2"
LTR4C_Opr,tRNA,N/A,1.5.1,"1,1.5,1.5.1"
LTR4D_SS,I,N/A,1.4.5,"1,1.4,1.4.5"
LTR4_Cja,DIRS,N/A,1.2,"1,1.2"
CHARLIE1,hAT,N/A,2.1.1.2,"2,2.1,2.1.1,2.1.1.2"
LTR4_EC,gypsy,N/A,1.1.2,"1,1.1,1.1.2"
LTR4_Mim,SINE,N/A,1.5,"1,1.5"
LTR4_Str,gypsy,N/A,1.1.2,"1,1.1,1.1.2"
LTR50_Mim,gypsy,N/A,1.1.2,"1,1.1,1.1.2"
LTR51_CF,DIRS,N/A,1.2,"1,1.2"
LTR53C_MD,gypsy,N/A,1.1.2,"1,1.1,1.1.2"
LTR54_AMe,Jockey,N/A,1.4.3,"1,1.4,1.4.3"
LTR55B_LA,DIRS,N/A,1.2,"1,1.2"
LTR57,5S,N/A,1.5.3,"1,1.5,1.5.3"
LTR57_Mim,SubclassI,N/A,2.1,"2,2.1"
Charlie12_GGa,hAT,N/A,2.1.1.2,"2,2.1,2.1.1,2.1.1.2"
LTR59,DIRS,N/A,1.2,"1,1.2"
LTR5A2_Pca,gypsy,N/A,1.1.2,"1,1.1,1.1.2"
LTR5B_Cja,DIRS,N/A,1.2,"1,1.2"
LTR5B_ET,tRNA,N/A,1.5.1,"1,1.5,1.5.1"
LTR5B_Tbel,Bel-Pao,N/A,1.1.3,"1,1.1,1.1.3"
LTR5C_Mim,DIRS,N/A,1.2,"1,1.2"
LTR5D_Tbel,SINE,N/A,1.5,"1,1.5"
LTR5_Dor,hAT,N/A,2.1.1.2,"2,2.1,2.1.1,2.1.1.2"
LTR5_Hs,LTR,N/A,1.1,"1,1.1"
LTR5_OC,gypsy,N/A,1.1.2,"1,1.1,1.1.2"
ATCOPIA26LTR,SINE,N/A,1.5,"1,1.5"
Charlie17a,hAT,N/A,2.1.1.2,"2,2.1,2.1.1,2.1.1.2"
LTR5_SS,gypsy,N/A,1.1.2,"1,1.1,1.1.2"
LTR5_Vpa,DIRS,N/A,1.2,"1,1.2"
LTR61_MD,SubclassI,N/A,2.1,"2,2.1"
LTR64,SubclassI,N/A,2.1,"2,2.1"
LTR67_EC,gypsy,N/A,1.1.2,"1,1.1,1.1.2"
LTR69,gypsy,N/A,1.1.2,"1,1.1,1.1.2"
LTR6B,gypsy,N/A,1.1.2,"1,1.1,1.1.2"
LTR6B2_Opr,gypsy,N/A,1.1.2,"1,1.1,1.1.2"
LTR6B_MD,gypsy,N/A,1.1.2,"1,1.1,1.1.2"
LTR6B_Ttr,gypsy,N/A,1.1.2,"1,1.1,1.1.2"
Charlie21a,hAT,N/A,2.1.1.2,"2,2.1,2.1.1,2.1.1.2"
LTR6D_MD,L1,N/A,1.4.4,"1,1.4,1.4.4"
LTR6H_Cpo,5S,N/A,1.5.3,"1,1.5,1.5.3"
LTR6_Cpo,Copia,N/A,1.1.1,"1,1.1,1.1.1"
LTR6_LA,tRNA,N/A,1.5.1,"1,1.5,1.5.1"
LTR6_Pca,gypsy,N/A,1.1.2,"1,1.1,1.1.2"
LTR6_Tbel,gypsy,N/A,1.1.2,"1,1.1,1.1.2"
LTR70_MD,SubclassI,N/A,2.1,"2,2.1"
LTR71B_OC,PIF-Harbinger,N/A,2.1.1.8,"2,2.1,2.1.1,2.1.1.8"
LTR71_FC,gypsy,N/A,1.1.2,"1,1.1,1.1.2"
LTR71_TS,Bel-Pao,N/A,1.1.3,"1,1.1,1.1.3"
Charlie27,Tc1-Mariner,N/A,2.1.1.1,"2,2.1,2.1.1,2.1.1.1"
LTR72B_CF,gypsy,N/A,1.1.2,"1,1.1,1.1.2"
LTR72_DN,gypsy,N/A,1.1.2,"1,1.1,1.1.2"
LTR73-int_MD,L1,N/A,1.4.4,"1,1.4,1.4.4"
LTR73B_BT,SINE,N/A,1.5,"1,1.5"
LTR73_EC,gypsy,N/A,1.1.2,"1,1.1,1.1.2"
LTR74_EC,SubclassI,N/A,2.1,"2,2.1"
LTR75B,gypsy,N/A,1.1.2,"1,1.1,1.1.2"
LTR75_BT,hAT,N/A,2.1.1.2,"2,2.1,2.1.1,2.1.1.2"
LTR76_EC,gypsy,N/A,1.1.2,"1,1.1,1.1.2"
LTR77a_TS,LINE,N/A,1.4,"1,1.4"
CHARLIE3,hAT,N/A,2.1.1.2,"2,2.1,2.1.1,2.1.1.2"
LTR77d_TS,L1,N/A,1.4.4,"1,1.4,1.4.4"
LTR78_MD,gypsy,N/A,1.1.2,"1,1.1,1.1.2"
LTR7A,gypsy,N/A,1.1.2,"1,1.1,1.1.2"
LTR7A_ML,DIRS,N/A,1.2,"1,1.2"
LTR7B2_MD,gypsy,N/A,1.1.2,"1,1.1,1.1.2"
LTR7B_Cja,gypsy,N/A,1.1.2,"1,1.1,1.1.2"
LTR7B_ML,Copia,N/A,1.1.1,"1,1.1,1.1.1"
LTR7B_Tbel,Bel-Pao,N/A,1.1.3,"1,1.1,1.1.3"
LTR7C_Cpo,gypsy,N/A,1.1.2,"1,1.1,1.1.2"
LTR7C_Tbel,gypsy,N/A,1.1.2,"1,1.1,1.1.2"
CHARLIE6,hAT,N/A,2.1.1.2,"2,2.1,2.1.1,2.1.1.2"
LTR7F_ML,gypsy,N/A,1.1.2,"1,1.1,1.1.2"
LTR7_Cpo,gypsy,N/A,1.1.2,"1,1.1,1.1.2"
LTR7_FC,gypsy,N/A,1.1.2,"1,1.1,1.1.2"
LTR7_Pca,DIRS,N/A,1.2,"1,1.2"
LTR7_TS,gypsy,N/A,1.1.2,"1,1.1,1.1.2"
LTR80B,tRNA,N/A,1.5.1,"1,1.5,1.5.1"
LTR81C__3,DIRS,N/A,1.2,"1,1.2"
LTR82_MD_I,L1,N/A,1.4.4,"1,1.4,1.4.4"
LTR84a,LTR,N/A,1.1,"1,1.1"
LTR85B_MD,gypsy,N/A,1.1.2,"1,1.1,1.1.2"
CHARLIE8__2,hAT,N/A,2.1.1.2,"2,2.1,2.1.1,2.1.1.2"
LTR86A2_MD,gypsy,N/A,1.1.2,"1,1.1,1.1.2"
LTR86_MD,gypsy,N/A,1.1.2,"1,1.1,1.1.2"
LTR88A1_MD,gypsy,N/A,1.1.2,"1,1.1,1.1.2"
LTR89,DIRS,N/A,1.2,"1,1.2"
LTR8A2_Tbel,gypsy,N/A,1.1.2,"1,1.1,1.1.2"
LTR8B,DIRS,N/A,1.2,"1,1.2"
LTR8B_Dor,SINE,N/A,1.5,"1,1.5"
LTR8B_OC,gypsy,N/A,1.1.2,"1,1.1,1.1.2"
LTR8B_Vpa,DIRS,N/A,1.2,"1,1.2"
LTR8C_LA,gypsy,N/A,1.1.2,"1,1.1,1.1.2"
CHESHIRE-N1_MD,hAT,N/A,2.1.1.2,"2,2.1,2.1.1,2.1.1.2"
LTR8C_Tbel,gypsy,N/A,1.1.2,"1,1.1,1.1.2"
LTR8D_OC,DIRS,N/A,1.2,"1,1.2"
LTR8F_EC,SINE,N/A,1.5,"1,1.5"
LTR8_Cpo,gypsy,N/A,1.1.2,"1,1.1,1.1.2"
LTR8_LA,DIRS,N/A,1.2,"1,1.2"
LTR8_OG,DIRS,N/A,1.2,"1,1.2"
LTR8_Str,5S,N/A,1.5.3,"1,1.5,1.5.3"
LTR90B,gypsy,N/A,1.1.2,"1,1.1,1.1.2"
LTR91_MD,gypsy,N/A,1.1.2,"1,1.1,1.1.2"
LTR94B_MD,gypsy,N/A,1.1.2,"1,1.1,1.1.2"
Chimpo_LTR,gypsy,N/A,1.1.2,"1,1.1,1.1.2"
LTR96C2_MD,gypsy,N/A,1.1.2,"1,1.1,1.1.2"
LTR98_MD,DIRS,N/A,1.2,"1,1.2"
LTR9A2_EE,gypsy,N/A,1.1.2,"1,1.1,1.1.2"
LTR9B2a2_Str,gypsy,N/A,1.1.2,"1,1.1,1.1.2"
LTR9B_CHo,LINE,N/A,1.4,"1,1.4"
LTR9B_ML,gypsy,N/A,1.1.2,"1,1.1,1.1.2"
LTR9C,SubclassI,N/A,2.1,"2,2.1"
LTR9C_ML,gypsy,N/A,1.1.2,"1,1.1,1.1.2"
LTR9E_Tbel,DIRS,N/A,1.2,"1,1.2"
LTR9_DN,DIRS,N/A,1.2,"1,1.2"
Chompy-11E_Croc,PIF-Harbinger,N/A,2.1.1.8,"2,2.1,2.1.1,2.1.1.8"
LTR9_OC,SINE,N/A,1.5,"1,1.5"
LTR9_RN,DIRS,N/A,1.2,"1,1.2"
LTRCER1,Copia,N/A,1.1.1,"1,1.1,1.1.1"
LTRIS3,gypsy,N/A,1.1.2,"1,1.1,1.1.2"
LTRIS6,tRNA,N/A,1.5.1,"1,1.5,1.5.1"
LTRP1,SubclassI,N/A,2.1,"2,2.1"
LTRX1-I_XT,DIRS,N/A,1.2,"1,1.2"
Lueckenbuesser_I,Copia,N/A,1.1.1,"1,1.1,1.1.1"
LX,L1,N/A,1.4.4,"1,1.4,1.4.4"
LX2B,RTE,N/A,1.4.2,"1,1.4,1.4.2"
Chompy-11I_Croc,SubclassI,N/A,2.1,"2,2.1"
Lx3B_3end,L1,N/A,1.4.4,"1,1.4,1.4.4"
LX5c,L1,N/A,1.4.4,"1,1.4,1.4.4"
LX8B,L1,N/A,1.4.4,"1,1.4,1.4.4"
LYDIA_I,gypsy,N/A,1.1.2,"1,1.1,1.1.2"
MacERV1_LTR1,gypsy,N/A,1.1.2,"1,1.1,1.1.2"
MacERV4_int,Jockey,N/A,1.4.3,"1,1.4,1.4.3"
MacERV5b_LTR,gypsy,N/A,1.1.2,"1,1.1,1.1.2"
MacERV6_LTR4,L1,N/A,1.4.4,"1,1.4,1.4.4"
MacERVK1_LTR1b,SINE,N/A,1.5,"1,1.5"
MacERVK2_LTR1a,gypsy,N/A,1.1.2,"1,1.1,1.1.2"
Academ-1_Aplcal,SubclassI,N/A,2.1,"2,2.1"
ATCOPIA29_I,Copia,N/A,1.1.1,"1,1.1,1.1.1"
Chompy-13_AMi,PIF-Harbinger,N/A,2.1.1.8,"2,2.1,2.1.1,2.1.1.8"
MAGGY_I,gypsy,N/A,1.1.2,"1,1.1,1.1.2"
MamGypLTR1d,gypsy,N/A,1.1.2,"1,1.1,1.1.2"
MamRep137,SubclassI,N/A,2.1,"2,2.1"
MamRep488,SubclassI,N/A,2.1,"2,2.1"
MAR1_TV,Tc1-Mariner,N/A,2.1.1.1,"2,2.1,2.1.1,2.1.1.1"
MARE5,Mutator,N/A,2.1.1.3,"2,2.1,2.1.1,2.1.1.3"
MARIAM1,Tc1-Mariner,N/A,2.1.1.1,"2,2.1,2.1.1,2.1.1.1"
Mariner-100_CCri,Tc1-Mariner,N/A,2.1.1.1,"2,2.1,2.1.1,2.1.1.1"
Mariner-102_HSal,Transib,N/A,2.1.1.5,"2,2.1,2.1.1,2.1.1.5"
Mariner-107_CCri,Tc1-Mariner,N/A,2.1.1.1,"2,2.1,2.1.1,2.1.1.1"
Chompy-198_AMi,PIF-Harbinger,N/A,2.1.1.8,"2,2.1,2.1.1,2.1.1.8"
Mariner-10N1_LMi,Tc1-Mariner,N/A,2.1.1.1,"2,2.1,2.1.1,2.1.1.1"
Mariner-10_CCri,Tc1-Mariner,N/A,2.1.1.1,"2,2.1,2.1.1,2.1.1.1"
Mariner-10_DBp,Tc1-Mariner,N/A,2.1.1.1,"2,2.1,2.1.1,2.1.1.1"
Mariner-10_DRh,Tc1-Mariner,N/A,2.1.1.1,"2,2.1,2.1.1,2.1.1.1"
Mariner-10_LHu,Tc1-Mariner,N/A,2.1.1.1,"2,2.1,2.1.1,2.1.1.1"
Mariner-10_SIn,Tc1-Mariner,N/A,2.1.1.1,"2,2.1,2.1.1,2.1.1.1"
Mariner-111_CCri,Tc1-Mariner,N/A,2.1.1.1,"2,2.1,2.1.1,2.1.1.1"
Mariner-115_CCri,Merlin,N/A,2.1.1.4,"2,2.1,2.1.1,2.1.1.4"
Mariner-11N1_CGi,Tc1-Mariner,N/A,2.1.1.1,"2,2.1,2.1.1,2.1.1.1"
Mariner-11_CCri,Tc1-Mariner,N/A,2.1.1.1,"2,2.1,2.1.1,2.1.1.1"
Chompy-212_AMi,PIF-Harbinger,N/A,2.1.1.8,"2,2.1,2.1.1,2.1.1.8"
Mariner-11_DF,Tc1-Mariner,N/A,2.1.1.1,"2,2.1,2.1.1,2.1.1.1"
Mariner-11_HM,Merlin,N/A,2.1.1.4,"2,2.1,2.1.1,2.1.1.4"
Mariner-11_PGr,SubclassI,N/A,2.1,"2,2.1"
Mariner-120_CCri,Tc1-Mariner,N/A,2.1.1.1,"2,2.1,2.1.1,2.1.1.1"
Mariner-125N1_CCri,Tc1-Mariner,N/A,2.1.1.1,"2,2.1,2.1.1,2.1.1.1"
Mariner-129_CCri,Tc1-Mariner,N/A,2.1.1.1,"2,2.1,2.1.1,2.1.1.1"
Mariner-12_CFl,Tc1-Mariner,N/A,2.1.1.1,"2,2.1,2.1.1,2.1.1.1"
Mariner-12_DK,Tc1-Mariner,N/A,2.1.1.1,"2,2.1,2.1.1,2.1.1.1"
Mariner-12_HSal,Tc1-Mariner,N/A,2.1.1.1,"2,2.1,2.1.1,2.1.1.1"
Mariner-12_PI,Tc1-Mariner,N/A,2.1.1.1,"2,2.1,2.1.1,2.1.1.1"
Chompy-2_Croc,SubclassI,N/A,2.1,"2,2.1"
Mariner-130_CCri,Tc1-Mariner,N/A,2.1.1.1,"2,2.1,2.1.1,2.1.1.1"
Mariner-133_CCri,Tc1-Mariner,N/A,2.1.1.1,"2,2.1,2.1.1,2.1.1.1"
Mariner-13N2_CGi,Tc1-Mariner,N/A,2.1.1.1,"2,2.1,2.1.1,2.1.1.1"
Mariner-13_CCri,Tc1-Mariner,N/A,2.1.1.1,"2,2.1,2.1.1,2.1.1.1"
Mariner-13_DF,Tc1-Mariner,N/A,2.1.1.1,"2,2.1,2.1.1,2.1.1.1"
Mariner-13_HSal,Tc1-Mariner,N/A,2.1.1.1,"2,2.1,2.1.1,2.1.1.1"
Mariner-13_PI,Tc1-Mariner,N/A,2.1.1.1,"2,2.1,2.1.1,2.1.1.1"
Mariner-14N1_CCri,SubclassI,N/A,2.1,"2,2.1"
Mariner-14_CFl,Tc1-Mariner,N/A,2.1.1.1,"2,2.1,2.1.1,2.1.1.1"
Mariner-14_DK,Tc1-Mariner,N/A,2.1.1.1,"2,2.1,2.1.1,2.1.1.1"
Chompy-3_Croc,SubclassI,N/A,2.1,"2,2.1"
Mariner-14_LHu,Tc1-Mariner,N/A,2.1.1.1,"2,2.1,2.1.1,2.1.1.1"
Mariner-14_SS,Tc1-Mariner,N/A,2.1.1.1,"2,2.1,2.1.1,2.1.1.1"
Mariner-15_CGi,Tc1-Mariner,N/A,2.1.1.1,"2,2.1,2.1.1,2.1.1.1"
Mariner-15_EL,Tc1-Mariner,N/A,2.1.1.1,"2,2.1,2.1.1,2.1.1.1"
Mariner-15_LMi,Transib,N/A,2.1.1.5,"2,2.1,2.1.1,2.1.1.5"
Mariner-16N1_LCh,Tc1-Mariner,N/A,2.1.1.1,"2,2.1,2.1.1,2.1.1.1"
Mariner-16_DF,Tc1-Mariner,N/A,2.1.1.1,"2,2.1,2.1.1,2.1.1.1"
Mariner-16_LCh,Tc1-Mariner,N/A,2.1.1.1,"2,2.1,2.1.1,2.1.1.1"
Mariner-16_SM,Tc1-Mariner,N/A,2.1.1.1,"2,2.1,2.1.1,2.1.1.1"
Mariner-17_DAn,Tc1-Mariner,N/A,2.1.1.1,"2,2.1,2.1.1,2.1.1.1"
Chompy-53b_AMi,PIF-Harbinger,N/A,2.1.1.8,"2,2.1,2.1.1,2.1.1.8"
Mariner-17_HM,Tc1-Mariner,N/A,2.1.1.1,"2,2.1,2.1.1,2.1.1.1"
Mariner-17_SIn,Tc1-Mariner,N/A,2.1.1.1,"2,2.1,2.1.1,2.1.1.1"
Mariner-18_AEc,Tc1-Mariner,N/A,2.1.1.1,"2,2.1,2.1.1,2.1.1.1"
Mariner-18_DK,Tc1-Mariner,N/A,2.1.1.1,"2,2.1,2.1.1,2.1.1.1"
Mariner-18_LCh,Tc1-Mariner,N/A,2.1.1.1,"2,2.1,2.1.1,2.1.1.1"
Mariner-18_SSa,Tc1-Mariner,N/A,2.1.1.1,"2,2.1,2.1.1,2.1.1.1"
Mariner-19_DAn,Tc1-Mariner,N/A,2.1.1.1,"2,2.1,2.1.1,2.1.1.1"
Mariner-19_HM,Tc1-Mariner,N/A,2.1.1.1,"2,2.1,2.1.1,2.1.1.1"
Mariner-19_SIn,Tc1-Mariner,N/A,2.1.1.1,"2,2.1,2.1.1,2.1.1.1"
Mariner-1C_EL,Tc1-Mariner,N/A,2.1.1.1,"2,2.1,2.1.1,2.1.1.1"
Chompy-759_AMi,SubclassI,N/A,2.1,"2,2.1"
Mariner-1N_HM,Tc1-Mariner,N/A,2.1.1.1,"2,2.1,2.1.1,2.1.1.1"
Mariner-1_ACe,Tc1-Mariner,N/A,2.1.1.1,"2,2.1,2.1.1,2.1.1.1"
Mariner-1_AN,Tc1-Mariner,N/A,2.1.1.1,"2,2.1,2.1.1,2.1.1.1"
Mariner-1_BTe,Tc1-Mariner,N/A,2.1.1.1,"2,2.1,2.1.1,2.1.1.1"
Mariner-1_CPB,Tc1-Mariner,N/A,2.1.1.1,"2,2.1,2.1.1,2.1.1.1"
Mariner-1_DBi,Tc1-Mariner,N/A,2.1.1.1,"2,2.1,2.1.1,2.1.1.1"
Mariner-1_DF,Tc1-Mariner,N/A,2.1.1.1,"2,2.1,2.1.1,2.1.1.1"
Mariner-1_DPu,Tc1-Mariner,N/A,2.1.1.1,"2,2.1,2.1.1,2.1.1.1"
Mariner-1_DVi,Tc1-Mariner,N/A,2.1.1.1,"2,2.1,2.1.1,2.1.1.1"
Mariner-1_GM,Tc1-Mariner,N/A,2.1.1.1,"2,2.1,2.1.1,2.1.1.1"
Chompy-8B_Crp,PIF-Harbinger,N/A,2.1.1.8,"2,2.1,2.1.1,2.1.1.8"
Mariner-1_JC,Tc1-Mariner,N/A,2.1.1.1,"2,2.1,2.1.1,2.1.1.1"
Mariner-1_MBr,SubclassI,N/A,2.1,"2,2.1"
Mariner-1_PBa,Tc1-Mariner,N/A,2.1.1.1,"2,2.1,2.1.1,2.1.1.1"
Mariner-1_PPI,Tc1-Mariner,N/A,2.1.1.1,"2,2.1,2.1.1,2.1.1.1"
Mariner-1_RC,Tc1-Mariner,N/A,2.1.1.1,"2,2.1,2.1.1,2.1.1.1"
Mariner-1_SLL,Tc1-Mariner,N/A,2.1.1.1,"2,2.1,2.1.1,2.1.1.1"
Mariner-1_STu,Merlin,N/A,2.1.1.4,"2,2.1,2.1.1,2.1.1.4"
Mariner-20B_CCri,Tc1-Mariner,N/A,2.1.1.1,"2,2.1,2.1.1,2.1.1.1"
Mariner-20_DF,Tc1-Mariner,N/A,2.1.1.1,"2,2.1,2.1.1,2.1.1.1"
Mariner-20_LCh,Tc1-Mariner,N/A,2.1.1.1,"2,2.1,2.1.1,2.1.1.1"
Chouto_LTR,gypsy,N/A,1.1.2,"1,1.1,1.1.2"
Mariner-20_SSa,Tc1-Mariner,N/A,2.1.1.1,"2,2.1,2.1.1,2.1.1.1"
Mariner-21N4_CGi,SubclassI,N/A,2.1,"2,2.1"
Mariner-21_DK,Tc1-Mariner,N/A,2.1.1.1,"2,2.1,2.1.1,2.1.1.1"
Mariner-21_SIn,Tc1-Mariner,N/A,2.1.1.1,"2,2.1,2.1.1,2.1.1.1"
Mariner-22B_CCri,Tc1-Mariner,N/A,2.1.1.1,"2,2.1,2.1.1,2.1.1.1"
Mariner-22_DK,Tc1-Mariner,N/A,2.1.1.1,"2,2.1,2.1.1,2.1.1.1"
Mariner-22_LMi,Tc1-Mariner,N/A,2.1.1.1,"2,2.1,2.1.1,2.1.1.1"
Mariner-23N1_LMi,Tc1-Mariner,N/A,2.1.1.1,"2,2.1,2.1.1,2.1.1.1"
Mariner-23_HM,SubclassI,N/A,2.1,"2,2.1"
Mariner-23_SIn,Tc1-Mariner,N/A,2.1.1.1,"2,2.1,2.1.1,2.1.1.1"
CHR-2_BT,tRNA,N/A,1.5.1,"1,1.5,1.5.1"
Mariner-24_CCri,Tc1-Mariner,N/A,2.1.1.1,"2,2.1,2.1.1,2.1.1.1"
Mariner-24_HSal,Tc1-Mariner,N/A,2.1.1.1,"2,2.1,2.1.1,2.1.1.1"
Mariner-24_SM,Tc1-Mariner,N/A,2.1.1.1,"2,2.1,2.1.1,2.1.1.1"
Mariner-25_DF,Tc1-Mariner,N/A,2.1.1.1,"2,2.1,2.1.1,2.1.1.1"
Mariner-25_LMi,Tc1-Mariner,N/A,2.1.1.1,"2,2.1,2.1.1,2.1.1.1"
Mariner-26N1_AEc,Tc1-Mariner,N/A,2.1.1.1,"2,2.1,2.1.1,2.1.1.1"
Mariner-26_HM,Tc1-Mariner,N/A,2.1.1.1,"2,2.1,2.1.1,2.1.1.1"
Mariner-26_SSa,Tc1-Mariner,N/A,2.1.1.1,"2,2.1,2.1.1,2.1.1.1"
Mariner-27_DF,Tc1-Mariner,N/A,2.1.1.1,"2,2.1,2.1.1,2.1.1.1"
Mariner-27_SIn,Tc1-Mariner,N/A,2.1.1.1,"2,2.1,2.1.1,2.1.1.1"
ATCOPIA30_LTR,Copia,N/A,1.1.1,"1,1.1,1.1.1"
CHR2D_Ttr,tRNA,N/A,1.5.1,"1,1.5,1.5.1"
Mariner-28_CGi,Tc1-Mariner,N/A,2.1.1.1,"2,2.1,2.1.1,2.1.1.1"
Mariner-28_SIn,Tc1-Mariner,N/A,2.1.1.1,"2,2.1,2.1.1,2.1.1.1"
Mariner-29_CGi,Tc1-Mariner,N/A,2.1.1.1,"2,2.1,2.1.1,2.1.1.1"
Mariner-29_LMi,Tc1-Mariner,N/A,2.1.1.1,"2,2.1,2.1.1,2.1.1.1"
Mariner-2N1_BF,Tc1-Mariner,N/A,2.1.1.1,"2,2.1,2.1.1,2.1.1.1"
Mariner-2N2_XT,Tc1-Mariner,N/A,2.1.1.1,"2,2.1,2.1.1,2.1.1.1"
Mariner-2_AAe,Tc1-Mariner,N/A,2.1.1.1,"2,2.1,2.1.1,2.1.1.1"
Mariner-2_AF,Tc1-Mariner,N/A,2.1.1.1,"2,2.1,2.1.1,2.1.1.1"
Mariner-2_BF,Tc1-Mariner,N/A,2.1.1.1,"2,2.1,2.1.1,2.1.1.1"
Mariner-2_CPB,Tc1-Mariner,N/A,2.1.1.1,"2,2.1,2.1.1,2.1.1.1"
Ci000010,SubclassI,N/A,2.1,"2,2.1"
Mariner-2_DBp,Tc1-Mariner,N/A,2.1.1.1,"2,2.1,2.1.1,2.1.1.1"
Mariner-2_DK,Tc1-Mariner,N/A,2.1.1.1,"2,2.1,2.1.1,2.1.1.1"
Mariner-2_DT,Tc1-Mariner,N/A,2.1.1.1,"2,2.1,2.1.1,2.1.1.1"
Mariner-2_GLuc,Tc1-Mariner,N/A,2.1.1.1,"2,2.1,2.1.1,2.1.1.1"
Mariner-2_LHu,Tc1-Mariner,N/A,2.1.1.1,"2,2.1,2.1.1,2.1.1.1"
Mariner-2_OL,Tc1-Mariner,N/A,2.1.1.1,"2,2.1,2.1.1,2.1.1.1"
Mariner-2_PPc,PiggyBac,N/A,2.1.1.7,"2,2.1,2.1.1,2.1.1.7"
Mariner-2_SBi,Tc1-Mariner,N/A,2.1.1.1,"2,2.1,2.1.1,2.1.1.1"
Mariner-2_SP,Tc1-Mariner,N/A,2.1.1.1,"2,2.1,2.1.1,2.1.1.1"
Mariner-2_XT,Tc1-Mariner,N/A,2.1.1.1,"2,2.1,2.1.1,2.1.1.1"
Cigr-1-LTR,Bel-Pao,N/A,1.1.3,"1,1.1,1.1.3"
Mariner-30_CGi,Tc1-Mariner,N/A,2.1.1.1,"2,2.1,2.1.1,2.1.1.1"
Mariner-30_LMi,Tc1-Mariner,N/A,2.1.1.1,"2,2.1,2.1.1,2.1.1.1"
Mariner-31N1_SSa,Tc1-Mariner,N/A,2.1.1.1,"2,2.1,2.1.1,2.1.1.1"
Mariner-31_HM,Tc1-Mariner,N/A,2.1.1.1,"2,2.1,2.1.1,2.1.1.1"
Mariner-31_SSa,Tc1-Mariner,N/A,2.1.1.1,"2,2.1,2.1.1,2.1.1.1"
Mariner-32_LMi,Tc1-Mariner,N/A,2.1.1.1,"2,2.1,2.1.1,2.1.1.1"
Mariner-33_CCri,Tc1-Mariner,N/A,2.1.1.1,"2,2.1,2.1.1,2.1.1.1"
Mariner-33_SM,Merlin,N/A,2.1.1.4,"2,2.1,2.1.1,2.1.1.4"
Mariner-34_HSal,Tc1-Mariner,N/A,2.1.1.1,"2,2.1,2.1.1,2.1.1.1"
Mariner-35N1_SIn,Tc1-Mariner,N/A,2.1.1.1,"2,2.1,2.1.1,2.1.1.1"
CIN4E_ZM,L1,N/A,1.4.4,"1,1.4,1.4.4"
Mariner-35_LMi,Tc1-Mariner,N/A,2.1.1.1,"2,2.1,2.1.1,2.1.1.1"
Mariner-36_CCri,Tc1-Mariner,N/A,2.1.1.1,"2,2.1,2.1.1,2.1.1.1"
Mariner-36_SM,Tc1-Mariner,N/A,2.1.1.1,"2,2.1,2.1.1,2.1.1.1"
Mariner-37_SIn,Tc1-Mariner,N/A,2.1.1.1,"2,2.1,2.1.1,2.1.1.1"
Mariner-38_CCri,Tc1-Mariner,N/A,2.1.1.1,"2,2.1,2.1.1,2.1.1.1"
Mariner-38_SM,Tc1-Mariner,N/A,2.1.1.1,"2,2.1,2.1.1,2.1.1.1"
Mariner-39_HSal,Tc1-Mariner,N/A,2.1.1.1,"2,2.1,2.1.1,2.1.1.1"
Mariner-3N1_ACe,Tc1-Mariner,N/A,2.1.1.1,"2,2.1,2.1.1,2.1.1.1"
Mariner-3_ACar,hAT,N/A,2.1.1.2,"2,2.1,2.1.1,2.1.1.2"
Mariner-3_AMi,Tc1-Mariner,N/A,2.1.1.1,"2,2.1,2.1.1,2.1.1.1"
CINFUL2A_LTR,gypsy,N/A,1.1.2,"1,1.1,1.1.2"
Mariner-3_CCri,Tc1-Mariner,N/A,2.1.1.1,"2,2.1,2.1.1,2.1.1.1"
Mariner-3_CTe,Tc1-Mariner,N/A,2.1.1.1,"2,2.1,2.1.1,2.1.1.1"
Mariner-3_DEu,Tc1-Mariner,N/A,2.1.1.1,"2,2.1,2.1.1,2.1.1.1"
Mariner-3_Dro,Tc1-Mariner,N/A,2.1.1.1,"2,2.1,2.1.1,2.1.1.1"
Mariner-3_GLuc,Tc1-Mariner,N/A,2.1.1.1,"2,2.1,2.1.1,2.1.1.1"
Mariner-3_LHu,SubclassI,N/A,2.1,"2,2.1"
Mariner-3_PBa,Tc1-Mariner,N/A,2.1.1.1,"2,2.1,2.1.1,2.1.1.1"
Mariner-3_PPI,Tc1-Mariner,N/A,2.1.1.1,"2,2.1,2.1.1,2.1.1.1"
Mariner-3_SBi,Tc1-Mariner,N/A,2.1.1.1,"2,2.1,2.1.1,2.1.1.1"
Mariner-3_SS,Tc1-Mariner,N/A,2.1.1.1,"2,2.1,2.1.1,2.1.1.1"
CLAUDIA1_TM,Copia,N/A,1.1.1,"1,1.1,1.1.1"
Mariner-40_HM,Tc1-Mariner,N/A,2.1.1.1,"2,2.1,2.1.1,2.1.1.1"
Mariner-414_AMi,Tc1-Mariner,N/A,2.1.1.1,"2,2.1,2.1.1,2.1.1.1"
Mariner-42_HSal,Tc1-Mariner,N/A,2.1.1.1,"2,2.1,2.1.1,2.1.1.1"
Mariner-43_LMi,Tc1-Mariner,N/A,2.1.1.1,"2,2.1,2.1.1,2.1.1.1"
Mariner-45_CCri,Tc1-Mariner,N/A,2.1.1.1,"2,2.1,2.1.1,2.1.1.1"
Mariner-46_LMi,Tc1-Mariner,N/A,2.1.1.1,"2,2.1,2.1.1,2.1.1.1"
Mariner-48_HSal,Tc1-Mariner,N/A,2.1.1.1,"2,2.1,2.1.1,2.1.1.1"
Mariner-49_LMi,Tc1-Mariner,N/A,2.1.1.1,"2,2.1,2.1.1,2.1.1.1"
Mariner-4N1_EL,Tc1-Mariner,N/A,2.1.1.1,"2,2.1,2.1.1,2.1.1.1"
Mariner-4_ADi,Tc1-Mariner,N/A,2.1.1.1,"2,2.1,2.1.1,2.1.1.1"
CLOUD-4,Mutator,N/A,2.1.1.3,"2,2.1,2.1.1,2.1.1.3"
Mariner-4_BM,Tc1-Mariner,N/A,2.1.1.1,"2,2.1,2.1.1,2.1.1.1"
Mariner-4_CTe,Tc1-Mariner,N/A,2.1.1.1,"2,2.1,2.1.1,2.1.1.1"
Mariner-4_DF,Tc1-Mariner,N/A,2.1.1.1,"2,2.1,2.1.1,2.1.1.1"
Mariner-4_EL,Tc1-Mariner,N/A,2.1.1.1,"2,2.1,2.1.1,2.1.1.1"
Mariner-4_LG,Tc1-Mariner,N/A,2.1.1.1,"2,2.1,2.1.1,2.1.1.1"
Mariner-4_PBa,SubclassI,N/A,2.1,"2,2.1"
Mariner-4_PTrit,Tc1-Mariner,N/A,2.1.1.1,"2,2.1,2.1.1,2.1.1.1"
Mariner-4_SLL,Tc1-Mariner,N/A,2.1.1.1,"2,2.1,2.1.1,2.1.1.1"
Mariner-50N1_HSal,Tc1-Mariner,N/A,2.1.1.1,"2,2.1,2.1.1,2.1.1.1"
Mariner-51_HSal,Tc1-Mariner,N/A,2.1.1.1,"2,2.1,2.1.1,2.1.1.1"
Clu-11_AG,SubclassI,N/A,2.1,"2,2.1"
Mariner-52_CCri,Tc1-Mariner,N/A,2.1.1.1,"2,2.1,2.1.1,2.1.1.1"
Mariner-53_LMi,Tc1-Mariner,N/A,2.1.1.1,"2,2.1,2.1.1,2.1.1.1"
Mariner-55_HSal,Tc1-Mariner,N/A,2.1.1.1,"2,2.1,2.1.1,2.1.1.1"
Mariner-56_LMi,Tc1-Mariner,N/A,2.1.1.1,"2,2.1,2.1.1,2.1.1.1"
Mariner-58B_HSal,Tc1-Mariner,N/A,2.1.1.1,"2,2.1,2.1.1,2.1.1.1"
Mariner-59N1_HSal,SubclassI,N/A,2.1,"2,2.1"
Mariner-5N1_AMi,SubclassI,N/A,2.1,"2,2.1"
Mariner-5_AEc,Tc1-Mariner,N/A,2.1.1.1,"2,2.1,2.1.1,2.1.1.1"
Mariner-5_CCri,Tc1-Mariner,N/A,2.1.1.1,"2,2.1,2.1.1,2.1.1.1"
Mariner-5_CTe,Tc1-Mariner,N/A,2.1.1.1,"2,2.1,2.1.1,2.1.1.1"
Clu-15B_AG,SubclassI,N/A,2.1,"2,2.1"
Mariner-5_DEu,Tc1-Mariner,N/A,2.1.1.1,"2,2.1,2.1.1,2.1.1.1"
Mariner-5_DY,Tc1-Mariner,N/A,2.1.1.1,"2,2.1,2.1.1,2.1.1.1"
Mariner-5_HSal,Tc1-Mariner,N/A,2.1.1.1,"2,2.1,2.1.1,2.1.1.1"
Mariner-5_MLP,Tc1-Mariner,N/A,2.1.1.1,"2,2.1,2.1.1,2.1.1.1"
Mariner-5_PR,Tc1-Mariner,N/A,2.1.1.1,"2,2.1,2.1.1,2.1.1.1"
Mariner-5_SM,Tc1-Mariner,N/A,2.1.1.1,"2,2.1,2.1.1,2.1.1.1"
Mariner-60_CCri,Tc1-Mariner,N/A,2.1.1.1,"2,2.1,2.1.1,2.1.1.1"
Mariner-61_LMi,Tc1-Mariner,N/A,2.1.1.1,"2,2.1,2.1.1,2.1.1.1"
Mariner-63_HSal,Tc1-Mariner,N/A,2.1.1.1,"2,2.1,2.1.1,2.1.1.1"
Mariner-65_CCri,Tc1-Mariner,N/A,2.1.1.1,"2,2.1,2.1.1,2.1.1.1"
Clu-240_AG,SubclassI,N/A,2.1,"2,2.1"
Mariner-66_LMi,Tc1-Mariner,N/A,2.1.1.1,"2,2.1,2.1.1,2.1.1.1"
Mariner-68_HSal,Tc1-Mariner,N/A,2.1.1.1,"2,2.1,2.1.1,2.1.1.1"
Mariner-6BN1_AMi,Tc1-Mariner,N/A,2.1.1.1,"2,2.1,2.1.1,2.1.1.1"
Mariner-6N2_LMi,Tc1-Mariner,N/A,2.1.1.1,"2,2.1,2.1.1,2.1.1.1"
Mariner-6_AMi,Tc1-Mariner,N/A,2.1.1.1,"2,2.1,2.1.1,2.1.1.1"
Mariner-6_CGi,Tc1-Mariner,N/A,2.1.1.1,"2,2.1,2.1.1,2.1.1.1"
Mariner-6_DBp,Tc1-Mariner,N/A,2.1.1.1,"2,2.1,2.1.1,2.1.1.1"
Mariner-6_DRh,Tc1-Mariner,N/A,2.1.1.1,"2,2.1,2.1.1,2.1.1.1"
Mariner-6_HSal,Tc1-Mariner,N/A,2.1.1.1,"2,2.1,2.1.1,2.1.1.1"
Mariner-6_PBa,Tc1-Mariner,N/A,2.1.1.1,"2,2.1,2.1.1,2.1.1.1"
ATCOPIA32B_I,Copia,N/A,1.1.1,"1,1.1,1.1.1"
Clu-47B_AG,SubclassI,N/A,2.1,"2,2.1"
Mariner-6_ROr,Tc1-Mariner,N/A,2.1.1.1,"2,2.1,2.1.1,2.1.1.1"
Mariner-6_SSa,Tc1-Mariner,N/A,2.1.1.1,"2,2.1,2.1.1,2.1.1.1"
Mariner-71_CCri,Tc1-Mariner,N/A,2.1.1.1,"2,2.1,2.1.1,2.1.1.1"
Mariner-72_LMi,Tc1-Mariner,N/A,2.1.1.1,"2,2.1,2.1.1,2.1.1.1"
Mariner-74_HSal,Tc1-Mariner,N/A,2.1.1.1,"2,2.1,2.1.1,2.1.1.1"
Mariner-76_CCri,Tc1-Mariner,N/A,2.1.1.1,"2,2.1,2.1.1,2.1.1.1"
Mariner-77_HSal,Tc1-Mariner,N/A,2.1.1.1,"2,2.1,2.1.1,2.1.1.1"
Mariner-78_LMi,PiggyBac,N/A,2.1.1.7,"2,2.1,2.1.1,2.1.1.7"
Mariner-7N1_CPB,Tc1-Mariner,N/A,2.1.1.1,"2,2.1,2.1.1,2.1.1.1"
Mariner-7_AF,Tc1-Mariner,N/A,2.1.1.1,"2,2.1,2.1.1,2.1.1.1"
Cnl1,Mutator,N/A,2.1.1.3,"2,2.1,2.1.1,2.1.1.3"
Mariner-7_CGi,Tc1-Mariner,N/A,2.1.1.1,"2,2.1,2.1.1,2.1.1.1"
Mariner-7_DBp,Tc1-Mariner,N/A,2.1.1.1,"2,2.1,2.1.1,2.1.1.1"
Mariner-7_DRh,Tc1-Mariner,N/A,2.1.1.1,"2,2.1,2.1.1,2.1.1.1"
Mariner-7_HSal,Tc1-Mariner,N/A,2.1.1.1,"2,2.1,2.1.1,2.1.1.1"
Mariner-7_NV,Tc1-Mariner,N/A,2.1.1.1,"2,2.1,2.1.1,2.1.1.1"
Mariner-7_ROr,Tc1-Mariner,N/A,2.1.1.1,"2,2.1,2.1.1,2.1.1.1"
Mariner-7_XT,Tc1-Mariner,N/A,2.1.1.1,"2,2.1,2.1.1,2.1.1.1"
Mariner-81_CCri,Tc1-Mariner,N/A,2.1.1.1,"2,2.1,2.1.1,2.1.1.1"
Mariner-84N1_HSal,Tc1-Mariner,N/A,2.1.1.1,"2,2.1,2.1.1,2.1.1.1"
Mariner-85_HSal,Tc1-Mariner,N/A,2.1.1.1,"2,2.1,2.1.1,2.1.1.1"
CoeSINE1d,tRNA,N/A,1.5.1,"1,1.5,1.5.1"
Mariner-87_HSal,Tc1-Mariner,N/A,2.1.1.1,"2,2.1,2.1.1,2.1.1.1"
Mariner-8B_EL,Tc1-Mariner,N/A,2.1.1.1,"2,2.1,2.1.1,2.1.1.1"
Mariner-8_ACe,Tc1-Mariner,N/A,2.1.1.1,"2,2.1,2.1.1,2.1.1.1"
Mariner-8_CFl,Tc1-Mariner,N/A,2.1.1.1,"2,2.1,2.1.1,2.1.1.1"
Mariner-8_DBp,Tc1-Mariner,N/A,2.1.1.1,"2,2.1,2.1.1,2.1.1.1"
Mariner-8_DRh,Tc1-Mariner,N/A,2.1.1.1,"2,2.1,2.1.1,2.1.1.1"
Mariner-8_LHu,Tc1-Mariner,N/A,2.1.1.1,"2,2.1,2.1.1,2.1.1.1"
Mariner-8_PGr,Tc1-Mariner,N/A,2.1.1.1,"2,2.1,2.1.1,2.1.1.1"
Mariner-8_SK,Tc1-Mariner,N/A,2.1.1.1,"2,2.1,2.1.1,2.1.1.1"
Mariner-90_HSal,Tc1-Mariner,N/A,2.1.1.1,"2,2.1,2.1.1,2.1.1.1"
CoeSINE1i,tRNA,N/A,1.5.1,"1,1.5,1.5.1"
Mariner-93_CCri,Tc1-Mariner,N/A,2.1.1.1,"2,2.1,2.1.1,2.1.1.1"
Mariner-95_CCri,Tc1-Mariner,N/A,2.1.1.1,"2,2.1,2.1.1,2.1.1.1"
Mariner-97_HSal,Tc1-Mariner,N/A,2.1.1.1,"2,2.1,2.1.1,2.1.1.1"
Mariner-99_HSal,Tc1-Mariner,N/A,2.1.1.1,"2,2.1,2.1.1,2.1.1.1"
Mariner-9_AEc,Tc1-Mariner,N/A,2.1.1.1,"2,2.1,2.1.1,2.1.1.1"
Mariner-9_Crp,Tc1-Mariner,N/A,2.1.1.1,"2,2.1,2.1.1,2.1.1.1"
Mariner-9_DK,Tc1-Mariner,N/A,2.1.1.1,"2,2.1,2.1.1,2.1.1.1"
Mariner-9_HSal,Tc1-Mariner,N/A,2.1.1.1,"2,2.1,2.1.1,2.1.1.1"
Mariner-9_PGr,Tc1-Mariner,N/A,2.1.1.1,"2,2.1,2.1.1,2.1.1.1"
Mariner-9_SM,Tc1-Mariner,N/A,2.1.1.1,"2,2.1,2.1.1,2.1.1.1"
CoeSINE4,tRNA,N/A,1.5.1,"1,1.5,1.5.1"
Mariner-N10_CCri,Tc1-Mariner,N/A,2.1.1.1,"2,2.1,2.1.1,2.1.1.1"
Mariner-N10_LMi,Tc1-Mariner,N/A,2.1.1.1,"2,2.1,2.1.1,2.1.1.1"
Mariner-N11_ACe,SubclassI,N/A,2.1,"2,2.1"
Mariner-N11_LMi,Tc1-Mariner,N/A,2.1.1.1,"2,2.1,2.1.1,2.1.1.1"
Mariner-N12_Crp,Tc1-Mariner,N/A,2.1.1.1,"2,2.1,2.1.1,2.1.1.1"
Mariner-N13_ACe,SubclassI,N/A,2.1,"2,2.1"
Mariner-N13_SIn,Tc1-Mariner,N/A,2.1.1.1,"2,2.1,2.1.1,2.1.1.1"
Mariner-N153_Gav,SubclassI,N/A,2.1,"2,2.1"
Mariner-N15_SIn,Tc1-Mariner,N/A,2.1.1.1,"2,2.1,2.1.1,2.1.1.1"
Mariner-N17_AG,Tc1-Mariner,N/A,2.1.1.1,"2,2.1,2.1.1,2.1.1.1"
COP12_I_MT,Copia,N/A,1.1.1,"1,1.1,1.1.1"
Mariner-N18_DR,SubclassI,N/A,2.1,"2,2.1"
Mariner-N19_DR,PiggyBac,N/A,2.1.1.7,"2,2.1,2.1.1,2.1.1.7"
Mariner-N1B_CGi,PiggyBac,N/A,2.1.1.7,"2,2.1,2.1.1,2.1.1.7"
Mariner-N1_ACar,Tc1-Mariner,N/A,2.1.1.1,"2,2.1,2.1.1,2.1.1.1"
Mariner-N1_CB,SubclassI,N/A,2.1,"2,2.1"
Mariner-N1_Crp,Tc1-Mariner,N/A,2.1.1.1,"2,2.1,2.1.1,2.1.1.1"
Mariner-N1_HSal,Tc1-Mariner,N/A,2.1.1.1,"2,2.1,2.1.1,2.1.1.1"
Mariner-N1_LVa,SubclassI,N/A,2.1,"2,2.1"
Mariner-N1_PSt,SubclassI,N/A,2.1,"2,2.1"
Mariner-N1_SSa,Tc1-Mariner,N/A,2.1.1.1,"2,2.1,2.1.1,2.1.1.1"
COP16_LTR_MT,Copia,N/A,1.1.1,"1,1.1,1.1.1"
Mariner-N20_HSal,SubclassI,N/A,2.1,"2,2.1"
Mariner-N22_DRe,Tc1-Mariner,N/A,2.1.1.1,"2,2.1,2.1.1,2.1.1.1"
Mariner-N23_LMi,SubclassI,N/A,2.1,"2,2.1"
Mariner-N25_HSal,Tc1-Mariner,N/A,2.1.1.1,"2,2.1,2.1.1,2.1.1.1"
Mariner-N27_DR,Transib,N/A,2.1.1.5,"2,2.1,2.1.1,2.1.1.5"
Mariner-N28_LMi,SubclassI,N/A,2.1,"2,2.1"
Mariner-N2B_PSt,Tc1-Mariner,N/A,2.1.1.1,"2,2.1,2.1.1,2.1.1.1"
Mariner-N2_AMi,hAT,N/A,2.1.1.2,"2,2.1,2.1.1,2.1.1.2"
Mariner-N2_Crp,Tc1-Mariner,N/A,2.1.1.1,"2,2.1,2.1.1,2.1.1.1"
Mariner-N2_LHu,Tc1-Mariner,N/A,2.1.1.1,"2,2.1,2.1.1,2.1.1.1"
COP21_I_MT__2,Copia,N/A,1.1.1,"1,1.1,1.1.1"
Mariner-N2_PM,Tc1-Mariner,N/A,2.1.1.1,"2,2.1,2.1.1,2.1.1.1"
Mariner-N2_SP,Tc1-Mariner,N/A,2.1.1.1,"2,2.1,2.1.1,2.1.1.1"
Mariner-N31_HSal,SubclassI,N/A,2.1,"2,2.1"
Mariner-N34_HSal,Tc1-Mariner,N/A,2.1.1.1,"2,2.1,2.1.1,2.1.1.1"
Mariner-N38_HSal,SubclassI,N/A,2.1,"2,2.1"
Mariner-N3_ACe,Transib,N/A,2.1.1.5,"2,2.1,2.1.1,2.1.1.5"
Mariner-N3_CR,Tc1-Mariner,N/A,2.1.1.1,"2,2.1,2.1.1,2.1.1.1"
Mariner-N3_HSal,Merlin,N/A,2.1.1.4,"2,2.1,2.1.1,2.1.1.4"
Mariner-N3_PM,Tc1-Mariner,N/A,2.1.1.1,"2,2.1,2.1.1,2.1.1.1"
Mariner-N40_HSal,SubclassI,N/A,2.1,"2,2.1"
COP3_LTR_MT,Copia,N/A,1.1.1,"1,1.1,1.1.1"
Mariner-N44_HSal,Tc1-Mariner,N/A,2.1.1.1,"2,2.1,2.1.1,2.1.1.1"
Mariner-N4_AEc,Tc1-Mariner,N/A,2.1.1.1,"2,2.1,2.1.1,2.1.1.1"
Mariner-N4_HSal,Tc1-Mariner,N/A,2.1.1.1,"2,2.1,2.1.1,2.1.1.1"
Mariner-N4_PM,Tc1-Mariner,N/A,2.1.1.1,"2,2.1,2.1.1,2.1.1.1"
Mariner-N5749_Gav,PIF-Harbinger,N/A,2.1.1.8,"2,2.1,2.1.1,2.1.1.8"
Mariner-N5_AEc,PiggyBac,N/A,2.1.1.7,"2,2.1,2.1.1,2.1.1.7"
Mariner-N5_DR,Tc1-Mariner,N/A,2.1.1.1,"2,2.1,2.1.1,2.1.1.1"
Mariner-N5_PGr,Tc1-Mariner,N/A,2.1.1.1,"2,2.1,2.1.1,2.1.1.1"
Mariner-N6_CCri,Tc1-Mariner,N/A,2.1.1.1,"2,2.1,2.1.1,2.1.1.1"
Mariner-N6_EL,SubclassI,N/A,2.1,"2,2.1"
COP7_I_MT__2,Copia,N/A,1.1.1,"1,1.1,1.1.1"
Mariner-N6_PM,Tc1-Mariner,N/A,2.1.1.1,"2,2.1,2.1.1,2.1.1.1"
Mariner-N7_ACe,Tc1-Mariner,N/A,2.1.1.1,"2,2.1,2.1.1,2.1.1.1"
Mariner-N7_EL,SubclassI,N/A,2.1,"2,2.1"
Mariner-N7_PM,Tc1-Mariner,N/A,2.1.1.1,"2,2.1,2.1.1,2.1.1.1"
Mariner-N8_Crp,SubclassI,N/A,2.1,"2,2.1"
Mariner-N8_PBa,SubclassI,N/A,2.1,"2,2.1"
Mariner-N9_Crp,SubclassI,N/A,2.1,"2,2.1"
Mariner-N9_SIn,Tc1-Mariner,N/A,2.1.1.1,"2,2.1,2.1.1,2.1.1.1"
MARINER14_CB,Tc1-Mariner,N/A,2.1.1.1,"2,2.1,2.1.1,2.1.1.1"
MARINER19_CB,Tc1-Mariner,N/A,2.1.1.1,"2,2.1,2.1.1,2.1.1.1"
ATCOPIA33_LTR,Copia,N/A,1.1.1,"1,1.1,1.1.1"
COPI1_LTR,Copia,N/A,1.1.1,"1,1.1,1.1.1"
Mariner1_AO,SubclassI,N/A,2.1,"2,2.1"
MARINER1_EC,SubclassI,N/A,2.1,"2,2.1"
MARINER20_CB,Tc1-Mariner,N/A,2.1.1.1,"2,2.1,2.1.1,2.1.1.1"
MARINER25_CB,PiggyBac,N/A,2.1.1.7,"2,2.1,2.1.1,2.1.1.7"
Mariner2N1_AO,SubclassI,N/A,2.1,"2,2.1"
MARINER2_CB,SubclassI,N/A,2.1,"2,2.1"
MARINER2_MD,Tc1-Mariner,N/A,2.1.1.1,"2,2.1,2.1.1,2.1.1.1"
Mariner3-1_LMi,Tc1-Mariner,N/A,2.1.1.1,"2,2.1,2.1.1,2.1.1.1"
Mariner3-3N2_LMi,Tc1-Mariner,N/A,2.1.1.1,"2,2.1,2.1.1,2.1.1.1"
Mariner3-4_LMi,Tc1-Mariner,N/A,2.1.1.1,"2,2.1,2.1.1,2.1.1.1"
Copia-1-I_BF,Copia,N/A,1.1.1,"1,1.1,1.1.1"
Mariner3-N1_LMi,Tc1-Mariner,N/A,2.1.1.1,"2,2.1,2.1.1,2.1.1.1"
MARINER32_CB,PiggyBac,N/A,2.1.1.7,"2,2.1,2.1.1,2.1.1.7"
MARINER37_CB,Tc1-Mariner,N/A,2.1.1.1,"2,2.1,2.1.1,2.1.1.1"
MARINER39_CB,Tc1-Mariner,N/A,2.1.1.1,"2,2.1,2.1.1,2.1.1.1"
MARINER3_MD,Tc1-Mariner,N/A,2.1.1.1,"2,2.1,2.1.1,2.1.1.1"
MARINER44B_CB,SubclassI,N/A,2.1,"2,2.1"
MARINER47_CB,Transib,N/A,2.1.1.5,"2,2.1,2.1.1,2.1.1.5"
MARINER4_CB,Tc1-Mariner,N/A,2.1.1.1,"2,2.1,2.1.1,2.1.1.1"
MARINER52_CB,Tc1-Mariner,N/A,2.1.1.1,"2,2.1,2.1.1,2.1.1.1"
MARINER57_CB,Tc1-Mariner,N/A,2.1.1.1,"2,2.1,2.1.1,2.1.1.1"
Copia-1-I_HS,Copia,N/A,1.1.1,"1,1.1,1.1.1"
MARINER5_CE,Tc1-Mariner,N/A,2.1.1.1,"2,2.1,2.1.1,2.1.1.1"
MARINER64_CB,SubclassI,N/A,2.1,"2,2.1"
MARINER7_CB,SubclassI,N/A,2.1,"2,2.1"
MarinerN-1B_AP,SubclassI,N/A,2.1,"2,2.1"
MarinerN-2_AO,Tc1-Mariner,N/A,2.1.1.1,"2,2.1,2.1.1,2.1.1.1"
MARINERN12_AG,PIF-Harbinger,N/A,2.1.1.8,"2,2.1,2.1.1,2.1.1.8"
MARINERN3a_AG,SubclassI,N/A,2.1,"2,2.1"
MARINERN7_AG,SubclassI,N/A,2.1,"2,2.1"
MARINERNA1_MD,SubclassI,N/A,2.1,"2,2.1"
MARINERNA8_MD,Tc1-Mariner,N/A,2.1.1.1,"2,2.1,2.1.1,2.1.1.1"
Copia-1-LTR_CCi,Copia,N/A,1.1.1,"1,1.1,1.1.1"
MARINER_DMA,Tc1-Mariner,N/A,2.1.1.1,"2,2.1,2.1.1,2.1.1.1"
MARINER_OL,Tc1-Mariner,N/A,2.1.1.1,"2,2.1,2.1.1,2.1.1.1"
MarN-1_DEu,SubclassI,N/A,2.1,"2,2.1"
MARY1_TM,gypsy,N/A,1.1.2,"1,1.1,1.1.2"
Maximus_I,Copia,N/A,1.1.1,"1,1.1,1.1.1"
Mbcv_LTR,L1,N/A,1.4.4,"1,1.4,1.4.4"
MDM1,Mutator,N/A,2.1.1.3,"2,2.1,2.1.1,2.1.1.3"
MDR1,Mutator,N/A,2.1.1.3,"2,2.1,2.1.1,2.1.1.3"
MEG-T2,PIF-Harbinger,N/A,2.1.1.8,"2,2.1,2.1.1,2.1.1.8"
MELS3_IN,SubclassI,N/A,2.1,"2,2.1"
Copia-1-LTR_NV,Copia,N/A,1.1.1,"1,1.1,1.1.1"
MER101B,SubclassI,N/A,2.1,"2,2.1"
MER101E_ML,DIRS,N/A,1.2,"1,1.2"
MER103C,Tc1-Mariner,N/A,2.1.1.1,"2,2.1,2.1.1,2.1.1.1"
MER104__2,SubclassI,N/A,2.1,"2,2.1"
MER110A,gypsy,N/A,1.1.2,"1,1.1,1.1.2"
MER113B,SubclassI,N/A,2.1,"2,2.1"
MER11A,SubclassI,N/A,2.1,"2,2.1"
MER123,SubclassI,N/A,2.1,"2,2.1"
MER131,SubclassI,N/A,2.1,"2,2.1"
MER2-2_Laf,Tc1-Mariner,N/A,2.1.1.1,"2,2.1,2.1.1,2.1.1.1"
Copia-100_CCri-I,Copia,N/A,1.1.1,"1,1.1,1.1.1"
MER21B__3,DIRS,N/A,1.2,"1,1.2"
MER28,SubclassI,N/A,2.1,"2,2.1"
MER31,DIRS,N/A,1.2,"1,1.2"
MER31_Vpa-LTR,gypsy,N/A,1.1.2,"1,1.1,1.1.2"
MER34A1__3,PIF-Harbinger,N/A,2.1.1.8,"2,2.1,2.1.1,2.1.1.8"
MER34B_AMe,DIRS,N/A,1.2,"1,1.2"
MER34C2,gypsy,N/A,1.1.2,"1,1.1,1.1.2"
MER34E_EC,gypsy,N/A,1.1.2,"1,1.1,1.1.2"
MER39,gypsy,N/A,1.1.2,"1,1.1,1.1.2"
MER41B,gypsy,N/A,1.1.2,"1,1.1,1.1.2"
Copia-100_Mad-LTR,Copia,N/A,1.1.1,"1,1.1,1.1.1"
MER41B_SS-LTR,gypsy,N/A,1.1.2,"1,1.1,1.1.2"
MER41C_SS-LTR,SubclassI,N/A,2.1,"2,2.1"
MER41F,SubclassI,N/A,2.1,"2,2.1"
MER41_CF,gypsy,N/A,1.1.2,"1,1.1,1.1.2"
MER44A__2,Tc1-Mariner,N/A,2.1.1.1,"2,2.1,2.1.1,2.1.1.1"
MER44D__2,Tc1-Mariner,N/A,2.1.1.1,"2,2.1,2.1.1,2.1.1.1"
MER46C__3,hAT,N/A,2.1.1.2,"2,2.1,2.1.1,2.1.1.2"
MER4A,SubclassI,N/A,2.1,"2,2.1"
MER4C,gypsy,N/A,1.1.2,"1,1.1,1.1.2"
MER4E,gypsy,N/A,1.1.2,"1,1.1,1.1.2"
Copia-101_BRa-I,Copia,N/A,1.1.1,"1,1.1,1.1.1"
MER50C,DIRS,N/A,1.2,"1,1.2"
MER51C,gypsy,N/A,1.1.2,"1,1.1,1.1.2"
MER52AI,L1,N/A,1.4.4,"1,1.4,1.4.4"
MER54A,gypsy,N/A,1.1.2,"1,1.1,1.1.2"
MER57B1__3,Copia,N/A,1.1.1,"1,1.1,1.1.1"
MER57E1,SINE,N/A,1.5,"1,1.5"
MER57LA,SINE,N/A,1.5,"1,1.5"
MER58C,hAT,N/A,2.1.1.2,"2,2.1,2.1.1,2.1.1.2"
MER5C,SubclassI,N/A,2.1,"2,2.1"
MER61C,tRNA,N/A,1.5.1,"1,1.5,1.5.1"
Copia-101_GM-LTR,Copia,N/A,1.1.1,"1,1.1,1.1.1"
MER63A,PIF-Harbinger,N/A,2.1.1.8,"2,2.1,2.1.1,2.1.1.8"
MER65B,Bel-Pao,N/A,1.1.3,"1,1.1,1.1.3"
MER66A__2,SubclassI,N/A,2.1,"2,2.1"
MER67A,hAT,N/A,2.1.1.2,"2,2.1,2.1.1,2.1.1.2"
MER68B,SINE,N/A,1.5,"1,1.5"
MER69C,hAT,N/A,2.1.1.2,"2,2.1,2.1.1,2.1.1.2"
MER70B__2,SINE,N/A,1.5,"1,1.5"
MER72B_Mim,DIRS,N/A,1.2,"1,1.2"
MER74C__2,gypsy,N/A,1.1.2,"1,1.1,1.1.2"
MER76,SubclassI,N/A,2.1,"2,2.1"
Copia-102_AA-I,Copia,N/A,1.1.1,"1,1.1,1.1.1"
MER81__2,PIF-Harbinger,N/A,2.1.1.8,"2,2.1,2.1.1,2.1.1.8"
MER83BI,L1,N/A,1.4.4,"1,1.4,1.4.4"
MER85,SubclassI,N/A,2.1,"2,2.1"
MER87B_ML,gypsy,N/A,1.1.2,"1,1.1,1.1.2"
MER87_CF,gypsy,N/A,1.1.2,"1,1.1,1.1.2"
MER89I,L1,N/A,1.4.4,"1,1.4,1.4.4"
MER91A,hAT,N/A,2.1.1.2,"2,2.1,2.1.1,2.1.1.2"
MER92C__2,gypsy,N/A,1.1.2,"1,1.1,1.1.2"
MER96B,SubclassI,N/A,2.1,"2,2.1"
MER99,gypsy,N/A,1.1.2,"1,1.1,1.1.2"
ATCOPIA36_I,Copia,N/A,1.1.1,"1,1.1,1.1.1"
Copia-102_CCri-LTR,SINE,N/A,1.5,"1,1.5"
Merlin-1N1_PBa,Merlin,N/A,2.1.1.4,"2,2.1,2.1.1,2.1.1.4"
Merlin-1_DT,Merlin,N/A,2.1.1.4,"2,2.1,2.1.1,2.1.1.4"
Merlin-1_Roryzae,Merlin,N/A,2.1.1.4,"2,2.1,2.1.1,2.1.1.4"
Merlin-2_Roryzae,Merlin,N/A,2.1.1.4,"2,2.1,2.1.1,2.1.1.4"
Merlin-N1_EL,Merlin,N/A,2.1.1.4,"2,2.1,2.1.1,2.1.1.4"
Merlin-N2_HSal,SubclassI,N/A,2.1,"2,2.1"
Merlin1m_CE,SubclassI,N/A,2.1,"2,2.1"
MERLIN1_SM,Merlin,N/A,2.1.1.4,"2,2.1,2.1.1,2.1.1.4"
MERLIN4_CB,Merlin,N/A,2.1.1.4,"2,2.1,2.1.1,2.1.1.4"
Merlin6_SM,Merlin,N/A,2.1.1.4,"2,2.1,2.1.1,2.1.1.4"
Copia-102_SB-I,Copia,N/A,1.1.1,"1,1.1,1.1.1"
Merlin9_SM,SubclassI,N/A,2.1,"2,2.1"
MERMITE18B,SubclassI,N/A,2.1,"2,2.1"
MERMITEA,SubclassI,N/A,2.1,"2,2.1"
MERV1_I,gypsy,N/A,1.1.2,"1,1.1,1.1.2"
MERVK1_I,DIRS,N/A,1.2,"1,1.2"
MERVL_LTR,SINE,N/A,1.5,"1,1.5"
METMITE__2,SubclassI,N/A,2.1,"2,2.1"
Metulj-3_Hmel,SINE,N/A,1.5,"1,1.5"
MGR583,gypsy,N/A,1.1.2,"1,1.1,1.1.2"
MIDWAY,SubclassI,N/A,2.1,"2,2.1"
Copia-103_BRa-LTR,Copia,N/A,1.1.1,"1,1.1,1.1.1"
MINOS,Tc1-Mariner,N/A,2.1.1.1,"2,2.1,2.1.1,2.1.1.1"
MIR3_MarsA,tRNA,N/A,1.5.1,"1,1.5,1.5.1"
MirageN1b_CB,PiggyBac,N/A,2.1.1.7,"2,2.1,2.1.1,2.1.1.7"
MIR_Xt,tRNA,N/A,1.5.1,"1,1.5,1.5.1"
MLERV3A_LTR,gypsy,N/A,1.1.2,"1,1.1,1.1.2"
MLT1B,gypsy,N/A,1.1.2,"1,1.1,1.1.2"
MLT1E,gypsy,N/A,1.1.2,"1,1.1,1.1.2"
MLT1F2,LTR,N/A,1.1,"1,1.1"
MLT1G2,tRNA,N/A,1.5.1,"1,1.5,1.5.1"
MLT1H_I__2,L1,N/A,1.4.4,"1,1.4,1.4.4"
Copia-103_Mad-I,Copia,N/A,1.1.1,"1,1.1,1.1.1"
MLT1J2,tRNA,N/A,1.5.1,"1,1.5,1.5.1"
MLT1O__3,L1,N/A,1.4.4,"1,1.4,1.4.4"
MLT1X6_LA,gypsy,N/A,1.1.2,"1,1.1,1.1.2"
MLT1Yb_Pca,gypsy,N/A,1.1.2,"1,1.1,1.1.2"
MLT1_I,L1,N/A,1.4.4,"1,1.4,1.4.4"
MLT2B2__2,tRNA,N/A,1.5.1,"1,1.5,1.5.1"
MLT2C2,Bel-Pao,N/A,1.1.3,"1,1.1,1.1.3"
MLT2D_Cho,Bel-Pao,N/A,1.1.3,"1,1.1,1.1.3"
MLT2_Pca,tRNA,N/A,1.5.1,"1,1.5,1.5.1"
MLTR14,L1,N/A,1.4.4,"1,1.4,1.4.4"
Copia-104_AA-LTR,Copia,N/A,1.1.1,"1,1.1,1.1.1"
MLTR18_MM,gypsy,N/A,1.1.2,"1,1.1,1.1.2"
MLTR31B_MM,gypsy,N/A,1.1.2,"1,1.1,1.1.2"
MLTR31F_MM,gypsy,N/A,1.1.2,"1,1.1,1.1.2"
MMERGLN_LTR,gypsy,N/A,1.1.2,"1,1.1,1.1.2"
MMERVK9E_I,DIRS,N/A,1.2,"1,1.2"
MOGWAI1_NA_EI,SubclassI,N/A,2.1,"2,2.1"
MonGyp1_LTR2,gypsy,N/A,1.1.2,"1,1.1,1.1.2"
MonoRep123a,Tc1-Mariner,N/A,2.1.1.1,"2,2.1,2.1.1,2.1.1.1"
MonoRep327,Tc1-Mariner,N/A,2.1.1.1,"2,2.1,2.1.1,2.1.1.1"
MonoRep87B,tRNA,N/A,1.5.1,"1,1.5,1.5.1"
Copia-104_GM-I,Copia,N/A,1.1.1,"1,1.1,1.1.1"
MonoTigger9B3,Tc1-Mariner,N/A,2.1.1.1,"2,2.1,2.1.1,2.1.1.1"
mPing-1_SBi,PIF-Harbinger,N/A,2.1.1.8,"2,2.1,2.1.1,2.1.1.8"
MSAT-2_NV,SubclassI,N/A,2.1,"2,2.1"
MSTA1,DIRS,N/A,1.2,"1,1.2"
MSTB1,tRNA,N/A,1.5.1,"1,1.5,1.5.1"
MT2B,LTR,N/A,1.1,"1,1.1"
MT2_Rat2,gypsy,N/A,1.1.2,"1,1.1,1.1.2"
mTA_Ele42,SubclassI,N/A,2.1,"2,2.1"
MTB_Rn_LTR,tRNA,N/A,1.5.1,"1,1.5,1.5.1"
MTCOPIA2_LTR__2,Copia,N/A,1.1.1,"1,1.1,1.1.1"
Copia-104_SB-LTR,Copia,N/A,1.1.1,"1,1.1,1.1.1"
MTE1_STr-I,Tc1-Mariner,N/A,2.1.1.1,"2,2.1,2.1.1,2.1.1.1"
MTEb_LTR,SINE,N/A,1.5,"1,1.5"
MtPH-A6-3-Ia,PIF-Harbinger,N/A,2.1.1.8,"2,2.1,2.1.1,2.1.1.8"
MtPH-M-1-Ia,PIF-Harbinger,N/A,2.1.1.8,"2,2.1,2.1.1,2.1.1.8"
MuDi_MT,Mutator,N/A,2.1.1.3,"2,2.1,2.1.1,2.1.1.3"
MuDR-10_CCri,PiggyBac,N/A,2.1.1.7,"2,2.1,2.1.1,2.1.1.7"
MuDR-10_SBi,Mutator,N/A,2.1.1.3,"2,2.1,2.1.1,2.1.1.3"
MuDR-11N_VV__2,Mutator,N/A,2.1.1.3,"2,2.1,2.1.1,2.1.1.3"
MuDR-11_GM,Mutator,N/A,2.1.1.3,"2,2.1,2.1.1,2.1.1.3"
MuDR-12_ALy,Mutator,N/A,2.1.1.3,"2,2.1,2.1.1,2.1.1.3"
Copia-105_CCri-I,Copia,N/A,1.1.1,"1,1.1,1.1.1"
MuDR-12_SBi,Mutator,N/A,2.1.1.3,"2,2.1,2.1.1,2.1.1.3"
MuDR-13N1_ATr,Merlin,N/A,2.1.1.4,"2,2.1,2.1.1,2.1.1.4"
MuDR-13N_SBi,Mutator,N/A,2.1.1.3,"2,2.1,2.1.1,2.1.1.3"
MuDR-13_GM,Mutator,N/A,2.1.1.3,"2,2.1,2.1.1,2.1.1.3"
MuDR-14_CB,Mutator,N/A,2.1.1.3,"2,2.1,2.1.1,2.1.1.3"
MuDR-15_ALy,Merlin,N/A,2.1.1.4,"2,2.1,2.1.1,2.1.1.4"
MuDR-16_ALy,Mutator,N/A,2.1.1.3,"2,2.1,2.1.1,2.1.1.3"
MuDR-17_ALy,Mutator,N/A,2.1.1.3,"2,2.1,2.1.1,2.1.1.3"
MuDR-18_CCri,Mutator,N/A,2.1.1.3,"2,2.1,2.1.1,2.1.1.3"
MuDR-19_PI,Mutator,N/A,2.1.1.3,"2,2.1,2.1.1,2.1.1.3"
Copia-105_Mad-LTR,Copia,N/A,1.1.1,"1,1.1,1.1.1"
MuDr-1x_AP,Mutator,N/A,2.1.1.3,"2,2.1,2.1.1,2.1.1.3"
MuDr-1_BF,SubclassI,N/A,2.1,"2,2.1"
MuDR-1_DF,Mutator,N/A,2.1.1.3,"2,2.1,2.1.1,2.1.1.3"
MuDR-1_ECa,Mutator,N/A,2.1.1.3,"2,2.1,2.1.1,2.1.1.3"
MuDr-1_HM,Mutator,N/A,2.1.1.3,"2,2.1,2.1.1,2.1.1.3"
MuDR-1_LU,Mutator,N/A,2.1.1.3,"2,2.1,2.1.1,2.1.1.3"
MuDR-1_PGr,Mutator,N/A,2.1.1.3,"2,2.1,2.1.1,2.1.1.3"
MuDR-1_PSo,Mutator,N/A,2.1.1.3,"2,2.1,2.1.1,2.1.1.3"
MuDR-1_SIn,SubclassI,N/A,2.1,"2,2.1"
MuDR-20_CCri,Merlin,N/A,2.1.1.4,"2,2.1,2.1.1,2.1.1.4"
Copia-106_BRa-I,Copia,N/A,1.1.1,"1,1.1,1.1.1"
MuDR-22_VV,Mutator,N/A,2.1.1.3,"2,2.1,2.1.1,2.1.1.3"
MuDR-27_PI,Mutator,N/A,2.1.1.3,"2,2.1,2.1.1,2.1.1.3"
MuDR-2_ALy,Mutator,N/A,2.1.1.3,"2,2.1,2.1.1,2.1.1.3"
MuDR-2_ECa,Mutator,N/A,2.1.1.3,"2,2.1,2.1.1,2.1.1.3"
MuDR-2_Mad,Mutator,N/A,2.1.1.3,"2,2.1,2.1.1,2.1.1.3"
MuDR-2_PPI,Mutator,N/A,2.1.1.3,"2,2.1,2.1.1,2.1.1.3"
MuDR-2_ROr,PiggyBac,N/A,2.1.1.7,"2,2.1,2.1.1,2.1.1.7"
MuDR-2_TC,Mutator,N/A,2.1.1.3,"2,2.1,2.1.1,2.1.1.3"
MuDR-33_PI,Mutator,N/A,2.1.1.3,"2,2.1,2.1.1,2.1.1.3"
MuDR-38_PI,Mutator,N/A,2.1.1.3,"2,2.1,2.1.1,2.1.1.3"
ATCOPIA38A_I,Copia,N/A,1.1.1,"1,1.1,1.1.1"
Copia-106_Mad-LTR,Copia,N/A,1.1.1,"1,1.1,1.1.1"
MuDR-3_ATr,Mutator,N/A,2.1.1.3,"2,2.1,2.1.1,2.1.1.3"
MuDR-3_FV,PiggyBac,N/A,2.1.1.7,"2,2.1,2.1.1,2.1.1.7"
MuDR-3_PGr,Mutator,N/A,2.1.1.3,"2,2.1,2.1.1,2.1.1.3"
MuDR-3_ROr,Merlin,N/A,2.1.1.4,"2,2.1,2.1.1,2.1.1.4"
MuDR-3_VV__2,Mutator,N/A,2.1.1.3,"2,2.1,2.1.1,2.1.1.3"
MuDR-4N1_ZM,Mutator,N/A,2.1.1.3,"2,2.1,2.1.1,2.1.1.3"
MuDR-4N5_ATr,Mutator,N/A,2.1.1.3,"2,2.1,2.1.1,2.1.1.3"
MuDR-4_CGi,SubclassI,N/A,2.1,"2,2.1"
MuDr-4_HM,Merlin,N/A,2.1.1.4,"2,2.1,2.1.1,2.1.1.4"
MuDR-4_SBi,Mutator,N/A,2.1.1.3,"2,2.1,2.1.1,2.1.1.3"
Copia-107_BRa-I,Copia,N/A,1.1.1,"1,1.1,1.1.1"
MuDR-4_ZM,PIF-Harbinger,N/A,2.1.1.8,"2,2.1,2.1.1,2.1.1.8"
MuDR-5_EPa,Mutator,N/A,2.1.1.3,"2,2.1,2.1.1,2.1.1.3"
MuDR-5_RC,Mutator,N/A,2.1.1.3,"2,2.1,2.1.1,2.1.1.3"
MuDR-5_ZM,Mutator,N/A,2.1.1.3,"2,2.1,2.1.1,2.1.1.3"
MuDR-6_CCri,Mutator,N/A,2.1.1.3,"2,2.1,2.1.1,2.1.1.3"
MuDR-6_RC,Mutator,N/A,2.1.1.3,"2,2.1,2.1.1,2.1.1.3"
MuDR-6_ZM,Mutator,N/A,2.1.1.3,"2,2.1,2.1.1,2.1.1.3"
MuDR-7_CCri,Mutator,N/A,2.1.1.3,"2,2.1,2.1.1,2.1.1.3"
MuDR-7_SBi,Mutator,N/A,2.1.1.3,"2,2.1,2.1.1,2.1.1.3"
MuDR-8B_CCri,Mutator,N/A,2.1.1.3,"2,2.1,2.1.1,2.1.1.3"
Copia-107_Mad-LTR,Copia,N/A,1.1.1,"1,1.1,1.1.1"
MuDR-8_CB,SubclassI,N/A,2.1,"2,2.1"
MuDR-8_PI,Mutator,N/A,2.1.1.3,"2,2.1,2.1.1,2.1.1.3"
MuDR-9_ALy,Mutator,N/A,2.1.1.3,"2,2.1,2.1.1,2.1.1.3"
MuDR-9_GM,Mutator,N/A,2.1.1.3,"2,2.1,2.1.1,2.1.1.3"
MuDR-9_ZM,Mutator,N/A,2.1.1.3,"2,2.1,2.1.1,2.1.1.3"
MuDR-N13B_ALy,Mutator,N/A,2.1.1.3,"2,2.1,2.1.1,2.1.1.3"
MuDR-N16_ALy,SubclassI,N/A,2.1,"2,2.1"
MuDR-N1B_PGr,Mutator,N/A,2.1.1.3,"2,2.1,2.1.1,2.1.1.3"
MuDR-N1_FV,Merlin,N/A,2.1.1.4,"2,2.1,2.1.1,2.1.1.4"
MuDR-N1_NV,SubclassI,N/A,2.1,"2,2.1"
Copia-108_BRa-I,Copia,N/A,1.1.1,"1,1.1,1.1.1"
MuDr-N1_TM,Mutator,N/A,2.1.1.3,"2,2.1,2.1.1,2.1.1.3"
MuDR-N22_ALy,SubclassI,N/A,2.1,"2,2.1"
MuDR-N2_Mad,Mutator,N/A,2.1.1.3,"2,2.1,2.1.1,2.1.1.3"
MuDR-N3B_ATr,Merlin,N/A,2.1.1.4,"2,2.1,2.1.1,2.1.1.4"
MuDR-N3_SBi,Mutator,N/A,2.1.1.3,"2,2.1,2.1.1,2.1.1.3"
MuDR-N5_ALy,Mutator,N/A,2.1.1.3,"2,2.1,2.1.1,2.1.1.3"
MuDR-N7_ALy,Merlin,N/A,2.1.1.4,"2,2.1,2.1.1,2.1.1.4"
MuDR-N9_SBi,Mutator,N/A,2.1.1.3,"2,2.1,2.1.1,2.1.1.3"
MUDR1N_SB,Mutator,N/A,2.1.1.3,"2,2.1,2.1.1,2.1.1.3"
MuDR1_HV,Mutator,N/A,2.1.1.3,"2,2.1,2.1.1,2.1.1.3"
Copia-108_SB-LTR,Copia,N/A,1.1.1,"1,1.1,1.1.1"
MuDR1_TP,Mutator,N/A,2.1.1.3,"2,2.1,2.1.1,2.1.1.3"
MuDr2_MT__2,Mutator,N/A,2.1.1.3,"2,2.1,2.1.1,2.1.1.3"
MuDR3x_SM,Mutator,N/A,2.1.1.3,"2,2.1,2.1.1,2.1.1.3"
MuDR3_ZM,Mutator,N/A,2.1.1.3,"2,2.1,2.1.1,2.1.1.3"
MuDR4_OS,Mutator,N/A,2.1.1.3,"2,2.1,2.1.1,2.1.1.3"
MuDr5_MT__2,SubclassI,N/A,2.1,"2,2.1"
MuDR7x_AP,Mutator,N/A,2.1.1.3,"2,2.1,2.1.1,2.1.1.3"
MuDRASH4_MT__2,SubclassI,N/A,2.1,"2,2.1"
MUDRAVI2,Mutator,N/A,2.1.1.3,"2,2.1,2.1.1,2.1.1.3"
MuDRF-1B_PSt,Mutator,N/A,2.1.1.3,"2,2.1,2.1.1,2.1.1.3"
Copia-109_CCri-I,Copia,N/A,1.1.1,"1,1.1,1.1.1"
MuDRF-1_PGr,Mutator,N/A,2.1.1.3,"2,2.1,2.1.1,2.1.1.3"
MuDRF-2_PSt,Mutator,N/A,2.1.1.3,"2,2.1,2.1.1,2.1.1.3"
MUDRN2_OS,Mutator,N/A,2.1.1.3,"2,2.1,2.1.1,2.1.1.3"
MUDROS2,Mutator,N/A,2.1.1.3,"2,2.1,2.1.1,2.1.1.3"
MuDRx-14_PI,SubclassI,N/A,2.1,"2,2.1"
MuDRx-19_PI,Mutator,N/A,2.1.1.3,"2,2.1,2.1.1,2.1.1.3"
MuDRx-1_PPI,Mutator,N/A,2.1.1.3,"2,2.1,2.1.1,2.1.1.3"
MuDRx-2_PI,Mutator,N/A,2.1.1.3,"2,2.1,2.1.1,2.1.1.3"
MuDRx-7_PI,Merlin,N/A,2.1.1.4,"2,2.1,2.1.1,2.1.1.4"
MUDSOLD1,Mutator,N/A,2.1.1.3,"2,2.1,2.1.1,2.1.1.3"
Copia-10_AA-I,Bel-Pao,N/A,1.1.3,"1,1.1,1.1.3"
MULE-1_Cglob,SubclassI,N/A,2.1,"2,2.1"
MULEX_OS,Mutator,N/A,2.1.1.3,"2,2.1,2.1.1,2.1.1.3"
MUMETRAV__2,Mutator,N/A,2.1.1.3,"2,2.1,2.1.1,2.1.1.3"
MuRRS4-int,gypsy,N/A,1.1.2,"1,1.1,1.1.2"
MuSHAN_MT,Mutator,N/A,2.1.1.3,"2,2.1,2.1.1,2.1.1.3"
MUTRIM1,Mutator,N/A,2.1.1.3,"2,2.1,2.1.1,2.1.1.3"
MVB2,tRNA,N/A,1.5.1,"1,1.5,1.5.1"
MYSERV,Bel-Pao,N/A,1.1.3,"1,1.1,1.1.3"
NAVIHAT1,SubclassI,N/A,2.1,"2,2.1"
NDNA2TNA_OS,PIF-Harbinger,N/A,2.1.1.8,"2,2.1,2.1.1,2.1.1.8"
Copia-10_ALY-LTR,Copia,N/A,1.1.1,"1,1.1,1.1.1"
Nematis_Cr,L1,N/A,1.4.4,"1,1.4,1.4.4"
Neptune1_Ren,gypsy,N/A,1.1.2,"1,1.1,1.1.2"
Neptune_Sp,L1,N/A,1.4.4,"1,1.4,1.4.4"
NERV2_MD_I,L1,N/A,1.4.4,"1,1.4,1.4.4"
NERV4_MD_LTR,Copia,N/A,1.1.1,"1,1.1,1.1.1"
NERV6_MD_LTR,Copia,N/A,1.1.1,"1,1.1,1.1.1"
NeSL-1_CA,L1,N/A,1.4.4,"1,1.4,1.4.4"
NeSL-1_TV,Bel-Pao,N/A,1.1.3,"1,1.1,1.1.3"
NeSL-4_CRem,gypsy,N/A,1.1.2,"1,1.1,1.1.2"
nhAT-1_EF,SubclassI,N/A,2.1,"2,2.1"
Copia-10_BD-I,Copia,N/A,1.1.1,"1,1.1,1.1.1"
nhat-2b_Hmel,Mutator,N/A,2.1.1.3,"2,2.1,2.1.1,2.1.1.3"
nhat-3_Hmel,SubclassI,N/A,2.1,"2,2.1"
nhat-6_Hmel,hAT,N/A,2.1.1.2,"2,2.1,2.1.1,2.1.1.2"
nhAT2_ML,SubclassI,N/A,2.1,"2,2.1"
nhAT5b_ML,hAT,N/A,2.1.1.2,"2,2.1,2.1.1,2.1.1.2"
nHeliBat1a_Psu,hAT,N/A,2.1.1.2,"2,2.1,2.1.1,2.1.1.2"
NICER19A_I,gypsy,N/A,1.1.2,"1,1.1,1.1.2"
NICER1D_Rn_LTR,gypsy,N/A,1.1.2,"1,1.1,1.1.2"
NICER_RN,SubclassI,N/A,2.1,"2,2.1"
Nimb-11_LMi,Jockey,N/A,1.4.3,"1,1.4,1.4.3"
Copia-10_BRa-LTR,Copia,N/A,1.1.1,"1,1.1,1.1.1"
Nimb-14_DR,RTE,N/A,1.4.2,"1,1.4,1.4.2"
Nimb-16_LMi,DIRS,N/A,1.2,"1,1.2"
Nimb-19_LMi,DIRS,N/A,1.2,"1,1.2"
Nimb-1_CTe,R2,N/A,1.4.1,"1,1.4,1.4.1"
Nimb-1_LG,gypsy,N/A,1.1.2,"1,1.1,1.1.2"
Nimb-21_LMi,DIRS,N/A,1.2,"1,1.2"
Nimb-26_LMi,DIRS,N/A,1.2,"1,1.2"
Nimb-2B_SSa,RTE,N/A,1.4.2,"1,1.4,1.4.2"
Nimb-2_CTe,I,N/A,1.4.5,"1,1.4,1.4.5"
Nimb-2_SSa,Merlin,N/A,2.1.1.4,"2,2.1,2.1.1,2.1.1.4"
ATCOPIA39_I,RTE,N/A,1.4.2,"1,1.4,1.4.2"
Copia-10_CQ-I,Copia,N/A,1.1.1,"1,1.1,1.1.1"
Nimb-34_LMi,DIRS,N/A,1.2,"1,1.2"
Nimb-39_LMi,RTE,N/A,1.4.2,"1,1.4,1.4.2"
Nimb-40N1_LMi,gypsy,N/A,1.1.2,"1,1.1,1.1.2"
Nimb-4_LMi,DIRS,N/A,1.2,"1,1.2"
Nimb-6_LMi,DIRS,N/A,1.2,"1,1.2"
Nimb-9_DR,RTE,N/A,1.4.2,"1,1.4,1.4.2"
nimbus,L1,N/A,1.4.4,"1,1.4,1.4.4"
nMar-10_Hmel,Tc1-Mariner,N/A,2.1.1.1,"2,2.1,2.1.1,2.1.1.1"
nMar-15_Hmel,PiggyBac,N/A,2.1.1.7,"2,2.1,2.1.1,2.1.1.7"
nMar-1_Hmel,SubclassI,N/A,2.1,"2,2.1"
Copia-10_ECa-I,Copia,N/A,1.1.1,"1,1.1,1.1.1"
nMar-4_Hmel,Tc1-Mariner,N/A,2.1.1.1,"2,2.1,2.1.1,2.1.1.1"
nMar-9_Hmel,Transib,N/A,2.1.1.5,"2,2.1,2.1.1,2.1.1.5"
Nobel_I,Bel-Pao,N/A,1.1.3,"1,1.1,1.1.3"
Non-LTR-1_ACar,L1,N/A,1.4.4,"1,1.4,1.4.4"
NonLTR-1_CR,PIF-Harbinger,N/A,2.1.1.8,"2,2.1,2.1.1,2.1.1.8"
NonLTR-2_BG,gypsy,N/A,1.1.2,"1,1.1,1.1.2"
NonLTR-3_CR,gypsy,N/A,1.1.2,"1,1.1,1.1.2"
NonLTR-5_CR,Jockey,N/A,1.4.3,"1,1.4,1.4.3"
Novosib-1_CR,SubclassI,N/A,2.1,"2,2.1"
Novosib-5_CR,SubclassI,N/A,2.1,"2,2.1"
Copia-10_ES-LTR,Copia,N/A,1.1.1,"1,1.1,1.1.1"
NPAL5A_CE,SubclassI,N/A,2.1,"2,2.1"
nPIF-4_Hmel,SubclassI,N/A,2.1,"2,2.1"
npiggy3_Mm,SubclassI,N/A,2.1,"2,2.1"
npiggyBac-3_Hmel,PiggyBac,N/A,2.1.1.7,"2,2.1,2.1.1,2.1.1.7"
npiggyBac-8_Hmel,PiggyBac,N/A,2.1.1.7,"2,2.1,2.1.1,2.1.1.7"
nTc3-4_Hmel,SubclassI,N/A,2.1,"2,2.1"
OARE1_I,Copia,N/A,1.1.1,"1,1.1,1.1.1"
Odin-2,gypsy,N/A,1.1.2,"1,1.1,1.1.2"
Ogre-LE1_LTR__2,gypsy,N/A,1.1.2,"1,1.1,1.1.2"
Ogre-MT4_LTR__2,gypsy,N/A,1.1.2,"1,1.1,1.1.2"
Copia-10_JC-I,Copia,N/A,1.1.1,"1,1.1,1.1.1"
Ogre-PT3_I__2,gypsy,N/A,1.1.2,"1,1.1,1.1.2"
Ogre-VP1_LTR__2,gypsy,N/A,1.1.2,"1,1.1,1.1.2"
OLO24B,PIF-Harbinger,N/A,2.1.1.8,"2,2.1,2.1.1,2.1.1.8"
OM2,tRNA,N/A,1.5.1,"1,1.5,1.5.1"
OPIE2_I,Copia,N/A,1.1.1,"1,1.1,1.1.1"
ORGANDY_BM,Bel-Pao,N/A,1.1.3,"1,1.1,1.1.3"
ORR1A3_LTR,SINE,N/A,1.5,"1,1.5"
ORR1B1,SINE,N/A,1.5,"1,1.5"
ORR1C,SINE,N/A,1.5,"1,1.5"
ORR1D,SINE,N/A,1.5,"1,1.5"
Copia-10_LMi-LTR,Copia,N/A,1.1.1,"1,1.1,1.1.1"
ORR1F,gypsy,N/A,1.1.2,"1,1.1,1.1.2"
ORSL-2b,SubclassI,N/A,2.1,"2,2.1"
ORTE-4_AAe,L1,N/A,1.4.4,"1,1.4,1.4.4"
OSCOPIA2_I,Copia,N/A,1.1.1,"1,1.1,1.1.1"
OSLINE1-4,L1,N/A,1.4.4,"1,1.4,1.4.4"
OSMU10,Tc1-Mariner,N/A,2.1.1.1,"2,2.1,2.1.1,2.1.1.1"
OSR38_I,gypsy,N/A,1.1.2,"1,1.1,1.1.2"
OSR3_LTR,Copia,N/A,1.1.1,"1,1.1,1.1.1"
OsSN3,tRNA,N/A,1.5.1,"1,1.5,1.5.1"
OSTE18,SubclassI,N/A,2.1,"2,2.1"
Copia-10_MLP-I,Copia,N/A,1.1.1,"1,1.1,1.1.1"
OSTE23,SubclassI,N/A,2.1,"2,2.1"
OSTE30,SubclassI,N/A,2.1,"2,2.1"
OSTONOR1_LTR,Copia,N/A,1.1.1,"1,1.1,1.1.1"
Outcast-17_AAe,I,N/A,1.4.5,"1,1.4,1.4.5"
Outcast-1_DBi,Jockey,N/A,1.4.3,"1,1.4,1.4.3"
Outcast-1_DWi,I,N/A,1.4.5,"1,1.4,1.4.5"
Outcast-2_DTa,I,N/A,1.4.5,"1,1.4,1.4.5"
P-11_HM,hAT,N/A,2.1.1.2,"2,2.1,2.1.1,2.1.1.2"
P-16_HM,SubclassI,N/A,2.1,"2,2.1"
P-1N1_DR,SubclassI,N/A,2.1,"2,2.1"
Copia-10_PGr-LTR,Copia,N/A,1.1.1,"1,1.1,1.1.1"
P-1N_HM,hAT,N/A,2.1.1.2,"2,2.1,2.1.1,2.1.1.2"
P-1_AurAno,CACTA,N/A,2.1.1.9,"2,2.1,2.1.1,2.1.1.9"
P-1_DR,CACTA,N/A,2.1.1.9,"2,2.1,2.1.1,2.1.1.9"
P-1_Hrobusta,SubclassI,N/A,2.1,"2,2.1"
P-1_NV,Tc1-Mariner,N/A,2.1.1.1,"2,2.1,2.1.1,2.1.1.1"
P-1_SIn,SubclassI,N/A,2.1,"2,2.1"
P-23_HM,SubclassI,N/A,2.1,"2,2.1"
P-28_HM,Transib,N/A,2.1.1.5,"2,2.1,2.1.1,2.1.1.5"
P-2_CR,hAT,N/A,2.1.1.2,"2,2.1,2.1.1,2.1.1.2"
P-2_LMi,CACTA,N/A,2.1.1.9,"2,2.1,2.1.1,2.1.1.9"
Copia-10_Pru-I,Copia,N/A,1.1.1,"1,1.1,1.1.1"
P-31_HM,Transib,N/A,2.1.1.5,"2,2.1,2.1.1,2.1.1.5"
P-36_HMa,Transib,N/A,2.1.1.5,"2,2.1,2.1.1,2.1.1.5"
P-3_HM,SubclassI,N/A,2.1,"2,2.1"
P-4_MLP,SubclassI,N/A,2.1,"2,2.1"
P-7_HM,SubclassI,N/A,2.1,"2,2.1"
P-9_MLP,SubclassI,N/A,2.1,"2,2.1"
P-N1_PTrit,hAT,N/A,2.1.1.2,"2,2.1,2.1.1,2.1.1.2"
p-SINE1_OS,SubclassI,N/A,2.1,"2,2.1"
P1_Cis,Transib,N/A,2.1.1.5,"2,2.1,2.1.1,2.1.1.5"
P7SL_Cpo,tRNA,N/A,1.5.1,"1,1.5,1.5.1"
Copia-10_PTc-LTR,Copia,N/A,1.1.1,"1,1.1,1.1.1"
PABL_BI,gypsy,N/A,1.1.2,"1,1.1,1.1.2"
PAL8C_1,SubclassI,N/A,2.1,"2,2.1"
PAL8D_CE,SubclassI,N/A,2.1,"2,2.1"
PALTA3_CE,SubclassI,N/A,2.1,"2,2.1"
PALTTAA3_CE,SubclassI,N/A,2.1,"2,2.1"
PAO_LTR,Bel-Pao,N/A,1.1.3,"1,1.1,1.1.3"
PARISa_DAm,Bel-Pao,N/A,1.1.3,"1,1.1,1.1.3"
PARISa_DK,Tc1-Mariner,N/A,2.1.1.1,"2,2.1,2.1.1,2.1.1.1"
PARISa_DRh,Tc1-Mariner,N/A,2.1.1.1,"2,2.1,2.1.1,2.1.1.1"
PB1D11,7SL,N/A,1.5.2,"1,1.5,1.5.2"
Copia-10_RC-I,Copia,N/A,1.1.1,"1,1.1,1.1.1"
PCretro3_LTR,Bel-Pao,N/A,1.1.3,"1,1.1,1.1.3"
PDR1_I,Copia,N/A,1.1.1,"1,1.1,1.1.1"
Ped-2,tRNA,N/A,1.5.1,"1,1.5,1.5.1"
PENELOPE,RTE,N/A,1.4.2,"1,1.4,1.4.2"
Penelope-104_LMi,PiggyBac,N/A,2.1.1.7,"2,2.1,2.1.1,2.1.1.7"
Penelope-109_LMi,DIRS,N/A,1.2,"1,1.2"
Penelope-10_XT,L1,N/A,1.4.4,"1,1.4,1.4.4"
Penelope-114_LMi,SubclassI,N/A,2.1,"2,2.1"
Penelope-119_LMi,SubclassI,N/A,2.1,"2,2.1"
Penelope-11_XT,PiggyBac,N/A,2.1.1.7,"2,2.1,2.1.1,2.1.1.7"
ATCOPIA40_LTR,Copia,N/A,1.1.1,"1,1.1,1.1.1"
Copia-10_SI-LTR,Copia,N/A,1.1.1,"1,1.1,1.1.1"
Penelope-12_HM,SubclassI,N/A,2.1,"2,2.1"
Penelope-13_XT,SubclassI,N/A,2.1,"2,2.1"
Penelope-15_HM,PiggyBac,N/A,2.1.1.7,"2,2.1,2.1.1,2.1.1.7"
Penelope-18_LMi,Tc1-Mariner,N/A,2.1.1.1,"2,2.1,2.1.1,2.1.1.1"
Penelope-1_AAe,Jockey,N/A,1.4.3,"1,1.4,1.4.3"
Penelope-1_AMi,I,N/A,1.4.5,"1,1.4,1.4.5"
Penelope-1_CTe,L1,N/A,1.4.4,"1,1.4,1.4.4"
Penelope-1_DRh,RTE,N/A,1.4.2,"1,1.4,1.4.2"
Penelope-1_LCh,SubclassI,N/A,2.1,"2,2.1"
Penelope-1_NV,Jockey,N/A,1.4.3,"1,1.4,1.4.3"
Copia-10_ST-I,Copia,N/A,1.1.1,"1,1.1,1.1.1"
Penelope-1_SK,SubclassI,N/A,2.1,"2,2.1"
Penelope-22_LMi,DIRS,N/A,1.2,"1,1.2"
Penelope-28_LMi,SubclassI,N/A,2.1,"2,2.1"
Penelope-2_ADi,Jockey,N/A,1.4.3,"1,1.4,1.4.3"
Penelope-2_Crp,L1,N/A,1.4.4,"1,1.4,1.4.4"
Penelope-2_Lch,L1,N/A,1.4.4,"1,1.4,1.4.4"
Penelope-2_NV,DIRS,N/A,1.2,"1,1.2"
Penelope-30_LMi,SubclassI,N/A,2.1,"2,2.1"
Penelope-35_LMi,RTE,N/A,1.4.2,"1,1.4,1.4.2"
Penelope-39_LMi,SubclassI,N/A,2.1,"2,2.1"
Copia-10_TMe-LTR,SubclassI,N/A,2.1,"2,2.1"
Penelope-3_ADi,Jockey,N/A,1.4.3,"1,1.4,1.4.3"
Penelope-3_HM,Tc1-Mariner,N/A,2.1.1.1,"2,2.1,2.1.1,2.1.1.1"
Penelope-3_NV,Tc1-Mariner,N/A,2.1.1.1,"2,2.1,2.1.1,2.1.1.1"
Penelope-42_LMi,I,N/A,1.4.5,"1,1.4,1.4.5"
Penelope-46_LMi,Tc1-Mariner,N/A,2.1.1.1,"2,2.1,2.1.1,2.1.1.1"
Penelope-4_ACar,L1,N/A,1.4.4,"1,1.4,1.4.4"
Penelope-4_HM,Mutator,N/A,2.1.1.3,"2,2.1,2.1.1,2.1.1.3"
Penelope-4_SIn,SubclassI,N/A,2.1,"2,2.1"
Penelope-52_LMi,Copia,N/A,1.1.1,"1,1.1,1.1.1"
Penelope-57_LMi,Tc1-Mariner,N/A,2.1.1.1,"2,2.1,2.1.1,2.1.1.1"
Copia-110_BRa-I,Copia,N/A,1.1.1,"1,1.1,1.1.1"
Penelope-5_HM,SubclassI,N/A,2.1,"2,2.1"
Penelope-5_SSa,L1,N/A,1.4.4,"1,1.4,1.4.4"
Penelope-64_LMi,RTE,N/A,1.4.2,"1,1.4,1.4.2"
Penelope-69B_LMi,gypsy,N/A,1.1.2,"1,1.1,1.1.2"
Penelope-6_LMi,SubclassI,N/A,2.1,"2,2.1"
Penelope-6_XT,DIRS,N/A,1.2,"1,1.2"
Penelope-73N1_LMi,SubclassI,N/A,2.1,"2,2.1"
Penelope-77_LMi,SubclassI,N/A,2.1,"2,2.1"
Penelope-7_LMi,PiggyBac,N/A,2.1.1.7,"2,2.1,2.1.1,2.1.1.7"
Penelope-80_LMi,RTE,N/A,1.4.2,"1,1.4,1.4.2"
Copia-110_SB-LTR,gypsy,N/A,1.1.2,"1,1.1,1.1.2"
Penelope-85_LMi,Jockey,N/A,1.4.3,"1,1.4,1.4.3"
Penelope-8_ACar,I,N/A,1.4.5,"1,1.4,1.4.5"
Penelope-8_SSa,SubclassI,N/A,2.1,"2,2.1"
Penelope-93_LMi,I,N/A,1.4.5,"1,1.4,1.4.5"
Penelope-97_LMi,SubclassI,N/A,2.1,"2,2.1"
Penelope-9_LMi,PiggyBac,N/A,2.1.1.7,"2,2.1,2.1.1,2.1.1.7"
Penelope1A_XT,R2,N/A,1.4.1,"1,1.4,1.4.1"
Penelope1_CI,gypsy,N/A,1.1.2,"1,1.1,1.1.2"
Penelope3_XT,SubclassI,N/A,2.1,"2,2.1"
PERERE-2,gypsy,N/A,1.1.2,"1,1.1,1.1.2"
Copia-111_BRa-I,DIRS,N/A,1.2,"1,1.2"
PERERE-7,Jockey,N/A,1.4.3,"1,1.4,1.4.3"
Perere_Smed,gypsy,N/A,1.1.2,"1,1.1,1.1.2"
Pifo_LTR,gypsy,N/A,1.1.2,"1,1.1,1.1.2"
PIF_Harbinger-1_PB,PIF-Harbinger,N/A,2.1.1.8,"2,2.1,2.1.1,2.1.1.8"
PIF_Harbinger-2_EmiHux,PIF-Harbinger,N/A,2.1.1.8,"2,2.1,2.1.1,2.1.1.8"
PIF_Harbinger-4_PI,PIF-Harbinger,N/A,2.1.1.8,"2,2.1,2.1.1,2.1.1.8"
piggyBac-10_PI,PiggyBac,N/A,2.1.1.7,"2,2.1,2.1.1,2.1.1.7"
piggyBac-11_LMi,PiggyBac,N/A,2.1.1.7,"2,2.1,2.1.1,2.1.1.7"
piggyBac-12_LMi,PiggyBac,N/A,2.1.1.7,"2,2.1,2.1.1,2.1.1.7"
piggyBac-13_SM,PiggyBac,N/A,2.1.1.7,"2,2.1,2.1.1,2.1.1.7"
Copia-111_SB-LTR,Copia,N/A,1.1.1,"1,1.1,1.1.1"
piggyBac-15_CCri,PiggyBac,N/A,2.1.1.7,"2,2.1,2.1.1,2.1.1.7"
piggyBac-16_SM,PiggyBac,N/A,2.1.1.7,"2,2.1,2.1.1,2.1.1.7"
piggyBac-19_SM,PiggyBac,N/A,2.1.1.7,"2,2.1,2.1.1,2.1.1.7"
piggyBac-1N1_XT,PiggyBac,N/A,2.1.1.7,"2,2.1,2.1.1,2.1.1.7"
piggyBac-1_BF,PiggyBac,N/A,2.1.1.7,"2,2.1,2.1.1,2.1.1.7"
piggyBac-1_DBi,PiggyBac,N/A,2.1.1.7,"2,2.1,2.1.1,2.1.1.7"
piggyBac-1_DR,PiggyBac,N/A,2.1.1.7,"2,2.1,2.1.1,2.1.1.7"
PiggyBac-1_FraCyl,Merlin,N/A,2.1.1.4,"2,2.1,2.1.1,2.1.1.4"
piggyBac-1_LMi,PiggyBac,N/A,2.1.1.7,"2,2.1,2.1.1,2.1.1.7"
PiggyBac-1_ParBra,SubclassI,N/A,2.1,"2,2.1"
Copia-112_CCri-I,Copia,N/A,1.1.1,"1,1.1,1.1.1"
piggyBac-1_SM,PiggyBac,N/A,2.1.1.7,"2,2.1,2.1.1,2.1.1.7"
piggyBac-20_SM,PiggyBac,N/A,2.1.1.7,"2,2.1,2.1.1,2.1.1.7"
piggyBac-22_SM,PiggyBac,N/A,2.1.1.7,"2,2.1,2.1.1,2.1.1.7"
piggyBac-27_LMi,PiggyBac,N/A,2.1.1.7,"2,2.1,2.1.1,2.1.1.7"
piggyBac-2_CGi,SubclassI,N/A,2.1,"2,2.1"
PiggyBac-2_HM,PiggyBac,N/A,2.1.1.7,"2,2.1,2.1.1,2.1.1.7"
PiggyBac-2_PI,PiggyBac,N/A,2.1.1.7,"2,2.1,2.1.1,2.1.1.7"
piggyBac-30_LMi,PiggyBac,N/A,2.1.1.7,"2,2.1,2.1.1,2.1.1.7"
piggyBac-3_DAn,PiggyBac,N/A,2.1.1.7,"2,2.1,2.1.1,2.1.1.7"
PiggyBac-3_PI,SubclassI,N/A,2.1,"2,2.1"
Copia-113_AA-LTR,Copia,N/A,1.1.1,"1,1.1,1.1.1"
piggyBac-4_BF,PiggyBac,N/A,2.1.1.7,"2,2.1,2.1.1,2.1.1.7"
piggyBac-4_LMi,PiggyBac,N/A,2.1.1.7,"2,2.1,2.1.1,2.1.1.7"
piggyBac-5_CCri,PiggyBac,N/A,2.1.1.7,"2,2.1,2.1.1,2.1.1.7"
piggyBac-5_PI,PiggyBac,N/A,2.1.1.7,"2,2.1,2.1.1,2.1.1.7"
piggyBac-6_CCri,PiggyBac,N/A,2.1.1.7,"2,2.1,2.1.1,2.1.1.7"
piggyBac-6_PR,PiggyBac,N/A,2.1.1.7,"2,2.1,2.1.1,2.1.1.7"
piggyBac-7_PR,PiggyBac,N/A,2.1.1.7,"2,2.1,2.1.1,2.1.1.7"
piggyBac-8_LMi,PiggyBac,N/A,2.1.1.7,"2,2.1,2.1.1,2.1.1.7"
piggyBac-9_CCri,PiggyBac,N/A,2.1.1.7,"2,2.1,2.1.1,2.1.1.7"
piggyBac-N10_DR,PiggyBac,N/A,2.1.1.7,"2,2.1,2.1.1,2.1.1.7"
Copia-113_SB-I,Copia,N/A,1.1.1,"1,1.1,1.1.1"
piggyBac-N11_SP,SubclassI,N/A,2.1,"2,2.1"
piggyBac-N13_SP,PiggyBac,N/A,2.1.1.7,"2,2.1,2.1.1,2.1.1.7"
piggyBac-N1_CGi,SubclassI,N/A,2.1,"2,2.1"
piggyBac-N1_HSal,SubclassI,N/A,2.1,"2,2.1"
PiggyBac-N1_SM,SubclassI,N/A,2.1,"2,2.1"
piggyBac-N2_BF,PiggyBac,N/A,2.1.1.7,"2,2.1,2.1.1,2.1.1.7"
piggyBac-N2_SP,SubclassI,N/A,2.1,"2,2.1"
piggyBac-N3_NV,PiggyBac,N/A,2.1.1.7,"2,2.1,2.1.1,2.1.1.7"
piggyBac-N5B_DR,PiggyBac,N/A,2.1.1.7,"2,2.1,2.1.1,2.1.1.7"
piggyBac-N5_SP,SubclassI,N/A,2.1,"2,2.1"
ATCOPIA43I,Copia,N/A,1.1.1,"1,1.1,1.1.1"
Copia-114_BRa-LTR,Copia,N/A,1.1.1,"1,1.1,1.1.1"
piggyBac-N6_SP,SubclassI,N/A,2.1,"2,2.1"
piggyBac-N8_DR,SubclassI,N/A,2.1,"2,2.1"
piggyBac-N9_SP,PiggyBac,N/A,2.1.1.7,"2,2.1,2.1.1,2.1.1.7"
piggyBac1_CI,PiggyBac,N/A,2.1.1.7,"2,2.1,2.1.1,2.1.1.7"
piggyBac3_CB,PiggyBac,N/A,2.1.1.7,"2,2.1,2.1.1,2.1.1.7"
piggyBac6_CB,SubclassI,N/A,2.1,"2,2.1"
piggyBacA-1_DD,PiggyBac,N/A,2.1.1.7,"2,2.1,2.1.1,2.1.1.7"
piggyBacX-11_CCri,PiggyBac,N/A,2.1.1.7,"2,2.1,2.1.1,2.1.1.7"
piggyBacX-16_CCri,PiggyBac,N/A,2.1.1.7,"2,2.1,2.1.1,2.1.1.7"
piggyBacX-1_CCri,PiggyBac,N/A,2.1.1.7,"2,2.1,2.1.1,2.1.1.7"
Copia-115_BRa-I,Copia,N/A,1.1.1,"1,1.1,1.1.1"
piggyBacX-23_CCri,PiggyBac,N/A,2.1.1.7,"2,2.1,2.1.1,2.1.1.7"
piggyBacX-28_CCri,PiggyBac,N/A,2.1.1.7,"2,2.1,2.1.1,2.1.1.7"
piggyBacX-32_CCri,PiggyBac,N/A,2.1.1.7,"2,2.1,2.1.1,2.1.1.7"
piggyBacX-37_CCri,PiggyBac,N/A,2.1.1.7,"2,2.1,2.1.1,2.1.1.7"
piggyBacX-4_CCri,PiggyBac,N/A,2.1.1.7,"2,2.1,2.1.1,2.1.1.7"
piggyBacX-9_CCri,PiggyBac,N/A,2.1.1.7,"2,2.1,2.1.1,2.1.1.7"
PIGIBAKKU,PiggyBac,N/A,2.1.1.7,"2,2.1,2.1.1,2.1.1.7"
PIGY-LTR_PS,DIRS,N/A,1.2,"1,1.2"
PIRa_XT,SubclassI,N/A,2.1,"2,2.1"
PIR_XL,SubclassI,N/A,2.1,"2,2.1"
Copia-115_SB-LTR,Copia,N/A,1.1.1,"1,1.1,1.1.1"
PlatERVK1_LTR,gypsy,N/A,1.1.2,"1,1.1,1.1.2"
PlatERVP1_LTR,SINE,N/A,1.5,"1,1.5"
PlatERVR2_LTR,Copia,N/A,1.1.1,"1,1.1,1.1.1"
Plat_L3b,RTE,N/A,1.4.2,"1,1.4,1.4.2"
PNL2_SM,L1,N/A,1.4.4,"1,1.4,1.4.4"
POKEY_DP,PiggyBac,N/A,2.1.1.7,"2,2.1,2.1.1,2.1.1.7"
Polinton-1_ACe,SubclassI,N/A,2.1,"2,2.1"
Polinton-1_CPB,SubclassI,N/A,2.1,"2,2.1"
Polinton-1_DEl,SubclassI,N/A,2.1,"2,2.1"
Polinton-1_DR,SubclassI,N/A,2.1,"2,2.1"
Copia-116_CCri-I,Copia,N/A,1.1.1,"1,1.1,1.1.1"
Polinton-1_HM,SubclassI,N/A,2.1,"2,2.1"
Polinton-1_NVi,SubclassI,N/A,2.1,"2,2.1"
Polinton-1_SP,SubclassI,N/A,2.1,"2,2.1"
Polinton-1_XT,SubclassI,N/A,2.1,"2,2.1"
Polinton-2_CB,SubclassI,N/A,2.1,"2,2.1"
Polinton-2_DEu,SubclassI,N/A,2.1,"2,2.1"
Polinton-2_NV,SubclassI,N/A,2.1,"2,2.1"
Polinton-2_TC,SubclassI,N/A,2.1,"2,2.1"
Polinton-3_LMi,SubclassI,N/A,2.1,"2,2.1"
Polinton-3_TC,SubclassI,N/A,2.1,"2,2.1"
Copia-117_AA-LTR,Copia,N/A,1.1.1,"1,1.1,1.1.1"
Polinton-4_SP,SubclassI,N/A,2.1,"2,2.1"
Polinton-5_NVi,SubclassI,N/A,2.1,"2,2.1"
Polinton-8_NVi,SubclassI,N/A,2.1,"2,2.1"
Polinton1N_TCa,SubclassI,N/A,2.1,"2,2.1"
POMSINE,tRNA,N/A,1.5.1,"1,1.5,1.5.1"
POPCOP2_I__2,Copia,N/A,1.1.1,"1,1.1,1.1.1"
POR,hAT,N/A,2.1.1.2,"2,2.1,2.1.1,2.1.1.2"
Poseidon-1B_PM,DIRS,N/A,1.2,"1,1.2"
Poseidon-1G_PM,Jockey,N/A,1.4.3,"1,1.4,1.4.3"
Poseidon-1N1_PM,SubclassI,N/A,2.1,"2,2.1"
Copia-117_SB-I,Copia,N/A,1.1.1,"1,1.1,1.1.1"
Poseidon-2D_PM,I,N/A,1.4.5,"1,1.4,1.4.5"
Poseidon-3_PM,hAT,N/A,2.1.1.2,"2,2.1,2.1.1,2.1.1.2"
Poseidon-N1_PM,SubclassI,N/A,2.1,"2,2.1"
Poseidon-N5_PM,gypsy,N/A,1.1.2,"1,1.1,1.1.2"
POT2__2,Merlin,N/A,2.1.1.4,"2,2.1,2.1.1,2.1.1.4"
PrD37E,Tc1-Mariner,N/A,2.1.1.1,"2,2.1,2.1.1,2.1.1.1"
PRE1j,tRNA,N/A,1.5.1,"1,1.5,1.5.1"
PREM1A_ZM_LTR,gypsy,N/A,1.1.2,"1,1.1,1.1.2"
PREM4_ZM_I,LTR,N/A,1.1,"1,1.1"
PRIMAX_I,I,N/A,1.4.5,"1,1.4,1.4.5"
Copia-118_BRa-LTR,Copia,N/A,1.1.1,"1,1.1,1.1.1"
Proto1-3_NG,L1,N/A,1.4.4,"1,1.4,1.4.4"
Proto2-11_CTe,Mutator,N/A,2.1.1.3,"2,2.1,2.1.1,2.1.1.3"
Proto2-16_CTe,Transib,N/A,2.1.1.5,"2,2.1,2.1.1,2.1.1.5"
Proto2-1_Hmel,SubclassI,N/A,2.1,"2,2.1"
Proto2-2_CS1,SubclassI,N/A,2.1,"2,2.1"
Proto2-3_CS1,SubclassI,N/A,2.1,"2,2.1"
Proto2-4_CTe,Transib,N/A,2.1.1.5,"2,2.1,2.1.1,2.1.1.5"
Proto2-7_CS1,hAT,N/A,2.1.1.2,"2,2.1,2.1.1,2.1.1.2"
PROTOP,hAT,N/A,2.1.1.2,"2,2.1,2.1.1,2.1.1.2"
Pr_Helitron1,SubclassI,N/A,2.1,"2,2.1"
Copia-119_AA-I,Copia,N/A,1.1.1,"1,1.1,1.1.1"
PSAU3A9_SB,CACTA,N/A,2.1.1.9,"2,2.1,2.1.1,2.1.1.9"
PSLINE,L1,N/A,1.4.4,"1,1.4,1.4.4"
PtAppalachian_LTR,gypsy,N/A,1.1.2,"1,1.1,1.1.2"
PtCumberland_I,Copia,N/A,1.1.1,"1,1.1,1.1.1"
PTERV2a_LTR,SINE,N/A,1.5,"1,1.5"
PtOuachita_LTR,LTR,N/A,1.1,"1,1.1"
PTr-3,tRNA,N/A,1.5.1,"1,1.5,1.5.1"
PYGGY_I,Bel-Pao,N/A,1.1.3,"1,1.1,1.1.3"
P_DG,hAT,N/A,2.1.1.2,"2,2.1,2.1.1,2.1.1.2"
QUASIMODO2-LTR_DM,Bel-Pao,N/A,1.1.3,"1,1.1,1.1.3"
Copia-119_CCri-LTR,Bel-Pao,N/A,1.1.3,"1,1.1,1.1.3"
QUETZAL,Tc1-Mariner,N/A,2.1.1.1,"2,2.1,2.1.1,2.1.1.1"
R1-13_DWi,Jockey,N/A,1.4.3,"1,1.4,1.4.3"
R1-18_DWi,RTE,N/A,1.4.2,"1,1.4,1.4.2"
R1-1_AP,gypsy,N/A,1.1.2,"1,1.1,1.1.2"
R1-1_DBp,RTE,N/A,1.4.2,"1,1.4,1.4.2"
R1-1_DGr,gypsy,N/A,1.1.2,"1,1.1,1.1.2"
R1-1_DT,R2,N/A,1.4.1,"1,1.4,1.4.1"
R1-1_HSal,PIF-Harbinger,N/A,2.1.1.8,"2,2.1,2.1.1,2.1.1.8"
R1-1_SIn,R2,N/A,1.4.1,"1,1.4,1.4.1"
R1-2_DBi,RTE,N/A,1.4.2,"1,1.4,1.4.2"
Copia-11D_DR-LTR,Copia,N/A,1.1.1,"1,1.1,1.1.1"
R1-2_DGr,gypsy,N/A,1.1.2,"1,1.1,1.1.2"
R1-2_DVi,Jockey,N/A,1.4.3,"1,1.4,1.4.3"
R1-2_PBa,RTE,N/A,1.4.2,"1,1.4,1.4.2"
R1-3_DAn,gypsy,N/A,1.1.2,"1,1.1,1.1.2"
R1-3_DK,R2,N/A,1.4.1,"1,1.4,1.4.1"
R1-3_DYa,gypsy,N/A,1.1.2,"1,1.1,1.1.2"
R1-4_AP,gypsy,N/A,1.1.2,"1,1.1,1.1.2"
R1-4_DK,RTE,N/A,1.4.2,"1,1.4,1.4.2"
R1-5B_DK,DIRS,N/A,1.2,"1,1.2"
R1-5_DWi,Mutator,N/A,2.1.1.3,"2,2.1,2.1.1,2.1.1.3"
ATCOPIA45_I,Copia,N/A,1.1.1,"1,1.1,1.1.1"
Copia-11I_DR-LTR,Copia,N/A,1.1.1,"1,1.1,1.1.1"
R1-7_DK,Jockey,N/A,1.4.3,"1,1.4,1.4.3"
R1-N1_CFl,I,N/A,1.4.5,"1,1.4,1.4.5"
R1A_SS,LINE,N/A,1.4,"1,1.4"
R1B_NVi,Copia,N/A,1.1.1,"1,1.1,1.1.1"
R1D_NGi,CACTA,N/A,2.1.1.9,"2,2.1,2.1.1,2.1.1.9"
R1N_NLo,gypsy,N/A,1.1.2,"1,1.1,1.1.2"
R1_DPs,gypsy,N/A,1.1.2,"1,1.1,1.1.2"
R1_DYa,gypsy,N/A,1.1.2,"1,1.1,1.1.2"
R1_Ele9,Bel-Pao,N/A,1.1.3,"1,1.1,1.1.3"
R2-1_DWi,R2,N/A,1.4.1,"1,1.4,1.4.1"
Copia-11_ALY-I,Copia,N/A,1.1.1,"1,1.1,1.1.1"
R2-1_PM,R2,N/A,1.4.1,"1,1.4,1.4.1"
R2-2_DWi,R2,N/A,1.4.1,"1,1.4,1.4.1"
R2-N2_Gav,R2,N/A,1.4.1,"1,1.4,1.4.1"
R2B_NVi,R2,N/A,1.4.1,"1,1.4,1.4.1"
R2Cs-D,R2,N/A,1.4.1,"1,1.4,1.4.1"
R2E_NLo,R2,N/A,1.4.1,"1,1.4,1.4.1"
R2I-4_PI,L1,N/A,1.4.4,"1,1.4,1.4.4"
R2Ll,R2,N/A,1.4.1,"1,1.4,1.4.1"
R2Nvec-A,R2,N/A,1.4.1,"1,1.4,1.4.1"
R2Tc,R2,N/A,1.4.1,"1,1.4,1.4.1"
Copia-11_BD-LTR,Copia,N/A,1.1.1,"1,1.1,1.1.1"
R2_CI,R2,N/A,1.4.1,"1,1.4,1.4.1"
R2_DPe,R2,N/A,1.4.1,"1,1.4,1.4.1"
R2_FA,R2,N/A,1.4.1,"1,1.4,1.4.1"
R2_RL,R2,N/A,1.4.1,"1,1.4,1.4.1"
R4-1_BM,RTE,N/A,1.4.2,"1,1.4,1.4.2"
R4-1_HG,R2,N/A,1.4.1,"1,1.4,1.4.1"
R4-2_AS,R2,N/A,1.4.1,"1,1.4,1.4.1"
R4-3_SRa,LTR,N/A,1.1,"1,1.1"
R4_AL,R2,N/A,1.4.1,"1,1.4,1.4.1"
R5-2_SM,SubclassI,N/A,2.1,"2,2.1"
Copia-11_CCri-I,Copia,N/A,1.1.1,"1,1.1,1.1.1"
R8Hm-A,R2,N/A,1.4.1,"1,1.4,1.4.1"
RAGYPSY3_LTR_MT,LTR,N/A,1.1,"1,1.1"
RAL_Rn_I,gypsy,N/A,1.1.2,"1,1.1,1.1.2"
RAM14_I_MT__2,Mutator,N/A,2.1.1.3,"2,2.1,2.1.1,2.1.1.3"
RAM9B_LTR__2,gypsy,N/A,1.1.2,"1,1.1,1.1.2"
RandI-3,LTR,N/A,1.1,"1,1.1"
Ras1,tRNA,N/A,1.5.1,"1,1.5,1.5.1"
RASH_MT,Mutator,N/A,2.1.1.3,"2,2.1,2.1.1,2.1.1.3"
RAVLIN_MT__2,L1,N/A,1.4.4,"1,1.4,1.4.4"
REALAA_LTR,gypsy,N/A,1.1.2,"1,1.1,1.1.2"
Copia-11_CQ-LTR,Bel-Pao,N/A,1.1.3,"1,1.1,1.1.3"
Rehavkus-1_DY,Mutator,N/A,2.1.1.3,"2,2.1,2.1.1,2.1.1.3"
Rehavkus-2_HR,SubclassI,N/A,2.1,"2,2.1"
Rehavkus1_AP,SubclassI,N/A,2.1,"2,2.1"
REP-1_ED,SINE,N/A,1.5,"1,1.5"
RETRO14_AG_LTR,gypsy,N/A,1.1.2,"1,1.1,1.1.2"
RETRO1_LTR,gypsy,N/A,1.1.2,"1,1.1,1.1.2"
RETRO2_LTR,gypsy,N/A,1.1.2,"1,1.1,1.1.2"
RETRO5_AG_LTR,SubclassI,N/A,2.1,"2,2.1"
RETRO931_AG_LTR,Bel-Pao,N/A,1.1.3,"1,1.1,1.1.3"
RETRO99_AG_LTR,Bel-Pao,N/A,1.1.3,"1,1.1,1.1.3"
Copia-11_ECa-LTR,Copia,N/A,1.1.1,"1,1.1,1.1.1"
RETROFIT4_I,Copia,N/A,1.1.1,"1,1.1,1.1.1"
RETROFIT6_LTR,Copia,N/A,1.1.1,"1,1.1,1.1.1"
RETROSAT2LTR,SINE,N/A,1.5,"1,1.5"
RETROSAT4_I,gypsy,N/A,1.1.2,"1,1.1,1.1.2"
RETROSAT6_LTR,gypsy,N/A,1.1.2,"1,1.1,1.1.2"
Rex1-10_SSa,Jockey,N/A,1.4.3,"1,1.4,1.4.3"
Rex1-1B_FR,DIRS,N/A,1.2,"1,1.2"
REX1-1_DR,Jockey,N/A,1.4.3,"1,1.4,1.4.3"
Rex1-1_PM,RTE,N/A,1.4.2,"1,1.4,1.4.2"
Rex1-21_DRe,SubclassI,N/A,2.1,"2,2.1"
Copia-11_GM-I,Copia,N/A,1.1.1,"1,1.1,1.1.1"
Rex1-25_NVe,SubclassI,N/A,2.1,"2,2.1"
Rex1-2_CTe,Jockey,N/A,1.4.3,"1,1.4,1.4.3"
Rex1-2_PM,hAT,N/A,2.1.1.2,"2,2.1,2.1.1,2.1.1.2"
Rex1-38_DRe,DIRS,N/A,1.2,"1,1.2"
REX1-3_AFC,RTE,N/A,1.4.2,"1,1.4,1.4.2"
Rex1-3_GA,Jockey,N/A,1.4.3,"1,1.4,1.4.3"
Rex1-43_DRe,gypsy,N/A,1.1.2,"1,1.1,1.1.2"
Rex1-4_SSa,Jockey,N/A,1.4.3,"1,1.4,1.4.3"
Rex1-54_DR,Merlin,N/A,2.1.1.4,"2,2.1,2.1.1,2.1.1.4"
Rex1-5_SSa,hAT,N/A,2.1.1.2,"2,2.1,2.1.1,2.1.1.2"
Copia-11_LH-LTR,Copia,N/A,1.1.1,"1,1.1,1.1.1"
REX1-6_XT,RTE,N/A,1.4.2,"1,1.4,1.4.2"
Rex1-8_SSa,Tc1-Mariner,N/A,2.1.1.1,"2,2.1,2.1.1,2.1.1.1"
REX1_CY,SINE,N/A,1.5,"1,1.5"
Rex6,RTE,N/A,1.4.2,"1,1.4,1.4.2"
Ricksha_a,SubclassI,N/A,2.1,"2,2.1"
RILN7_OS,L1,N/A,1.4.4,"1,1.4,1.4.4"
RIRE2_LTR,gypsy,N/A,1.1.2,"1,1.1,1.1.2"
RIRE5-I_OS,Copia,N/A,1.1.1,"1,1.1,1.1.1"
RIRE8B_I,gypsy,N/A,1.1.2,"1,1.1,1.1.2"
RLG_scAle_1_1-I,SINE,N/A,1.5,"1,1.5"
Copia-11_Mad-I__2,Copia,N/A,1.1.1,"1,1.1,1.1.1"
RLG_scAle_1_3-LTR,Copia,N/A,1.1.1,"1,1.1,1.1.1"
RLG_scAle_3_1-I,Copia,N/A,1.1.1,"1,1.1,1.1.1"
RLG_scAle_5_1-LTR,Copia,N/A,1.1.1,"1,1.1,1.1.1"
RLG_scAngela_3_1-I,Copia,N/A,1.1.1,"1,1.1,1.1.1"
RLG_scDEL_1_2-LTR,gypsy,N/A,1.1.2,"1,1.1,1.1.2"
RLG_scDEL_1_5-I,gypsy,N/A,1.1.2,"1,1.1,1.1.2"
RLG_scDEL_2_1-LTR,gypsy,N/A,1.1.2,"1,1.1,1.1.2"
RLG_scDEL_4_1-I,gypsy,N/A,1.1.2,"1,1.1,1.1.2"
RLG_scDEL_6_1-LTR,gypsy,N/A,1.1.2,"1,1.1,1.1.2"
RLG_scIvana_1_3-I,Copia,N/A,1.1.1,"1,1.1,1.1.1"
Copia-11_PAb-LTR,Copia,N/A,1.1.1,"1,1.1,1.1.1"
RLG_scIvana_3_1-LTR,Copia,N/A,1.1.1,"1,1.1,1.1.1"
RLG_scIvana_6_1-I,Copia,N/A,1.1.1,"1,1.1,1.1.1"
RLG_scMaximus_1_2-LTR,Copia,N/A,1.1.1,"1,1.1,1.1.1"
RLG_scMaximus_1_5-I,Copia,N/A,1.1.1,"1,1.1,1.1.1"
RLG_scMaximus_1_7-LTR,Copia,N/A,1.1.1,"1,1.1,1.1.1"
RLG_scMaximus_2_2-I,Copia,N/A,1.1.1,"1,1.1,1.1.1"
RLG_scMaximus_3_1-LTR,Copia,N/A,1.1.1,"1,1.1,1.1.1"
RLG_scReina_2_1-I,gypsy,N/A,1.1.2,"1,1.1,1.1.2"
RLG_scReina_4_1-LTR,gypsy,N/A,1.1.2,"1,1.1,1.1.2"
RLG_scTat_1_3-I,gypsy,N/A,1.1.2,"1,1.1,1.1.2"
Academ-1_CSa,SubclassI,N/A,2.1,"2,2.1"
ATCOPIA48LTR,Copia,N/A,1.1.1,"1,1.1,1.1.1"
Copia-11_PR-I,Copia,N/A,1.1.1,"1,1.1,1.1.1"
RLG_scTat_1_5-LTR,gypsy,N/A,1.1.2,"1,1.1,1.1.2"
RLG_scTat_3_1-I,LTR,N/A,1.1,"1,1.1"
RLG_scTat_5_1-LTR,gypsy,N/A,1.1.2,"1,1.1,1.1.2"
RLTR01_Rn,SINE,N/A,1.5,"1,1.5"
RLTR10B_Rat,tRNA,N/A,1.5.1,"1,1.5,1.5.1"
RLTR10F,tRNA,N/A,1.5.1,"1,1.5,1.5.1"
RLTR11C_MM,gypsy,N/A,1.1.2,"1,1.1,1.1.2"
RLTR12B2,gypsy,N/A,1.1.2,"1,1.1,1.1.2"
RLTR12F,SubclassI,N/A,2.1,"2,2.1"
RLTR13A2,gypsy,N/A,1.1.2,"1,1.1,1.1.2"
Copia-11_PSo-LTR,Copia,N/A,1.1.1,"1,1.1,1.1.1"
RLTR13B3,gypsy,N/A,1.1.2,"1,1.1,1.1.2"
RLTR13D,gypsy,N/A,1.1.2,"1,1.1,1.1.2"
RLTR13D3A1,SubclassI,N/A,2.1,"2,2.1"
RLTR13F,gypsy,N/A,1.1.2,"1,1.1,1.1.2"
RLTR16,LINE,N/A,1.4,"1,1.4"
RLTR17C_Mm,gypsy,N/A,1.1.2,"1,1.1,1.1.2"
RLTR18_MM,gypsy,N/A,1.1.2,"1,1.1,1.1.2"
RLTR19B_MM,Bel-Pao,N/A,1.1.3,"1,1.1,1.1.3"
RLTR1C_MM,gypsy,N/A,1.1.2,"1,1.1,1.1.2"
RLTR1IAP_MM,gypsy,N/A,1.1.2,"1,1.1,1.1.2"
Copia-11_PX-I,Copia,N/A,1.1.1,"1,1.1,1.1.1"
RLTR20A,gypsy,N/A,1.1.2,"1,1.1,1.1.2"
RLTR20A4,Copia,N/A,1.1.1,"1,1.1,1.1.1"
RLTR20B4_MM,gypsy,N/A,1.1.2,"1,1.1,1.1.2"
RLTR20D_MM,SINE,N/A,1.5,"1,1.5"
RLTR25B,LTR,N/A,1.1,"1,1.1"
RLTR26C_MM,gypsy,N/A,1.1.2,"1,1.1,1.1.2"
RLTR28_MM,RTE,N/A,1.4.2,"1,1.4,1.4.2"
RLTR30B_MM,gypsy,N/A,1.1.2,"1,1.1,1.1.2"
RLTR30E_MM,gypsy,N/A,1.1.2,"1,1.1,1.1.2"
RLTR31M,gypsy,N/A,1.1.2,"1,1.1,1.1.2"
Copia-11_SB-LTR,Copia,N/A,1.1.1,"1,1.1,1.1.1"
RLTR31_Rn1,DIRS,N/A,1.2,"1,1.2"
RLTR32_Rn,gypsy,N/A,1.1.2,"1,1.1,1.1.2"
RLTR34_MM,SINE,N/A,1.5,"1,1.5"
RLTR40_Rn,DIRS,N/A,1.2,"1,1.2"
RLTR41C,SINE,N/A,1.5,"1,1.5"
RLTR43B,L1,N/A,1.4.4,"1,1.4,1.4.4"
RLTR44C_LTR,gypsy,N/A,1.1.2,"1,1.1,1.1.2"
RLTR46B,tRNA,N/A,1.5.1,"1,1.5,1.5.1"
RLTR48_Rn,gypsy,N/A,1.1.2,"1,1.1,1.1.2"
RLTR50B,DIRS,N/A,1.2,"1,1.2"
Copia-11_SSa-I,Copia,N/A,1.1.1,"1,1.1,1.1.1"
RLTR53B_Mm,tRNA,N/A,1.5.1,"1,1.5,1.5.1"
RLTR6I_MM,gypsy,N/A,1.1.2,"1,1.1,1.1.2"
RLTR9A2,SINE,N/A,1.5,"1,1.5"
RLTR9B,gypsy,N/A,1.1.2,"1,1.1,1.1.2"
RLTR9E,DIRS,N/A,1.2,"1,1.2"
RMER10A,DIRS,N/A,1.2,"1,1.2"
RMER13A,gypsy,N/A,1.1.2,"1,1.1,1.1.2"
RMER15-int,gypsy,N/A,1.1.2,"1,1.1,1.1.2"
RMER16B,gypsy,N/A,1.1.2,"1,1.1,1.1.2"
RMER17A,L1,N/A,1.4.4,"1,1.4,1.4.4"
Copia-11_TC-LTR,Copia,N/A,1.1.1,"1,1.1,1.1.1"
RMER17B_Rn,Copia,N/A,1.1.1,"1,1.1,1.1.1"
RMER17D_MM,L1,N/A,1.4.4,"1,1.4,1.4.4"
RMER19C,gypsy,N/A,1.1.2,"1,1.1,1.1.2"
RMER21B,L1,N/A,1.4.4,"1,1.4,1.4.4"
RMER30,SubclassI,N/A,2.1,"2,2.1"
RMER3D1A_LTR,gypsy,N/A,1.1.2,"1,1.1,1.1.2"
RMER4,gypsy,N/A,1.1.2,"1,1.1,1.1.2"
RMER6A,gypsy,N/A,1.1.2,"1,1.1,1.1.2"
RMU1A23,PIF-Harbinger,N/A,2.1.1.8,"2,2.1,2.1.1,2.1.1.8"
RN107_LTR,LINE,N/A,1.4,"1,1.4"
Copia-120_BRa-I,Copia,N/A,1.1.1,"1,1.1,1.1.1"
RNALUIII,7SL,N/A,1.5.2,"1,1.5,1.5.2"
RNERVK9,gypsy,N/A,1.1.2,"1,1.1,1.1.2"
RNLTR10,gypsy,N/A,1.1.2,"1,1.1,1.1.2"
RNLTR11b,gypsy,N/A,1.1.2,"1,1.1,1.1.2"
RNLTR14-int,L1,N/A,1.4.4,"1,1.4,1.4.4"
RNLTR16C,gypsy,N/A,1.1.2,"1,1.1,1.1.2"
RNLTR19,gypsy,N/A,1.1.2,"1,1.1,1.1.2"
RNLTR20,LTR,N/A,1.1,"1,1.1"
RNLTR2a,SINE,N/A,1.5,"1,1.5"
RNLTR3c,gypsy,N/A,1.1.2,"1,1.1,1.1.2"
Copia-120_SB-LTR,Copia,N/A,1.1.1,"1,1.1,1.1.1"
RNLTR4c,tRNA,N/A,1.5.1,"1,1.5,1.5.1"
RNLTR5A,gypsy,N/A,1.1.2,"1,1.1,1.1.2"
RNLTR7a2,tRNA,N/A,1.5.1,"1,1.5,1.5.1"
RNLTR8C,tRNA,N/A,1.5.1,"1,1.5,1.5.1"
RNLTR8F,tRNA,N/A,1.5.1,"1,1.5,1.5.1"
rn_179-105_IR,Copia,N/A,1.1.1,"1,1.1,1.1.1"
ROMANI1_I,gypsy,N/A,1.1.2,"1,1.1,1.1.2"
RONIN1_I,gypsy,N/A,1.1.2,"1,1.1,1.1.2"
RONIN2_LTR1,L1,N/A,1.4.4,"1,1.4,1.4.4"
RONIN3_LTR,gypsy,N/A,1.1.2,"1,1.1,1.1.2"
Copia-121_CCri-I,Copia,N/A,1.1.1,"1,1.1,1.1.1"
ROVER_DM,gypsy,N/A,1.1.2,"1,1.1,1.1.2"
RSINE1,tRNA,N/A,1.5.1,"1,1.5,1.5.1"
RT2,gypsy,N/A,1.1.2,"1,1.1,1.1.2"
RTE-10_AMi,RTE,N/A,1.4.2,"1,1.4,1.4.2"
RTE-10_LMi,RTE,N/A,1.4.2,"1,1.4,1.4.2"
RTE-11_Crp,RTE,N/A,1.4.2,"1,1.4,1.4.2"
RTE-11_SP,RTE,N/A,1.4.2,"1,1.4,1.4.2"
RTE-12_Hmel,RTE,N/A,1.4.2,"1,1.4,1.4.2"
RTE-13_AMi,RTE,N/A,1.4.2,"1,1.4,1.4.2"
RTE-13_LMi,RTE,N/A,1.4.2,"1,1.4,1.4.2"
Copia-122_AA-LTR,Bel-Pao,N/A,1.1.3,"1,1.1,1.1.3"
RTE-14_Lch,RTE,N/A,1.4.2,"1,1.4,1.4.2"
RTE-15_Hmel,RTE,N/A,1.4.2,"1,1.4,1.4.2"
RTE-16_Hmel,RTE,N/A,1.4.2,"1,1.4,1.4.2"
RTE-17_Hmel,Tc1-Mariner,N/A,2.1.1.1,"2,2.1,2.1.1,2.1.1.1"
RTE-18_HMM,RTE,N/A,1.4.2,"1,1.4,1.4.2"
RTE-19_Hmel,RTE,N/A,1.4.2,"1,1.4,1.4.2"
RTE-1B_LMi,RTE,N/A,1.4.2,"1,1.4,1.4.2"
RTE-1_AFC,tRNA,N/A,1.5.1,"1,1.5,1.5.1"
RTE-1_CPB,RTE,N/A,1.4.2,"1,1.4,1.4.2"
RTE-1_DBi,RTE,N/A,1.4.2,"1,1.4,1.4.2"
ATCOPIA4LTR,SubclassI,N/A,2.1,"2,2.1"
Copia-122_SB-I,Copia,N/A,1.1.1,"1,1.1,1.1.1"
RTE-1_DT,RTE,N/A,1.4.2,"1,1.4,1.4.2"
RTE-1_Gav,RTE,N/A,1.4.2,"1,1.4,1.4.2"
RTE-1_Mad,RTE,N/A,1.4.2,"1,1.4,1.4.2"
RTE-1_PBa,RTE,N/A,1.4.2,"1,1.4,1.4.2"
RTE-1_SBi,RTE,N/A,1.4.2,"1,1.4,1.4.2"
RTE-1_TD,RTE,N/A,1.4.2,"1,1.4,1.4.2"
RTE-20_LMi,RTE,N/A,1.4.2,"1,1.4,1.4.2"
RTE-23_CPB,RTE,N/A,1.4.2,"1,1.4,1.4.2"
RTE-25_LMi,RTE,N/A,1.4.2,"1,1.4,1.4.2"
RTE-28_LMi,RTE,N/A,1.4.2,"1,1.4,1.4.2"
Copia-123_BRa-LTR,Copia,N/A,1.1.1,"1,1.1,1.1.1"
RTE-2_BF,RTE,N/A,1.4.2,"1,1.4,1.4.2"
RTE-2_CTe,RTE,N/A,1.4.2,"1,1.4,1.4.2"
RTE-2_Gav,RTE,N/A,1.4.2,"1,1.4,1.4.2"
RTE-2_MD,RTE,N/A,1.4.2,"1,1.4,1.4.2"
RTE-2_PD,RTE,N/A,1.4.2,"1,1.4,1.4.2"
RTE-2_SP,RTE,N/A,1.4.2,"1,1.4,1.4.2"
RTE-31_LMi,RTE,N/A,1.4.2,"1,1.4,1.4.2"
RTE-36_LMi,RTE,N/A,1.4.2,"1,1.4,1.4.2"
RTE-3_AG,RTE,N/A,1.4.2,"1,1.4,1.4.2"
RTE-3_CQ,RTE,N/A,1.4.2,"1,1.4,1.4.2"
Copia-124_AA-I,Copia,N/A,1.1.1,"1,1.1,1.1.1"
RTE-3_LCh,RTE,N/A,1.4.2,"1,1.4,1.4.2"
RTE-3_NV,RTE,N/A,1.4.2,"1,1.4,1.4.2"
RTE-3_SP,RTE,N/A,1.4.2,"1,1.4,1.4.2"
RTE-44_LMi,RTE,N/A,1.4.2,"1,1.4,1.4.2"
RTE-48_LMi,gypsy,N/A,1.1.2,"1,1.1,1.1.2"
RTE-4_CPB,RTE,N/A,1.4.2,"1,1.4,1.4.2"
RTE-4_LCh,RTE,N/A,1.4.2,"1,1.4,1.4.2"
RTE-4_PPac,RTE,N/A,1.4.2,"1,1.4,1.4.2"
RTE-53_LMi,RTE,N/A,1.4.2,"1,1.4,1.4.2"
RTE-57_LMi,RTE,N/A,1.4.2,"1,1.4,1.4.2"
Copia-124_CCri-LTR,Copia,N/A,1.1.1,"1,1.1,1.1.1"
RTE-5_BM,RTE,N/A,1.4.2,"1,1.4,1.4.2"
RTE-5_LMi,RTE,N/A,1.4.2,"1,1.4,1.4.2"
RTE-5_SP,SubclassI,N/A,2.1,"2,2.1"
RTE-64_LMi,RTE,N/A,1.4.2,"1,1.4,1.4.2"
RTE-69_LMi,RTE,N/A,1.4.2,"1,1.4,1.4.2"
RTE-6_Crp,RTE,N/A,1.4.2,"1,1.4,1.4.2"
RTE-6_LVa,RTE,N/A,1.4.2,"1,1.4,1.4.2"
RTE-70_LMi,RTE,N/A,1.4.2,"1,1.4,1.4.2"
RTE-7_Crp,RTE,N/A,1.4.2,"1,1.4,1.4.2"
RTE-7_NV,RTE,N/A,1.4.2,"1,1.4,1.4.2"
Copia-125_BRa-I,Copia,N/A,1.1.1,"1,1.1,1.1.1"
RTE-8_BF,RTE,N/A,1.4.2,"1,1.4,1.4.2"
RTE-8_LMi,RTE,N/A,1.4.2,"1,1.4,1.4.2"
RTE-9_CPB,RTE,N/A,1.4.2,"1,1.4,1.4.2"
RTE-9_NVe,RTE,N/A,1.4.2,"1,1.4,1.4.2"
RTE-N1_Crp,SINE,N/A,1.5,"1,1.5"
RTE1-N1_LA,RTE,N/A,1.4.2,"1,1.4,1.4.2"
RTE1_MT,RTE,N/A,1.4.2,"1,1.4,1.4.2"
RTESINE1,SINE,N/A,1.5,"1,1.5"
RTEX-10_CGi,SubclassI,N/A,2.1,"2,2.1"
RTEX-11_BF,L1,N/A,1.4.4,"1,1.4,1.4.4"
Copia-126_AA-I,Copia,N/A,1.1.1,"1,1.1,1.1.1"
RTEX-12_CGi,SubclassI,N/A,2.1,"2,2.1"
RTEX-13_SK,SubclassI,N/A,2.1,"2,2.1"
RTEX-15_BF,PiggyBac,N/A,2.1.1.7,"2,2.1,2.1.1,2.1.1.7"
RTEX-17_CGi,SubclassI,N/A,2.1,"2,2.1"
RTEX-19_SK,SubclassI,N/A,2.1,"2,2.1"
RTEX-1_CR,Copia,N/A,1.1.1,"1,1.1,1.1.1"
RTEX-1_EL,L1,N/A,1.4.4,"1,1.4,1.4.4"
RTEX-1_SP,L1,N/A,1.4.4,"1,1.4,1.4.4"
RTEX-21_CGi,SubclassI,N/A,2.1,"2,2.1"
RTEX-23_SK,L1,N/A,1.4.4,"1,1.4,1.4.4"
Copia-126_SB-LTR,Copia,N/A,1.1.1,"1,1.1,1.1.1"
RTEX-26_CGi,SubclassI,N/A,2.1,"2,2.1"
RTEX-2_ACar,L1,N/A,1.4.4,"1,1.4,1.4.4"
RTEX-2_NV,gypsy,N/A,1.1.2,"1,1.1,1.1.2"
RTEX-3_ACar,DIRS,N/A,1.2,"1,1.2"
RTEX-3_SK,SubclassI,N/A,2.1,"2,2.1"
RTEX-4_CGi,DIRS,N/A,1.2,"1,1.2"
RTEX-5_ACar,L1,N/A,1.4.4,"1,1.4,1.4.4"
RTEX-5_SK,Transib,N/A,2.1.1.5,"2,2.1,2.1.1,2.1.1.5"
RTEX-6_NV,SubclassI,N/A,2.1,"2,2.1"
RTEX-7_SK,L1,N/A,1.4.4,"1,1.4,1.4.4"
Copia-127_SB-I,Copia,N/A,1.1.1,"1,1.1,1.1.1"
RTEX-8_SK,RTE,N/A,1.4.2,"1,1.4,1.4.2"
RTEY-1_CTe,RTE,N/A,1.4.2,"1,1.4,1.4.2"
RTE_Ele2B_AAe,RTE,N/A,1.4.2,"1,1.4,1.4.2"
RTE_SJ,RTE,N/A,1.4.2,"1,1.4,1.4.2"
RT_AP,tRNA,N/A,1.5.1,"1,1.5,1.5.1"
RT_SC,Copia,N/A,1.1.1,"1,1.1,1.1.1"
Ruka,tRNA,N/A,1.5.1,"1,1.5,1.5.1"
SABRINA2_TM_I,gypsy,N/A,1.1.2,"1,1.1,1.1.2"
SABRINA_SC_I,LTR,N/A,1.1,"1,1.1"
Saci-2_LTR,Copia,N/A,1.1.1,"1,1.1,1.1.1"
Copia-128_CCri-LTR,gypsy,N/A,1.1.2,"1,1.1,1.1.2"
SACI-7,DIRS,N/A,1.2,"1,1.2"
Sadhu1-2,SINE,N/A,1.5,"1,1.5"
Sadhu3-2,SINE,N/A,1.5,"1,1.5"
Sadhu6-1,SINE,N/A,1.5,"1,1.5"
Sagan-10_TMe,Tc1-Mariner,N/A,2.1.1.1,"2,2.1,2.1.1,2.1.1.1"
Sagan-1_ALai,PiggyBac,N/A,2.1.1.7,"2,2.1,2.1.1,2.1.1.7"
Sagan-1_PMar,Tc1-Mariner,N/A,2.1.1.1,"2,2.1,2.1.1,2.1.1.1"
Sagan-2_MLP,Tc1-Mariner,N/A,2.1.1.1,"2,2.1,2.1.1,2.1.1.1"
Sagan-3_TMe,Tc1-Mariner,N/A,2.1.1.1,"2,2.1,2.1.1,2.1.1.1"
Sagan-6_MLP,Tc1-Mariner,N/A,2.1.1.1,"2,2.1,2.1.1,2.1.1.1"
Copia-129_CCri-LTR,Bel-Pao,N/A,1.1.3,"1,1.1,1.1.3"
Sagan-9_TMe,Tc1-Mariner,N/A,2.1.1.1,"2,2.1,2.1.1,2.1.1.1"
Sake2_BM,SubclassI,N/A,2.1,"2,2.1"
SART-1_APi,R2,N/A,1.4.1,"1,1.4,1.4.1"
SART-1_PHu,R2,N/A,1.4.1,"1,1.4,1.4.1"
SART-4_APi,R2,N/A,1.4.1,"1,1.4,1.4.1"
SART-7_APi,Tc1-Mariner,N/A,2.1.1.1,"2,2.1,2.1.1,2.1.1.1"
SARTBm3,I,N/A,1.4.5,"1,1.4,1.4.5"
SARTTc4,R2,N/A,1.4.1,"1,1.4,1.4.1"
Sat-1_LVa,SubclassI,N/A,2.1,"2,2.1"
SAT-3_NV,DIRS,N/A,1.2,"1,1.2"
ATCOPIA52LTR,Copia,N/A,1.1.1,"1,1.1,1.1.1"
Copia-12_ADe-I,Copia,N/A,1.1.1,"1,1.1,1.1.1"
SC-10_I,Copia,N/A,1.1.1,"1,1.1,1.1.1"
SC-3_LTR,Copia,N/A,1.1.1,"1,1.1,1.1.1"
SC-6_LTR,I,N/A,1.4.5,"1,1.4,1.4.5"
SC-9_I,Copia,N/A,1.1.1,"1,1.1,1.1.1"
SENKUSHA1,PIF-Harbinger,N/A,2.1.1.8,"2,2.1,2.1.1,2.1.1.8"
Sepioth-SINE1,tRNA,N/A,1.5.1,"1,1.5,1.5.1"
SETARIA2,Mutator,N/A,2.1.1.3,"2,2.1,2.1.1,2.1.1.3"
SFV1-10_AMi-LTR,gypsy,N/A,1.1.2,"1,1.1,1.1.2"
SFV1-11B_Gav-I,gypsy,N/A,1.1.2,"1,1.1,1.1.2"
SFV1-11_Crp-LTR,gypsy,N/A,1.1.2,"1,1.1,1.1.2"
Copia-12_ATr-LTR,Copia,N/A,1.1.1,"1,1.1,1.1.1"
SFV1-12C_AMi-I,R2,N/A,1.4.1,"1,1.4,1.4.1"
SFV1-12_AMi-LTR,gypsy,N/A,1.1.2,"1,1.1,1.1.2"
SFV1-13_AMi-I,DIRS,N/A,1.2,"1,1.2"
SFV1-14B_Crp-I,gypsy,N/A,1.1.2,"1,1.1,1.1.2"
SFV1-14_Gav-LTR,gypsy,N/A,1.1.2,"1,1.1,1.1.2"
SFV1-15_Crp-I,gypsy,N/A,1.1.2,"1,1.1,1.1.2"
SFV1-16_AMi-LTR,gypsy,N/A,1.1.2,"1,1.1,1.1.2"
SFV1-17_AMi-I,gypsy,N/A,1.1.2,"1,1.1,1.1.2"
SFV1-18_AMi-I,gypsy,N/A,1.1.2,"1,1.1,1.1.2"
SFV1-19_Crp-LTR,gypsy,N/A,1.1.2,"1,1.1,1.1.2"
Copia-12_BRa-I,Copia,N/A,1.1.1,"1,1.1,1.1.1"
SFV1-1_AMi-LTR,gypsy,N/A,1.1.2,"1,1.1,1.1.2"
SFV1-20B_Crp-LTR,gypsy,N/A,1.1.2,"1,1.1,1.1.2"
SFV1-20_Gav-LTR,gypsy,N/A,1.1.2,"1,1.1,1.1.2"
SFV1-23B_Gav-LTR,gypsy,N/A,1.1.2,"1,1.1,1.1.2"
SFV1-25B_Gav-I,gypsy,N/A,1.1.2,"1,1.1,1.1.2"
SFV1-27_Gav-I,DIRS,N/A,1.2,"1,1.2"
SFV1-2_Crp-I,gypsy,N/A,1.1.2,"1,1.1,1.1.2"
SFV1-3_AMi-I,gypsy,N/A,1.1.2,"1,1.1,1.1.2"
SFV1-3_Gav-LTR,gypsy,N/A,1.1.2,"1,1.1,1.1.2"
SFV1-4_Gav-I,gypsy,N/A,1.1.2,"1,1.1,1.1.2"
Copia-12_CP-LTR,SubclassI,N/A,2.1,"2,2.1"
SFV1-5C_AMi-I,Bel-Pao,N/A,1.1.3,"1,1.1,1.1.3"
SFV1-5_ASi-LTR,Bel-Pao,N/A,1.1.3,"1,1.1,1.1.3"
SFV1-6B_Crp-LTR,gypsy,N/A,1.1.2,"1,1.1,1.1.2"
SFV1-6_Gav-I,L1,N/A,1.4.4,"1,1.4,1.4.4"
SFV1-7_AMi-I,gypsy,N/A,1.1.2,"1,1.1,1.1.2"
SFV1-8_AMi-I,gypsy,N/A,1.1.2,"1,1.1,1.1.2"
SFV1-8_Gav-LTR,gypsy,N/A,1.1.2,"1,1.1,1.1.2"
SHACOP11_I_MT,Copia,N/A,1.1.1,"1,1.1,1.1.1"
SHACOP14_LTR_MT__2,Copia,N/A,1.1.1,"1,1.1,1.1.1"
SHACOP17_I_MT,Copia,N/A,1.1.1,"1,1.1,1.1.1"
Copia-12_DR-LTR,Copia,N/A,1.1.1,"1,1.1,1.1.1"
SHACOP20_I_MT,Copia,N/A,1.1.1,"1,1.1,1.1.1"
SHACOP2_I_MT__2,Copia,N/A,1.1.1,"1,1.1,1.1.1"
SHACOP6_I_MT,Copia,N/A,1.1.1,"1,1.1,1.1.1"
SHACOP8_LTR_MT__2,Copia,N/A,1.1.1,"1,1.1,1.1.1"
SHAGY_I_MT,gypsy,N/A,1.1.2,"1,1.1,1.1.2"
SHALINE14_MT,L1,N/A,1.4.4,"1,1.4,1.4.4"
SHALINE20_MT,L1,N/A,1.4.4,"1,1.4,1.4.4"
SHALINE6_MT,L1,N/A,1.4.4,"1,1.4,1.4.4"
SHAMUDRA2_MT__2,SubclassI,N/A,2.1,"2,2.1"
SHAMU_MT,Mutator,N/A,2.1.1.3,"2,2.1,2.1.1,2.1.1.3"
Copia-12_FV-I,Copia,N/A,1.1.1,"1,1.1,1.1.1"
Shinagawa-10_AAe,SubclassI,N/A,2.1,"2,2.1"
Shinagawa-2_CQ,SubclassI,N/A,2.1,"2,2.1"
Shinagawa-7_AAe,SubclassI,N/A,2.1,"2,2.1"
Silava_PTa-5LTR,SINE,N/A,1.5,"1,1.5"
SIMPLEHAT2_ALy,SubclassI,N/A,2.1,"2,2.1"
SINE-1_ECa,SINE,N/A,1.5,"1,1.5"
SINE-1_Pmo,5S,N/A,1.5.3,"1,1.5,1.5.3"
SINE-2_Mad,tRNA,N/A,1.5.1,"1,1.5,1.5.1"
SINE-3_Mad,tRNA,N/A,1.5.1,"1,1.5,1.5.1"
SINE-5_FV,SINE,N/A,1.5,"1,1.5"
Copia-12_JC-LTR,Copia,N/A,1.1.1,"1,1.1,1.1.1"
SINE03_OS,SubclassI,N/A,2.1,"2,2.1"
SINE1b1_Cis,SINE,N/A,1.5,"1,1.5"
SINE1OS,SINE,N/A,1.5,"1,1.5"
SINE1_SO,Tc1-Mariner,N/A,2.1.1.1,"2,2.1,2.1.1,2.1.1.1"
SINE2-1B_ACar,tRNA,N/A,1.5.1,"1,1.5,1.5.1"
SINE2-1_AFC,tRNA,N/A,1.5.1,"1,1.5,1.5.1"
SINE2-1_BT,tRNA,N/A,1.5.1,"1,1.5,1.5.1"
SINE2-1_DR,tRNA,N/A,1.5.1,"1,1.5,1.5.1"
SINE2-1_HM,tRNA,N/A,1.5.1,"1,1.5,1.5.1"
SINE2-1_NV,tRNA,N/A,1.5.1,"1,1.5,1.5.1"
Copia-12_LU-I,Copia,N/A,1.1.1,"1,1.1,1.1.1"
SINE2-1_SBi,tRNA,N/A,1.5.1,"1,1.5,1.5.1"
SINE2-1_VC,tRNA,N/A,1.5.1,"1,1.5,1.5.1"
SINE2-2D_SSa,SubclassI,N/A,2.1,"2,2.1"
SINE2-2_CQ,tRNA,N/A,1.5.1,"1,1.5,1.5.1"
SINE2-2_NV,tRNA,N/A,1.5.1,"1,1.5,1.5.1"
SINE2-3_BT,tRNA,N/A,1.5.1,"1,1.5,1.5.1"
SINE2-3_NV,tRNA,N/A,1.5.1,"1,1.5,1.5.1"
SINE2-4b_SP,tRNA,N/A,1.5.1,"1,1.5,1.5.1"
SINE2-4_PM,tRNA,N/A,1.5.1,"1,1.5,1.5.1"
SINE2-5_SSa,tRNA,N/A,1.5.1,"1,1.5,1.5.1"
Copia-12_MLP-LTR,gypsy,N/A,1.1.2,"1,1.1,1.1.2"
SINE2AFC,SubclassI,N/A,2.1,"2,2.1"
SINE3-1_AO,PIF-Harbinger,N/A,2.1.1.8,"2,2.1,2.1.1,2.1.1.8"
SINE6_OS,tRNA,N/A,1.5.1,"1,1.5,1.5.1"
SINEC1A_CF,tRNA,N/A,1.5.1,"1,1.5,1.5.1"
SINEC1C2_CF,tRNA,N/A,1.5.1,"1,1.5,1.5.1"
SINEC2A2_CF,tRNA,N/A,1.5.1,"1,1.5,1.5.1"
SINEC_Fc3,tRNA,N/A,1.5.1,"1,1.5,1.5.1"
SINEU-1C_Croc,SINE,N/A,1.5,"1,1.5"
SINEU-1G_Croc,SINE,N/A,1.5,"1,1.5"
SINEU-2_Gav,SubclassI,N/A,2.1,"2,2.1"
Copia-12_PIT-I,Copia,N/A,1.1.1,"1,1.1,1.1.1"
SINEX-1_CR,SINE,N/A,1.5,"1,1.5"
SINEX-5_CR,tRNA,N/A,1.5.1,"1,1.5,1.5.1"
SINE_FR1A,tRNA,N/A,1.5.1,"1,1.5,1.5.1"
SINE_RR,SINE,N/A,1.5,"1,1.5"
SIRE1_INT,Copia,N/A,1.1.1,"1,1.1,1.1.1"
SKIPPER_I,LTR,N/A,1.1,"1,1.1"
Slatif16,Tc1-Mariner,N/A,2.1.1.1,"2,2.1,2.1.1,2.1.1.1"
SlmII,tRNA,N/A,1.5.1,"1,1.5,1.5.1"
Sm1,Copia,N/A,1.1.1,"1,1.1,1.1.1"
SMAR11,Tc1-Mariner,N/A,2.1.1.1,"2,2.1,2.1.1,2.1.1.1"
ATCOPIA54_I,Copia,N/A,1.1.1,"1,1.1,1.1.1"
Copia-12_Pru-LTR,Copia,N/A,1.1.1,"1,1.1,1.1.1"
SMAR16,Transib,N/A,2.1.1.5,"2,2.1,2.1.1,2.1.1.5"
SMAR20,Tc1-Mariner,N/A,2.1.1.1,"2,2.1,2.1.1,2.1.1.1"
SMAR25,Tc1-Mariner,N/A,2.1.1.1,"2,2.1,2.1.1,2.1.1.1"
SMAR29,Tc1-Mariner,N/A,2.1.1.1,"2,2.1,2.1.1,2.1.1.1"
SMAR33,Tc1-Mariner,N/A,2.1.1.1,"2,2.1,2.1.1,2.1.1.1"
SMAR8,Tc1-Mariner,N/A,2.1.1.1,"2,2.1,2.1.1,2.1.1.1"
SMARN2B,SubclassI,N/A,2.1,"2,2.1"
SNAP-OL3,SubclassI,N/A,2.1,"2,2.1"
Sola1-1N_SMo,SubclassI,N/A,2.1,"2,2.1"
Sola1-1_BM,SubclassI,N/A,2.1,"2,2.1"
Copia-12_PTrit-I,DIRS,N/A,1.2,"1,1.2"
Sola1-1_DPu,SubclassI,N/A,2.1,"2,2.1"
Sola1-1_LMi,SubclassI,N/A,2.1,"2,2.1"
Sola1-1_PR,Tc1-Mariner,N/A,2.1.1.1,"2,2.1,2.1.1,2.1.1.1"
Sola1-2D_CCri,SubclassI,N/A,2.1,"2,2.1"
Sola1-2_AP,SubclassI,N/A,2.1,"2,2.1"
Sola1-2_PI,PiggyBac,N/A,2.1.1.7,"2,2.1,2.1.1,2.1.1.7"
Sola1-3_CCri,SubclassI,N/A,2.1,"2,2.1"
Sola1-3_PI,Tc1-Mariner,N/A,2.1.1.1,"2,2.1,2.1.1,2.1.1.1"
Sola1-4_LG,SubclassI,N/A,2.1,"2,2.1"
Sola1-5_CGi,SubclassI,N/A,2.1,"2,2.1"
Copia-12_RC-LTR,SubclassI,N/A,2.1,"2,2.1"
Sola1-6_AP,SubclassI,N/A,2.1,"2,2.1"
Sola1-8_AP,SubclassI,N/A,2.1,"2,2.1"
Sola1-N1B_CQ,SubclassI,N/A,2.1,"2,2.1"
Sola1-N2_AAe,SubclassI,N/A,2.1,"2,2.1"
Sola1-N6_AAe,SubclassI,N/A,2.1,"2,2.1"
Sola1-N9_AAe,SubclassI,N/A,2.1,"2,2.1"
Sola2-13_LMi,SubclassI,N/A,2.1,"2,2.1"
Sola2-1_DPu,hAT,N/A,2.1.1.2,"2,2.1,2.1.1,2.1.1.2"
Sola2-1_LG,SubclassI,N/A,2.1,"2,2.1"
Sola2-1_SIn,SubclassI,N/A,2.1,"2,2.1"
Copia-12_SSa-I,hAT,N/A,2.1.1.2,"2,2.1,2.1.1,2.1.1.2"
Sola2-2_CTe,hAT,N/A,2.1.1.2,"2,2.1,2.1.1,2.1.1.2"
Sola2-2_NVi,SubclassI,N/A,2.1,"2,2.1"
Sola2-3_AAe,SubclassI,N/A,2.1,"2,2.1"
Sola2-3_SP,SubclassI,N/A,2.1,"2,2.1"
Sola2-5_AAe,SubclassI,N/A,2.1,"2,2.1"
Sola2-6_LMi,SubclassI,N/A,2.1,"2,2.1"
Sola2-N1_AAe,SubclassI,N/A,2.1,"2,2.1"
Sola2-N2_AAe,SubclassI,N/A,2.1,"2,2.1"
Sola3-1N1_AA,SubclassI,N/A,2.1,"2,2.1"
Sola3-1_CB,SubclassI,N/A,2.1,"2,2.1"
Copia-12_TC-LTR,Copia,N/A,1.1.1,"1,1.1,1.1.1"
Sola3-1_EmiHux,SubclassI,N/A,2.1,"2,2.1"
Sola3-2N1_CB,SubclassI,N/A,2.1,"2,2.1"
Sola3-2_NV,SubclassI,N/A,2.1,"2,2.1"
Sola3-3_PS,SubclassI,N/A,2.1,"2,2.1"
SONATA3__2,SubclassI,N/A,2.1,"2,2.1"
SORHA1,Tc1-Mariner,N/A,2.1.1.1,"2,2.1,2.1.1,2.1.1.1"
SPIN_NA_1_Et,hAT,N/A,2.1.1.2,"2,2.1,2.1.1,2.1.1.2"
SPIN_NA_6_Et,hAT,N/A,2.1.1.2,"2,2.1,2.1.1,2.1.1.2"
SPRT1_IB_I,gypsy,N/A,1.1.2,"1,1.1,1.1.2"
SR2A,SINE,N/A,1.5,"1,1.5"
Copia-130_CCri-I,Copia,N/A,1.1.1,"1,1.1,1.1.1"
STALKER2_I,gypsy,N/A,1.1.2,"1,1.1,1.1.2"
Steamer-I,gypsy,N/A,1.1.2,"1,1.1,1.1.2"
STONE,SubclassI,N/A,2.1,"2,2.1"
STOWAWAY11_SB,SubclassI,N/A,2.1,"2,2.1"
STOWAWAY13_SB,SubclassI,N/A,2.1,"2,2.1"
STOWAWAY15_SB,SubclassI,N/A,2.1,"2,2.1"
STOWAWAY18_OS,SubclassI,N/A,2.1,"2,2.1"
STOWAWAY1_OS,SubclassI,N/A,2.1,"2,2.1"
STOWAWAY21_OS,SubclassI,N/A,2.1,"2,2.1"
STOWAWAY24_OS,SubclassI,N/A,2.1,"2,2.1"
Copia-131_AA-LTR,tRNA,N/A,1.5.1,"1,1.5,1.5.1"
STOWAWAY26_SB,SubclassI,N/A,2.1,"2,2.1"
STOWAWAY2_OS,SubclassI,N/A,2.1,"2,2.1"
STOWAWAY30_OS,SubclassI,N/A,2.1,"2,2.1"
STOWAWAY36_OS,SubclassI,N/A,2.1,"2,2.1"
STOWAWAY43_OS,SubclassI,N/A,2.1,"2,2.1"
STOWAWAY48_OS,SubclassI,N/A,2.1,"2,2.1"
STOWAWAY8_OS,SubclassI,N/A,2.1,"2,2.1"
STRID3,tRNA,N/A,1.5.1,"1,1.5,1.5.1"
STRIDM,tRNA,N/A,1.5.1,"1,1.5,1.5.1"
SUKKULA3_TM_LTR,gypsy,N/A,1.1.2,"1,1.1,1.1.2"
Copia-132_AA-I,Copia,N/A,1.1.1,"1,1.1,1.1.1"
SUSHII,DIRS,N/A,1.2,"1,1.2"
SUSU,PIF-Harbinger,N/A,2.1.1.8,"2,2.1,2.1.1,2.1.1.8"
SVA_D,SINE,N/A,1.5,"1,1.5"
SZ-10LTR,LTR,N/A,1.1,"1,1.1"
SZ-14LTR,Copia,N/A,1.1.1,"1,1.1,1.1.1"
SZ-20LTR,gypsy,N/A,1.1.2,"1,1.1,1.1.2"
SZ-24LTR,tRNA,N/A,1.5.1,"1,1.5,1.5.1"
SZ-28LTR,tRNA,N/A,1.5.1,"1,1.5,1.5.1"
SZ-32LTR,gypsy,N/A,1.1.2,"1,1.1,1.1.2"
SZ-37_LTR,Copia,N/A,1.1.1,"1,1.1,1.1.1"
Copia-132_SB-LTR,Copia,N/A,1.1.1,"1,1.1,1.1.1"
SZ-42LTR,gypsy,N/A,1.1.2,"1,1.1,1.1.2"
SZ-47LTR,LTR,N/A,1.1,"1,1.1"
SZ-50_I,gypsy,N/A,1.1.2,"1,1.1,1.1.2"
SZ-53_I,gypsy,N/A,1.1.2,"1,1.1,1.1.2"
SZ-54B_LTR,gypsy,N/A,1.1.2,"1,1.1,1.1.2"
SZ-54_I,gypsy,N/A,1.1.2,"1,1.1,1.1.2"
SZ-56A_LTR,gypsy,N/A,1.1.2,"1,1.1,1.1.2"
SZ-58LTR,SubclassI,N/A,2.1,"2,2.1"
SZ-60,LTR,N/A,1.1,"1,1.1"
SZ-64B_I,L1,N/A,1.4.4,"1,1.4,1.4.4"
Copia-133_SB-I,Copia,N/A,1.1.1,"1,1.1,1.1.1"
SZ-66LTR,LTR,N/A,1.1,"1,1.1"
SZ-7A_LTR,gypsy,N/A,1.1.2,"1,1.1,1.1.2"
SZ-9LTR,gypsy,N/A,1.1.2,"1,1.1,1.1.2"
T2,tRNA,N/A,1.5.1,"1,1.5,1.5.1"
TA1-2_I,Copia,N/A,1.1.1,"1,1.1,1.1.1"
TABARE__2,gypsy,N/A,1.1.2,"1,1.1,1.1.2"
Tad1,gypsy,N/A,1.1.2,"1,1.1,1.1.2"
Tad1-13B_BG,RTE,N/A,1.4.2,"1,1.4,1.4.2"
Tad1-15_BG,Bel-Pao,N/A,1.1.3,"1,1.1,1.1.3"
Tad1-19_BG,gypsy,N/A,1.1.2,"1,1.1,1.1.2"
ATCOPIA57LTR,Copia,N/A,1.1.1,"1,1.1,1.1.1"
Copia-134_CCri-LTR,Copia,N/A,1.1.1,"1,1.1,1.1.1"
Tad1-1_NC,gypsy,N/A,1.1.2,"1,1.1,1.1.2"
Tad1-1_RGl,Copia,N/A,1.1.1,"1,1.1,1.1.1"
Tad1-23_BG,gypsy,N/A,1.1.2,"1,1.1,1.1.2"
Tad1-26B_BG,L1,N/A,1.4.4,"1,1.4,1.4.4"
Tad1-28_BG,Bel-Pao,N/A,1.1.3,"1,1.1,1.1.3"
Tad1-2_TMe,L1,N/A,1.4.4,"1,1.4,1.4.4"
Tad1-32_BG,gypsy,N/A,1.1.2,"1,1.1,1.1.2"
Tad1-36_BG,RTE,N/A,1.4.2,"1,1.4,1.4.2"
Tad1-3_BG,Jockey,N/A,1.4.3,"1,1.4,1.4.3"
Tad1-41B_BG,L1,N/A,1.4.4,"1,1.4,1.4.4"
Copia-135_CCri-I,Copia,N/A,1.1.1,"1,1.1,1.1.1"
Tad1-44_BG,L1,N/A,1.4.4,"1,1.4,1.4.4"
Tad1-4_PTrit,SubclassI,N/A,2.1,"2,2.1"
Tad1-53C_BG,gypsy,N/A,1.1.2,"1,1.1,1.1.2"
Tad1-58_BG,L1,N/A,1.4.4,"1,1.4,1.4.4"
Tad1-5_TMe,L1,N/A,1.4.4,"1,1.4,1.4.4"
Tad1-63C_BG,RTE,N/A,1.4.2,"1,1.4,1.4.2"
Tad1-66B_BG,L1,N/A,1.4.4,"1,1.4,1.4.4"
Tad1-6_BG,Jockey,N/A,1.4.3,"1,1.4,1.4.3"
Tad1-72_BG,Bel-Pao,N/A,1.1.3,"1,1.1,1.1.3"
Tad1-77_BG,L1,N/A,1.4.4,"1,1.4,1.4.4"
Copia-136_AA-LTR,SubclassI,N/A,2.1,"2,2.1"
Tad1-8_PGr,Jockey,N/A,1.4.3,"1,1.4,1.4.3"
TAG1,hAT,N/A,2.1.1.2,"2,2.1,2.1.1,2.1.1.2"
TAL-1,tRNA,N/A,1.5.1,"1,1.5,1.5.1"
TAM11,Tc1-Mariner,N/A,2.1.1.1,"2,2.1,2.1.1,2.1.1.1"
TAR2_TA,LINE,N/A,1.4,"1,1.4"
TAS_I,Bel-Pao,N/A,1.1.3,"1,1.1,1.1.3"
Tc1-10Xt,Tc1-Mariner,N/A,2.1.1.1,"2,2.1,2.1.1,2.1.1.1"
Tc1-15_Xt,Tc1-Mariner,N/A,2.1.1.1,"2,2.1,2.1.1,2.1.1.1"
Tc1-1Neo,Tc1-Mariner,N/A,2.1.1.1,"2,2.1,2.1.1,2.1.1.1"
Tc1-1_AG,Tc1-Mariner,N/A,2.1.1.1,"2,2.1,2.1.1,2.1.1.1"
Copia-137_AA-I,Copia,N/A,1.1.1,"1,1.1,1.1.1"
Tc1-1_OL,Tc1-Mariner,N/A,2.1.1.1,"2,2.1,2.1.1,2.1.1.1"
Tc1-2Eso,Tc1-Mariner,N/A,2.1.1.1,"2,2.1,2.1.1,2.1.1.1"
TC1-2_DM,PiggyBac,N/A,2.1.1.7,"2,2.1,2.1.1,2.1.1.7"
Tc1-2_SSa,Tc1-Mariner,N/A,2.1.1.1,"2,2.1,2.1.1,2.1.1.1"
Tc1-3_SSa,Tc1-Mariner,N/A,2.1.1.1,"2,2.1,2.1.1,2.1.1.1"
Tc1-4_FR,SubclassI,N/A,2.1,"2,2.1"
Tc1-7_Xt,Tc1-Mariner,N/A,2.1.1.1,"2,2.1,2.1.1,2.1.1.1"
Tc1-N1_MD,PiggyBac,N/A,2.1.1.7,"2,2.1,2.1.1,2.1.1.7"
TC1DR1,Tc1-Mariner,N/A,2.1.1.1,"2,2.1,2.1.1,2.1.1.1"
TC1N-1_AG,Mutator,N/A,2.1.1.3,"2,2.1,2.1.1,2.1.1.3"
Copia-137_SB-LTR,Copia,N/A,1.1.1,"1,1.1,1.1.1"
TC1_FR1,Tc1-Mariner,N/A,2.1.1.1,"2,2.1,2.1.1,2.1.1.1"
TC1_HC,Tc1-Mariner,N/A,2.1.1.1,"2,2.1,2.1.1,2.1.1.1"
TC1_XL,Tc1-Mariner,N/A,2.1.1.1,"2,2.1,2.1.1,2.1.1.1"
TC2_FR2,Tc1-Mariner,N/A,2.1.1.1,"2,2.1,2.1.1,2.1.1.1"
TC2_FR5,PiggyBac,N/A,2.1.1.7,"2,2.1,2.1.1,2.1.1.7"
TC5,Tc1-Mariner,N/A,2.1.1.1,"2,2.1,2.1.1,2.1.1.1"
TCA2_I,gypsy,N/A,1.1.2,"1,1.1,1.1.2"
TCB2,Tc1-Mariner,N/A,2.1.1.1,"2,2.1,2.1.1,2.1.1.1"
TCN10-LTR,gypsy,N/A,1.1.2,"1,1.1,1.1.2"
TCN4-I,DIRS,N/A,1.2,"1,1.2"
Copia-138_SB-I,Copia,N/A,1.1.1,"1,1.1,1.1.1"
TCN6-LTR,LINE,N/A,1.4,"1,1.4"
TDD3,L1,N/A,1.4.4,"1,1.4,1.4.4"
TDH5_I,Copia,N/A,1.1.1,"1,1.1,1.1.1"
TDR11,SubclassI,N/A,2.1,"2,2.1"
TDR13C,SubclassI,N/A,2.1,"2,2.1"
TDR17B,SubclassI,N/A,2.1,"2,2.1"
TDR21,SubclassI,N/A,2.1,"2,2.1"
TDR25,SubclassI,N/A,2.1,"2,2.1"
TDR5,CACTA,N/A,2.1.1.9,"2,2.1,2.1.1,2.1.1.9"
TDR8C,Tc1-Mariner,N/A,2.1.1.1,"2,2.1,2.1.1,2.1.1.1"
Copia-139_SB-LTR,Copia,N/A,1.1.1,"1,1.1,1.1.1"
TE-2_CGi,SubclassI,N/A,2.1,"2,2.1"
TE-5_CGi,SubclassI,N/A,2.1,"2,2.1"
TE2c_TP,PIF-Harbinger,N/A,2.1.1.8,"2,2.1,2.1.1,2.1.1.8"
TEC2,Tc1-Mariner,N/A,2.1.1.1,"2,2.1,2.1.1,2.1.1.1"
TELIA,SubclassI,N/A,2.1,"2,2.1"
TEOS1,SubclassI,N/A,2.1,"2,2.1"
TF2_I,DIRS,N/A,1.2,"1,1.2"
TguERV1_I,gypsy,N/A,1.1.2,"1,1.1,1.1.2"
TguERV2_I,gypsy,N/A,1.1.2,"1,1.1,1.1.2"
TguERV2_LTR1d,Bel-Pao,N/A,1.1.3,"1,1.1,1.1.3"
Copia-13_AA-LTR,SubclassI,N/A,2.1,"2,2.1"
TguERV3_LTR2a,gypsy,N/A,1.1.2,"1,1.1,1.1.2"
TguERV4N1_I,gypsy,N/A,1.1.2,"1,1.1,1.1.2"
TguERV4_I,L1,N/A,1.4.4,"1,1.4,1.4.4"
TguERV6_I,gypsy,N/A,1.1.2,"1,1.1,1.1.2"
TguERV7c_LTR,gypsy,N/A,1.1.2,"1,1.1,1.1.2"
TguERV7i_LTR,gypsy,N/A,1.1.2,"1,1.1,1.1.2"
TguERV7_N1_I,DIRS,N/A,1.2,"1,1.2"
TguERVK10a5_LTR,DIRS,N/A,1.2,"1,1.2"
TguERVK10d3_LTR,LTR,N/A,1.1,"1,1.1"
TguERVK1_I,DIRS,N/A,1.2,"1,1.2"
Copia-13_ATr-I,Copia,N/A,1.1.1,"1,1.1,1.1.1"
TguERVK1_LTR5,gypsy,N/A,1.1.2,"1,1.1,1.1.2"
TguERVK2_LTR2,LTR,N/A,1.1,"1,1.1"
TguERVK3a_LTR,gypsy,N/A,1.1.2,"1,1.1,1.1.2"
TguERVK4a_I,DIRS,N/A,1.2,"1,1.2"
TguERVK4_LTR1c,hAT,N/A,2.1.1.2,"2,2.1,2.1.1,2.1.1.2"
TguERVK5_LTR1b,Bel-Pao,N/A,1.1.3,"1,1.1,1.1.3"
TguERVK6c_LTR,SubclassI,N/A,2.1,"2,2.1"
TguERVK7_LTR1c,gypsy,N/A,1.1.2,"1,1.1,1.1.2"
TguERVK7_LTR3,SINE,N/A,1.5,"1,1.5"
TguERVK8_LTR1a,Copia,N/A,1.1.1,"1,1.1,1.1.1"
Copia-13_BG-LTR,Copia,N/A,1.1.1,"1,1.1,1.1.1"
TguERVK8_LTR1f,Copia,N/A,1.1.1,"1,1.1,1.1.1"
TguERVK8_LTR1k,SubclassI,N/A,2.1,"2,2.1"
TguERVK9_LTR1c,Copia,N/A,1.1.1,"1,1.1,1.1.1"
TguERVK9_LTR2c,Copia,N/A,1.1.1,"1,1.1,1.1.1"
TguERVK9_LTR2h,Copia,N/A,1.1.1,"1,1.1,1.1.1"
TguERVL1_I,DIRS,N/A,1.2,"1,1.2"
TguERVL2b1_LTR,L1,N/A,1.4.4,"1,1.4,1.4.4"
TguERVL2_I,gypsy,N/A,1.1.2,"1,1.1,1.1.2"
TguLTR11a,PIF-Harbinger,N/A,2.1.1.8,"2,2.1,2.1.1,2.1.1.8"
TguLTR11f,SINE,N/A,1.5,"1,1.5"
ATCOPIA59_I,Copia,N/A,1.1.1,"1,1.1,1.1.1"
Copia-13_CP-I,Copia,N/A,1.1.1,"1,1.1,1.1.1"
TguLTR11k,SubclassI,N/A,2.1,"2,2.1"
TguLTR13a,gypsy,N/A,1.1.2,"1,1.1,1.1.2"
TguLTR5a,gypsy,N/A,1.1.2,"1,1.1,1.1.2"
TguLTR6a,gypsy,N/A,1.1.2,"1,1.1,1.1.2"
TguLTRK2a,DIRS,N/A,1.2,"1,1.2"
TguLTRK2e,Copia,N/A,1.1.1,"1,1.1,1.1.1"
TguLTRK2i,gypsy,N/A,1.1.2,"1,1.1,1.1.2"
TguLTRK3d,LINE,N/A,1.4,"1,1.4"
TguLTRK4a,L1,N/A,1.4.4,"1,1.4,1.4.4"
TguLTRK5a,gypsy,N/A,1.1.2,"1,1.1,1.1.2"
Copia-13_DPu-LTR,Bel-Pao,N/A,1.1.3,"1,1.1,1.1.3"
TguLTRK6b,Bel-Pao,N/A,1.1.3,"1,1.1,1.1.3"
TguLTRK7d,Copia,N/A,1.1.1,"1,1.1,1.1.1"
TguLTRK7i,Copia,N/A,1.1.1,"1,1.1,1.1.1"
TguLTRK7o,gypsy,N/A,1.1.2,"1,1.1,1.1.2"
TguLTRK7t,SINE,N/A,1.5,"1,1.5"
TguLTRK8t,Copia,N/A,1.1.1,"1,1.1,1.1.1"
TguLTRK9c3,gypsy,N/A,1.1.2,"1,1.1,1.1.2"
TguLTRL1a5,gypsy,N/A,1.1.2,"1,1.1,1.1.2"
TguLTRL2a1,gypsy,N/A,1.1.2,"1,1.1,1.1.2"
TguLTRL2a6,gypsy,N/A,1.1.2,"1,1.1,1.1.2"
Copia-13_EPa-I,Copia,N/A,1.1.1,"1,1.1,1.1.1"
TguLTRL2b3,L1,N/A,1.4.4,"1,1.4,1.4.4"
TguLTRL3a3,Bel-Pao,N/A,1.1.3,"1,1.1,1.1.3"
TguLTRL3c,LINE,N/A,1.4,"1,1.4"
TguLTRL6b,gypsy,N/A,1.1.2,"1,1.1,1.1.2"
THALOS_AT,Tc1-Mariner,N/A,2.1.1.1,"2,2.1,2.1.1,2.1.1.1"
THE1D,tRNA,N/A,1.5.1,"1,1.5,1.5.1"
THER2_MD,tRNA,N/A,1.5.1,"1,1.5,1.5.1"
Tigger12A__2,Tc1-Mariner,N/A,2.1.1.1,"2,2.1,2.1.1,2.1.1.1"
Tigger16a,Tc1-Mariner,N/A,2.1.1.1,"2,2.1,2.1.1,2.1.1.1"
Tigger1C_Crp,Tc1-Mariner,N/A,2.1.1.1,"2,2.1,2.1.1,2.1.1.1"
Copia-13_GM-LTR,Copia,N/A,1.1.1,"1,1.1,1.1.1"
Tigger2f,Tc1-Mariner,N/A,2.1.1.1,"2,2.1,2.1.1,2.1.1.1"
Tigger4a__2,Tc1-Mariner,N/A,2.1.1.1,"2,2.1,2.1.1,2.1.1.1"
TIGGER6A,Tc1-Mariner,N/A,2.1.1.1,"2,2.1,2.1.1,2.1.1.1"
TIGGER8,Tc1-Mariner,N/A,2.1.1.1,"2,2.1,2.1.1,2.1.1.1"
TIGGU1B_FR,SubclassI,N/A,2.1,"2,2.1"
TIR23T5A_CE,SubclassI,N/A,2.1,"2,2.1"
TIR9TA1C_CE,SubclassI,N/A,2.1,"2,2.1"
TKL1_LTR,Copia,N/A,1.1.1,"1,1.1,1.1.1"
TLD1,SubclassI,N/A,2.1,"2,2.1"
TLP3,SubclassI,N/A,2.1,"2,2.1"
Copia-13_LMi-I,Copia,N/A,1.1.1,"1,1.1,1.1.1"
TND1_LTR,Copia,N/A,1.1.1,"1,1.1,1.1.1"
TNR2A,SubclassI,N/A,2.1,"2,2.1"
TNT1_I,Copia,N/A,1.1.1,"1,1.1,1.1.1"
TOL3_OL,Merlin,N/A,2.1.1.4,"2,2.1,2.1.1,2.1.1.4"
TONT1_LE_LTR,Copia,N/A,1.1.1,"1,1.1,1.1.1"
TOPSCOTCH_LP_I,Copia,N/A,1.1.1,"1,1.1,1.1.1"
TOS17LTR,Copia,N/A,1.1.1,"1,1.1,1.1.1"
TOURIST-IX,SubclassI,N/A,2.1,"2,2.1"
Tourist1b_SB,PIF-Harbinger,N/A,2.1.1.8,"2,2.1,2.1.1,2.1.1.8"
Tourist1h_SB,SubclassI,N/A,2.1,"2,2.1"
Copia-13_Mad-LTR__2,Copia,N/A,1.1.1,"1,1.1,1.1.1"
TPN1_IN,CACTA,N/A,2.1.1.9,"2,2.1,2.1.1,2.1.1.9"
TRAM_I,PIF-Harbinger,N/A,2.1.1.8,"2,2.1,2.1.1,2.1.1.8"
Transib-11_HM,Transib,N/A,2.1.1.5,"2,2.1,2.1.1,2.1.1.5"
Transib-16_HM,Transib,N/A,2.1.1.5,"2,2.1,2.1.1,2.1.1.5"
Transib-1_CQ,Transib,N/A,2.1.1.5,"2,2.1,2.1.1,2.1.1.5"
Transib-1_DEu,Transib,N/A,2.1.1.5,"2,2.1,2.1.1,2.1.1.5"
Transib-1_LHu,Transib,N/A,2.1.1.5,"2,2.1,2.1.1,2.1.1.5"
Transib-2_DBi,Transib,N/A,2.1.1.5,"2,2.1,2.1.1,2.1.1.5"
Transib-2_DRh,Transib,N/A,2.1.1.5,"2,2.1,2.1.1,2.1.1.5"
Transib-3_DBi,Transib,N/A,2.1.1.5,"2,2.1,2.1.1,2.1.1.5"
Copia-13_PGr-I,Copia,N/A,1.1.1,"1,1.1,1.1.1"
Transib-3_HM,Transib,N/A,2.1.1.5,"2,2.1,2.1.1,2.1.1.5"
Transib-4_DK,Transib,N/A,2.1.1.5,"2,2.1,2.1.1,2.1.1.5"
Transib-5_DBp,Transib,N/A,2.1.1.5,"2,2.1,2.1.1,2.1.1.5"
Transib-6_DAn,Transib,N/A,2.1.1.5,"2,2.1,2.1.1,2.1.1.5"
Transib-6_HM,Transib,N/A,2.1.1.5,"2,2.1,2.1.1,2.1.1.5"
Transib-7_HM,Transib,N/A,2.1.1.5,"2,2.1,2.1.1,2.1.1.5"
Transib-9_HM,Transib,N/A,2.1.1.5,"2,2.1,2.1.1,2.1.1.5"
Transib-N1_LMi,PiggyBac,N/A,2.1.1.7,"2,2.1,2.1.1,2.1.1.7"
Transib-N4_AAe,PiggyBac,N/A,2.1.1.7,"2,2.1,2.1.1,2.1.1.7"
Transib1_AA,Transib,N/A,2.1.1.5,"2,2.1,2.1.1,2.1.1.5"
Copia-13_PPe-LTR,Copia,N/A,1.1.1,"1,1.1,1.1.1"
Transib1_NVi,Transib,N/A,2.1.1.5,"2,2.1,2.1.1,2.1.1.5"
Transib2_DP,Transib,N/A,2.1.1.5,"2,2.1,2.1.1,2.1.1.5"
Transib4,Transib,N/A,2.1.1.5,"2,2.1,2.1.1,2.1.1.5"
TransibN1_AG,Tc1-Mariner,N/A,2.1.1.1,"2,2.1,2.1.1,2.1.1.1"
TransibN3_DP,Transib,N/A,2.1.1.5,"2,2.1,2.1.1,2.1.1.5"
TRAS-1_HMM,R2,N/A,1.4.1,"1,1.4,1.4.1"
TRAS-4_TUr,Bel-Pao,N/A,1.1.3,"1,1.1,1.1.3"
TRAS1,RTE,N/A,1.4.2,"1,1.4,1.4.2"
TRAS6_BM,RTE,N/A,1.4.2,"1,1.4,1.4.2"
TRE3D,L1,N/A,1.4.4,"1,1.4,1.4.4"
Copia-13_PTrit-I,Copia,N/A,1.1.1,"1,1.1,1.1.1"
TREP20,L1,N/A,1.4.4,"1,1.4,1.4.4"
TREP220,SubclassI,N/A,2.1,"2,2.1"
TREP51,LINE,N/A,1.4,"1,1.4"
TREP57,gypsy,N/A,1.1.2,"1,1.1,1.1.2"
TREP80,PIF-Harbinger,N/A,2.1.1.8,"2,2.1,2.1.1,2.1.1.8"
TrepCopia4-LTR,SubclassI,N/A,2.1,"2,2.1"
TRIM-V31-I,PIF-Harbinger,N/A,2.1.1.8,"2,2.1,2.1.1,2.1.1.8"
Troyka-1-LTR_NV,Copia,N/A,1.1.1,"1,1.1,1.1.1"
TRUNCATOR,gypsy,N/A,1.1.2,"1,1.1,1.1.2"
TSB1B,SubclassI,N/A,2.1,"2,2.1"
Copia-13_RC-LTR,Copia,N/A,1.1.1,"1,1.1,1.1.1"
TSE3_I,DIRS,N/A,1.2,"1,1.2"
tSINE_Fc,tRNA,N/A,1.5.1,"1,1.5,1.5.1"
TSU4-I_SB,gypsy,N/A,1.1.2,"1,1.1,1.1.2"
TTAA13B_AP,SubclassI,N/A,2.1,"2,2.1"
TTAA18B_AP,SubclassI,N/A,2.1,"2,2.1"
TTAA20_AP,SubclassI,N/A,2.1,"2,2.1"
TTAA25_AP,SubclassI,N/A,2.1,"2,2.1"
TTAA28_AP,SubclassI,N/A,2.1,"2,2.1"
TTAA3B_AP,SubclassI,N/A,2.1,"2,2.1"
TTAA4_AP,SubclassI,N/A,2.1,"2,2.1"
ATCOPIA61LTR,Copia,N/A,1.1.1,"1,1.1,1.1.1"
Copia-13_SSa-I,hAT,N/A,2.1.1.2,"2,2.1,2.1.1,2.1.1.2"
TTAA9_AP,SubclassI,N/A,2.1,"2,2.1"
TUB1,tRNA,N/A,1.5.1,"1,1.5,1.5.1"
TUBE1,tRNA,N/A,1.5.1,"1,1.5,1.5.1"
TURMOIL1,SubclassI,N/A,2.1,"2,2.1"
TVF5_VF,SubclassI,N/A,2.1,"2,2.1"
TWIFBIG,hAT,N/A,2.1.1.2,"2,2.1,2.1.1,2.1.1.2"
Tx1-10B_Crp,gypsy,N/A,1.1.2,"1,1.1,1.1.2"
Tx1-10_Crp,gypsy,N/A,1.1.2,"1,1.1,1.1.2"
Tx1-10_SSa,L1,N/A,1.4.4,"1,1.4,1.4.4"
Tx1-11_Crp,L1,N/A,1.4.4,"1,1.4,1.4.4"
Copia-13_TC-LTR,SubclassI,N/A,2.1,"2,2.1"
Tx1-11_SSa,L1,N/A,1.4.4,"1,1.4,1.4.4"
Tx1-12_Crp,RTE,N/A,1.4.2,"1,1.4,1.4.2"
Tx1-12_SSa,L1,N/A,1.4.4,"1,1.4,1.4.4"
Tx1-13_Lch,L1,N/A,1.4.4,"1,1.4,1.4.4"
Tx1-14b_Lch,L1,N/A,1.4.4,"1,1.4,1.4.4"
Tx1-14_LMi,gypsy,N/A,1.1.2,"1,1.1,1.1.2"
Tx1-15_DR,SubclassI,N/A,2.1,"2,2.1"
Tx1-16b_Lch,L1,N/A,1.4.4,"1,1.4,1.4.4"
Tx1-17_DR,PIF-Harbinger,N/A,2.1.1.8,"2,2.1,2.1.1,2.1.1.8"
Tx1-18_SK,SubclassI,N/A,2.1,"2,2.1"
Copia-140_SB-I,Copia,N/A,1.1.1,"1,1.1,1.1.1"
Tx1-1B_CPB,PIF-Harbinger,N/A,2.1.1.8,"2,2.1,2.1.1,2.1.1.8"
Tx1-1_ACar,L1,N/A,1.4.4,"1,1.4,1.4.4"
Tx1-1_CPB,L1,N/A,1.4.4,"1,1.4,1.4.4"
Tx1-1_Gav,PIF-Harbinger,N/A,2.1.1.8,"2,2.1,2.1.1,2.1.1.8"
Tx1-1_PM,gypsy,N/A,1.1.2,"1,1.1,1.1.2"
Tx1-20_SK,L1,N/A,1.4.4,"1,1.4,1.4.4"
Tx1-24_DR,hAT,N/A,2.1.1.2,"2,2.1,2.1.1,2.1.1.2"
Tx1-29_DR,L1,N/A,1.4.4,"1,1.4,1.4.4"
Tx1-2_BF,L1,N/A,1.4.4,"1,1.4,1.4.4"
Tx1-2_DR,SubclassI,N/A,2.1,"2,2.1"
Copia-141_SB-LTR,Copia,N/A,1.1.1,"1,1.1,1.1.1"
Tx1-2_SK,L1,N/A,1.4.4,"1,1.4,1.4.4"
Tx1-31_DR,SubclassI,N/A,2.1,"2,2.1"
Tx1-36_DR,Tc1-Mariner,N/A,2.1.1.1,"2,2.1,2.1.1,2.1.1.1"
Tx1-3_AMi,DIRS,N/A,1.2,"1,1.2"
Tx1-3_CQ,L1,N/A,1.4.4,"1,1.4,1.4.4"
Tx1-3_PM,L1,N/A,1.4.4,"1,1.4,1.4.4"
Tx1-40_DR,SubclassI,N/A,2.1,"2,2.1"
Tx1-45_DR,L1,N/A,1.4.4,"1,1.4,1.4.4"
Tx1-4B_Crp,L1,N/A,1.4.4,"1,1.4,1.4.4"
Tx1-4_CQ,gypsy,N/A,1.1.2,"1,1.1,1.1.2"
Copia-143_CCri-I,Copia,N/A,1.1.1,"1,1.1,1.1.1"
Tx1-4_PM,L1,N/A,1.4.4,"1,1.4,1.4.4"
Tx1-5_AAe,R2,N/A,1.4.1,"1,1.4,1.4.1"
Tx1-5_Crp,DIRS,N/A,1.2,"1,1.2"
Tx1-5_PM,DIRS,N/A,1.2,"1,1.2"
Tx1-6_AAe,gypsy,N/A,1.1.2,"1,1.1,1.1.2"
Tx1-6_Crp,PIF-Harbinger,N/A,2.1.1.8,"2,2.1,2.1.1,2.1.1.8"
Tx1-6_SPur,DIRS,N/A,1.2,"1,1.2"
Tx1-7_CQ,DIRS,N/A,1.2,"1,1.2"
Tx1-7_SK,DIRS,N/A,1.2,"1,1.2"
Tx1-8_CQ,gypsy,N/A,1.1.2,"1,1.1,1.1.2"
Copia-144_CCri-LTR,Copia,N/A,1.1.1,"1,1.1,1.1.1"
Tx1-8_SK,SubclassI,N/A,2.1,"2,2.1"
Tx1-9_CQ,L1,N/A,1.4.4,"1,1.4,1.4.4"
Tx1-N1_CQ,Tc1-Mariner,N/A,2.1.1.1,"2,2.1,2.1.1,2.1.1.1"
TX1_FR1,L1,N/A,1.4.4,"1,1.4,1.4.4"
Tx_mos,Tc1-Mariner,N/A,2.1.1.1,"2,2.1,2.1.1,2.1.1.1"
TY1_PE,Copia,N/A,1.1.1,"1,1.1,1.1.1"
TY3-1p_LTR,Bel-Pao,N/A,1.1.3,"1,1.1,1.1.3"
TYPEM,SubclassI,N/A,2.1,"2,2.1"
TYPEU4,SubclassI,N/A,2.1,"2,2.1"
U2,hAT,N/A,2.1.1.2,"2,2.1,2.1.1,2.1.1.2"
Copia-147_CCri-I,Copia,N/A,1.1.1,"1,1.1,1.1.1"
UB7_XL,SubclassI,N/A,2.1,"2,2.1"
UCON132a,SubclassI,N/A,2.1,"2,2.1"
UCON3,tRNA,N/A,1.5.1,"1,1.5,1.5.1"
UCON52,SubclassI,N/A,2.1,"2,2.1"
UCON79__2,SubclassI,N/A,2.1,"2,2.1"
UHG,SubclassI,N/A,2.1,"2,2.1"
ULTR-1-LTR_NVi,gypsy,N/A,1.1.2,"1,1.1,1.1.2"
UnaSINE2,tRNA,N/A,1.5.1,"1,1.5,1.5.1"
URR1_Xt,hAT,N/A,2.1.1.2,"2,2.1,2.1.1,2.1.1.2"
UVIR_DV,Jockey,N/A,1.4.3,"1,1.4,1.4.3"
Copia-149_CCri-LTR,Copia,N/A,1.1.1,"1,1.1,1.1.1"
VANDAL10,Mutator,N/A,2.1.1.3,"2,2.1,2.1.1,2.1.1.3"
VANDAL15,PIF-Harbinger,N/A,2.1.1.8,"2,2.1,2.1.1,2.1.1.8"
VANDAL18NB,Mutator,N/A,2.1.1.3,"2,2.1,2.1.1,2.1.1.3"
VANDAL22,Mutator,N/A,2.1.1.3,"2,2.1,2.1.1,2.1.1.3"
VANDAL5A,Mutator,N/A,2.1.1.3,"2,2.1,2.1.1,2.1.1.3"
VANDALNX1,Mutator,N/A,2.1.1.3,"2,2.1,2.1.1,2.1.1.3"
Ves2B_ML,tRNA,N/A,1.5.1,"1,1.5,1.5.1"
VHARB-N2_VV__2,CACTA,N/A,2.1.1.9,"2,2.1,2.1.1,2.1.1.9"
VIHAT2__2,hAT,N/A,2.1.1.2,"2,2.1,2.1.1,2.1.1.2"
Vingi-10_LMi,Tc1-Mariner,N/A,2.1.1.1,"2,2.1,2.1.1,2.1.1.1"
Copia-14_ATr-LTR,Copia,N/A,1.1.1,"1,1.1,1.1.1"
Vingi-13_LMi,Jockey,N/A,1.4.3,"1,1.4,1.4.3"
Vingi-18_LMi,Jockey,N/A,1.4.3,"1,1.4,1.4.3"
Vingi-1N1_BM,SubclassI,N/A,2.1,"2,2.1"
Vingi-1N5_EE,gypsy,N/A,1.1.2,"1,1.1,1.1.2"
Vingi-1_AAl,I,N/A,1.4.5,"1,1.4,1.4.5"
Vingi-1_BM,Jockey,N/A,1.4.3,"1,1.4,1.4.3"
Vingi-1_EE,I,N/A,1.4.5,"1,1.4,1.4.5"
Vingi-1_Lme,RTE,N/A,1.4.2,"1,1.4,1.4.2"
Vingi-1_Tcas,CACTA,N/A,2.1.1.9,"2,2.1,2.1.1,2.1.1.9"
Vingi-24_LMi,Jockey,N/A,1.4.3,"1,1.4,1.4.3"
Copia-14_BRa-I,Copia,N/A,1.1.1,"1,1.1,1.1.1"
Vingi-29_LMi,RTE,N/A,1.4.2,"1,1.4,1.4.2"
Vingi-2_CPB,RTE,N/A,1.4.2,"1,1.4,1.4.2"
Vingi-2_LMi,RTE,N/A,1.4.2,"1,1.4,1.4.2"
Vingi-32_LMi,RTE,N/A,1.4.2,"1,1.4,1.4.2"
Vingi-38_LMi,RTE,N/A,1.4.2,"1,1.4,1.4.2"
Vingi-3_Crp,L1,N/A,1.4.4,"1,1.4,1.4.4"
Vingi-3_PM,RTE,N/A,1.4.2,"1,1.4,1.4.2"
Vingi-43_LMi,RTE,N/A,1.4.2,"1,1.4,1.4.2"
Vingi-48_LMi,RTE,N/A,1.4.2,"1,1.4,1.4.2"
Vingi-4_HR,I,N/A,1.4.5,"1,1.4,1.4.5"
ATCOPIA63_I,Copia,N/A,1.1.1,"1,1.1,1.1.1"
Copia-14_CP-LTR,SubclassI,N/A,2.1,"2,2.1"
Vingi-5_AMi,RTE,N/A,1.4.2,"1,1.4,1.4.2"
Vingi-6_AMi,RTE,N/A,1.4.2,"1,1.4,1.4.2"
Vingi-7_AMi,Jockey,N/A,1.4.3,"1,1.4,1.4.3"
Vingi-8_AMi,L1,N/A,1.4.4,"1,1.4,1.4.4"
Vingi-9_AMi,RTE,N/A,1.4.2,"1,1.4,1.4.2"
VINSINE,tRNA,N/A,1.5.1,"1,1.5,1.5.1"
VLINE3_VV,L1,N/A,1.4.4,"1,1.4,1.4.4"
VLINE8_VV,L1,N/A,1.4.4,"1,1.4,1.4.4"
Waldo-2_AAe,Bel-Pao,N/A,1.1.3,"1,1.1,1.1.3"
Waldo1_AG,gypsy,N/A,1.1.2,"1,1.1,1.1.2"
Copia-14_DR-I,Copia,N/A,1.1.1,"1,1.1,1.1.1"
WALLSI2,tRNA,N/A,1.5.1,"1,1.5,1.5.1"
WHAM1_TM_LTR,gypsy,N/A,1.1.2,"1,1.1,1.1.2"
WHLN1_TA,LINE,N/A,1.4,"1,1.4"
WIS2_TM_I,Copia,N/A,1.1.1,"1,1.1,1.1.1"
WRETRO,gypsy,N/A,1.1.2,"1,1.1,1.1.2"
WUKONG,SubclassI,N/A,2.1,"2,2.1"
X11_DNA,SubclassI,N/A,2.1,"2,2.1"
X13_LINE__2,SubclassI,N/A,2.1,"2,2.1"
X18_LINE__2,SubclassI,N/A,2.1,"2,2.1"
X20_DNA__2,SubclassI,N/A,2.1,"2,2.1"
Copia-14_EPa-LTR,Copia,N/A,1.1.1,"1,1.1,1.1.1"
X23_DNA__3,SubclassI,N/A,2.1,"2,2.1"
X27_DNA__3,Copia,N/A,1.1.1,"1,1.1,1.1.1"
X2b_DNA__2,SubclassI,N/A,2.1,"2,2.1"
X31_DNA_Crp,SubclassI,N/A,2.1,"2,2.1"
X3_LR,SubclassI,N/A,2.1,"2,2.1"
X5a_DNA__2,SubclassI,N/A,2.1,"2,2.1"
X6A_LINE,SubclassI,N/A,2.1,"2,2.1"
X7C_LINE,SubclassI,N/A,2.1,"2,2.1"
X9b_DNA,SubclassI,N/A,2.1,"2,2.1"
XEN1_LTR,RTE,N/A,1.4.2,"1,1.4,1.4.2"
Copia-14_JC-I,Copia,N/A,1.1.1,"1,1.1,1.1.1"
XILON1_ZM_LTR,LINE,N/A,1.4,"1,1.4"
XL1723R,SubclassI,N/A,2.1,"2,2.1"
XR-b_Xt,SubclassI,N/A,2.1,"2,2.1"
YETI-LTR_PA,gypsy,N/A,1.1.2,"1,1.1,1.1.2"
YOUREN,PIF-Harbinger,N/A,2.1.1.8,"2,2.1,2.1.1,2.1.1.8"
ZAM_I,I,N/A,1.4.5,"1,1.4,1.4.5"
Zator-1N1_LCh,SubclassI,N/A,2.1,"2,2.1"
Zator-1_CGi,SubclassI,N/A,2.1,"2,2.1"
Zator-1_HRo,SubclassI,N/A,2.1,"2,2.1"
Zator-2_AA,SubclassI,N/A,2.1,"2,2.1"
Copia-14_LMi-LTR,Copia,N/A,1.1.1,"1,1.1,1.1.1"
Zator-3N1_CGi,SubclassI,N/A,2.1,"2,2.1"
Zator-3_AAe,SubclassI,N/A,2.1,"2,2.1"
Zator-N1C_CQ,SubclassI,N/A,2.1,"2,2.1"
Zator-N2_CGi,Merlin,N/A,2.1.1.4,"2,2.1,2.1.1,2.1.1.4"
Zenon-2_Hmel,R2,N/A,1.4.1,"1,1.4,1.4.1"
ZEON2_ZM_I,DIRS,N/A,1.2,"1,1.2"
ZFERV-2N1-I_DR,L1,N/A,1.4.4,"1,1.4,1.4.4"
ZhAT-N15_ZM,SubclassI,N/A,2.1,"2,2.1"
ZhAT2_ZM,hAT,N/A,2.1.1.2,"2,2.1,2.1.1,2.1.1.2"
ZhAT8_ZM,hAT,N/A,2.1.1.2,"2,2.1,2.1.1,2.1.1.2"
Copia-14_MLP-I,Copia,N/A,1.1.1,"1,1.1,1.1.1"
Zisupton-1_DR,SubclassI,N/A,2.1,"2,2.1"
Zisupton-N1_DR,SubclassI,N/A,2.1,"2,2.1"
ZM13-2_OS,SubclassI,N/A,2.1,"2,2.1"
ZMCOPIA3_I,LTR,N/A,1.1,"1,1.1"
ZOMBI_B__3,SubclassI,N/A,2.1,"2,2.1"
Copia-14_PGr-LTR,Copia,N/A,1.1.1,"1,1.1,1.1.1"
Copia-14_PSo-I,Copia,N/A,1.1.1,"1,1.1,1.1.1"
Copia-14_PTrit-LTR,SubclassI,N/A,2.1,"2,2.1"
Copia-14_SB-I,Copia,N/A,1.1.1,"1,1.1,1.1.1"
ATCOPIA65LTR,Copia,N/A,1.1.1,"1,1.1,1.1.1"
Copia-14_ST-LTR,Copia,N/A,1.1.1,"1,1.1,1.1.1"
Copia-151_CCri-I,Copia,N/A,1.1.1,"1,1.1,1.1.1"
Copia-153_CCri-LTR,SubclassI,N/A,2.1,"2,2.1"
Copia-156_CCri-LTR,gypsy,N/A,1.1.2,"1,1.1,1.1.2"
Copia-159_CCri-LTR,tRNA,N/A,1.5.1,"1,1.5,1.5.1"
Copia-15_AA-LTR,Bel-Pao,N/A,1.1.3,"1,1.1,1.1.3"
Copia-15_BD-I,Copia,N/A,1.1.1,"1,1.1,1.1.1"
Copia-15_BRa-LTR,Copia,N/A,1.1.1,"1,1.1,1.1.1"
Copia-15_CQ-I,Copia,N/A,1.1.1,"1,1.1,1.1.1"
Copia-15_ECa-I,Copia,N/A,1.1.1,"1,1.1,1.1.1"
ATCOPIA67_I,Copia,N/A,1.1.1,"1,1.1,1.1.1"
Copia-15_FV-LTR,Copia,N/A,1.1.1,"1,1.1,1.1.1"
Copia-15_LH-I,Copia,N/A,1.1.1,"1,1.1,1.1.1"
Copia-15_Mad-LTR,Copia,N/A,1.1.1,"1,1.1,1.1.1"
Copia-15_PGr-I,Copia,N/A,1.1.1,"1,1.1,1.1.1"
Copia-15_PPe-LTR,Copia,N/A,1.1.1,"1,1.1,1.1.1"
Copia-15_PTrit-I,Copia,N/A,1.1.1,"1,1.1,1.1.1"
Copia-15_RC-LTR,Copia,N/A,1.1.1,"1,1.1,1.1.1"
Copia-15_ST-I,Copia,N/A,1.1.1,"1,1.1,1.1.1"
Copia-160_CCri-LTR,gypsy,N/A,1.1.2,"1,1.1,1.1.2"
Copia-163_CCri-I,Jockey,N/A,1.4.3,"1,1.4,1.4.3"
Academ-1_HM,SubclassI,N/A,2.1,"2,2.1"
ATCOPIA69LTR,Copia,N/A,1.1.1,"1,1.1,1.1.1"
Copia-166_CCri-I,Copia,N/A,1.1.1,"1,1.1,1.1.1"
Copia-168_CCri-LTR,Copia,N/A,1.1.1,"1,1.1,1.1.1"
Copia-16_ATr-I,Copia,N/A,1.1.1,"1,1.1,1.1.1"
Copia-16_BG-LTR,Copia,N/A,1.1.1,"1,1.1,1.1.1"
Copia-16_CP-I,Copia,N/A,1.1.1,"1,1.1,1.1.1"
Copia-16_DPu-LTR,Copia,N/A,1.1.1,"1,1.1,1.1.1"
Copia-16_EPa-I,Copia,N/A,1.1.1,"1,1.1,1.1.1"
Copia-16_GM-LTR,Copia,N/A,1.1.1,"1,1.1,1.1.1"
Copia-16_Mad-I__2,Copia,N/A,1.1.1,"1,1.1,1.1.1"
Copia-16_PAb-LTR,Copia,N/A,1.1.1,"1,1.1,1.1.1"
ATCOPIA70_I,Copia,N/A,1.1.1,"1,1.1,1.1.1"
Copia-16_PPe-I,Copia,N/A,1.1.1,"1,1.1,1.1.1"
Copia-16_PTc-LTR,Bel-Pao,N/A,1.1.3,"1,1.1,1.1.3"
Copia-16_RC-I,Copia,N/A,1.1.1,"1,1.1,1.1.1"
Copia-16_SI-LTR,Copia,N/A,1.1.1,"1,1.1,1.1.1"
Copia-17_AA-I,DIRS,N/A,1.2,"1,1.2"
Copia-17_ATr-LTR,SubclassI,N/A,2.1,"2,2.1"
Copia-17_BRa-I,Copia,N/A,1.1.1,"1,1.1,1.1.1"
Copia-17_CP-LTR,Copia,N/A,1.1.1,"1,1.1,1.1.1"
Copia-17_DR-LTR,Copia,N/A,1.1.1,"1,1.1,1.1.1"
Copia-17_FV-I,Copia,N/A,1.1.1,"1,1.1,1.1.1"
ATCOPIA73LTR,Copia,N/A,1.1.1,"1,1.1,1.1.1"
Copia-17_JC-LTR,Bel-Pao,N/A,1.1.3,"1,1.1,1.1.3"
Copia-17_MLP-I,DIRS,N/A,1.2,"1,1.2"
Copia-17_PGr-LTR,Copia,N/A,1.1.1,"1,1.1,1.1.1"
Copia-17_PSo-I,gypsy,N/A,1.1.2,"1,1.1,1.1.2"
Copia-17_PTc-LTR,gypsy,N/A,1.1.2,"1,1.1,1.1.2"
Copia-17_RC-I,Copia,N/A,1.1.1,"1,1.1,1.1.1"
Copia-17_SI-LTR,Copia,N/A,1.1.1,"1,1.1,1.1.1"
Copia-18_AA-LTR,Copia,N/A,1.1.1,"1,1.1,1.1.1"
Copia-18_BD-I,Copia,N/A,1.1.1,"1,1.1,1.1.1"
Copia-18_BRa-LTR,Copia,N/A,1.1.1,"1,1.1,1.1.1"
ATCOPIA75_I,Copia,N/A,1.1.1,"1,1.1,1.1.1"
Copia-18_CQ-I,Copia,N/A,1.1.1,"1,1.1,1.1.1"
Copia-18_ECa-LTR,Copia,N/A,1.1.1,"1,1.1,1.1.1"
Copia-18_GM-I,Copia,N/A,1.1.1,"1,1.1,1.1.1"
Copia-18_LU-LTR,Copia,N/A,1.1.1,"1,1.1,1.1.1"
Copia-18_PAb-I,Copia,N/A,1.1.1,"1,1.1,1.1.1"
Copia-18_PIT-LTR,Bel-Pao,N/A,1.1.3,"1,1.1,1.1.3"
Copia-18_PTc-I,Copia,N/A,1.1.1,"1,1.1,1.1.1"
Copia-18_PX-LTR,Copia,N/A,1.1.1,"1,1.1,1.1.1"
Copia-18_SI-I,Copia,N/A,1.1.1,"1,1.1,1.1.1"
Copia-18_TC-LTR,Copia,N/A,1.1.1,"1,1.1,1.1.1"
ATCOPIA78LTR,Copia,N/A,1.1.1,"1,1.1,1.1.1"
Copia-19_ATr-I,Copia,N/A,1.1.1,"1,1.1,1.1.1"
Copia-19_BG-LTR,tRNA,N/A,1.5.1,"1,1.5,1.5.1"
Copia-19_CQ-I,Copia,N/A,1.1.1,"1,1.1,1.1.1"
Copia-19_ECa-LTR,Bel-Pao,N/A,1.1.3,"1,1.1,1.1.3"
Copia-19_GM-I,Copia,N/A,1.1.1,"1,1.1,1.1.1"
Copia-19_Mad-I__2,Copia,N/A,1.1.1,"1,1.1,1.1.1"
Copia-19_PAb-LTR,R2,N/A,1.4.1,"1,1.4,1.4.1"
Copia-19_PPe-I,Copia,N/A,1.1.1,"1,1.1,1.1.1"
Copia-19_PTri-LTR,Copia,N/A,1.1.1,"1,1.1,1.1.1"
Copia-19_SB-I,Copia,N/A,1.1.1,"1,1.1,1.1.1"
ATCOPIA7LTR,Copia,N/A,1.1.1,"1,1.1,1.1.1"
Copia-19_ST-LTR,SINE,N/A,1.5,"1,1.5"
Copia-1_AA-I,Copia,N/A,1.1.1,"1,1.1,1.1.1"
Copia-1_AB-LTR,Tc1-Mariner,N/A,2.1.1.1,"2,2.1,2.1.1,2.1.1.1"
Copia-1_ADe-I,Copia,N/A,1.1.1,"1,1.1,1.1.1"
Copia-1_AL-LTR,SubclassI,N/A,2.1,"2,2.1"
Copia-1_Ano-I,Copia,N/A,1.1.1,"1,1.1,1.1.1"
Copia-1_ATe-LTR,gypsy,N/A,1.1.2,"1,1.1,1.1.2"
Copia-1_BDJ-I,Jockey,N/A,1.4.3,"1,1.4,1.4.3"
Copia-1_BG-LTR,SINE,N/A,1.5,"1,1.5"
Copia-1_CCO-I,Copia,N/A,1.1.1,"1,1.1,1.1.1"
ATCOPIA82LTR,Copia,N/A,1.1.1,"1,1.1,1.1.1"
Copia-1_CDC-LTR,Copia,N/A,1.1.1,"1,1.1,1.1.1"
Copia-1_CMe-LTR,gypsy,N/A,1.1.2,"1,1.1,1.1.2"
Copia-1_CPu-I,Copia,N/A,1.1.1,"1,1.1,1.1.1"
Copia-1_CT-LTR,Copia,N/A,1.1.1,"1,1.1,1.1.1"
Copia-1_DBp-I,Copia,N/A,1.1.1,"1,1.1,1.1.1"
Copia-1_Deu-LTR,Copia,N/A,1.1.1,"1,1.1,1.1.1"
Copia-1_DPer-I,Copia,N/A,1.1.1,"1,1.1,1.1.1"
Copia-1_DSe-LTR,SubclassI,N/A,2.1,"2,2.1"
Copia-1_DVir-I,Copia,N/A,1.1.1,"1,1.1,1.1.1"
Copia-1_DYa-LTR,SubclassI,N/A,2.1,"2,2.1"
ATCOPIA84_I,Copia,N/A,1.1.1,"1,1.1,1.1.1"
Copia-1_EPa-LTR,Copia,N/A,1.1.1,"1,1.1,1.1.1"
Copia-1_GA-I,Copia,N/A,1.1.1,"1,1.1,1.1.1"
Copia-1_GM-LTR,SubclassI,N/A,2.1,"2,2.1"
Copia-1_JC-I,Copia,N/A,1.1.1,"1,1.1,1.1.1"
Copia-1_LENY-LTR,Bel-Pao,N/A,1.1.3,"1,1.1,1.1.3"
Copia-1_LMi-I,Copia,N/A,1.1.1,"1,1.1,1.1.1"
Copia-1_Mad-LTR,Copia,N/A,1.1.1,"1,1.1,1.1.1"
Copia-1_MPA-I,gypsy,N/A,1.1.2,"1,1.1,1.1.2"
Copia-1_PAb-LTR,DIRS,N/A,1.2,"1,1.2"
Copia-1_PGr-LTR,Copia,N/A,1.1.1,"1,1.1,1.1.1"
ATCOPIA87LTR,Copia,N/A,1.1.1,"1,1.1,1.1.1"
Copia-1_PPa-I,Copia,N/A,1.1.1,"1,1.1,1.1.1"
Copia-1_PR-LTR,SubclassI,N/A,2.1,"2,2.1"
Copia-1_PSo-I,Copia,N/A,1.1.1,"1,1.1,1.1.1"
Copia-1_PTc-LTR,gypsy,N/A,1.1.2,"1,1.1,1.1.2"
Copia-1_RC-I,DIRS,N/A,1.2,"1,1.2"
Copia-1_RP-LTR,Bel-Pao,N/A,1.1.3,"1,1.1,1.1.3"
Copia-1_SLL-I,Copia,N/A,1.1.1,"1,1.1,1.1.1"
Copia-1_SPDB-LTR,Copia,N/A,1.1.1,"1,1.1,1.1.1"
Copia-1_TA-I,Copia,N/A,1.1.1,"1,1.1,1.1.1"
Copia-1_TCa-LTR,Copia,N/A,1.1.1,"1,1.1,1.1.1"
ATCOPIA89_I,Copia,N/A,1.1.1,"1,1.1,1.1.1"
Copia-1_Trm-I,Bel-Pao,N/A,1.1.3,"1,1.1,1.1.3"
Copia-1_VA-LTR,gypsy,N/A,1.1.2,"1,1.1,1.1.2"
copia-2-LTR_AF,Copia,N/A,1.1.1,"1,1.1,1.1.1"
Copia-20_ALY-I,Copia,N/A,1.1.1,"1,1.1,1.1.1"
Copia-20_BD-LTR,Copia,N/A,1.1.1,"1,1.1,1.1.1"
Copia-20_CCri-I,Copia,N/A,1.1.1,"1,1.1,1.1.1"
Copia-20_DPu-LTR,gypsy,N/A,1.1.2,"1,1.1,1.1.2"
Copia-20_FV-I,Copia,N/A,1.1.1,"1,1.1,1.1.1"
Copia-20_JC-LTR,Copia,N/A,1.1.1,"1,1.1,1.1.1"
Copia-20_MLP-LTR,Copia,N/A,1.1.1,"1,1.1,1.1.1"
Academ-1_PGr,SubclassI,N/A,2.1,"2,2.1"
ATCOPIA90LTR,Copia,N/A,1.1.1,"1,1.1,1.1.1"
Copia-20_PIT-I,Copia,N/A,1.1.1,"1,1.1,1.1.1"
Copia-20_PX-LTR,Copia,N/A,1.1.1,"1,1.1,1.1.1"
Copia-20_SI-I,Copia,N/A,1.1.1,"1,1.1,1.1.1"
Copia-20_TC-LTR,Copia,N/A,1.1.1,"1,1.1,1.1.1"
Copia-21_ATr-LTR,Copia,N/A,1.1.1,"1,1.1,1.1.1"
Copia-21_BRa-I,Copia,N/A,1.1.1,"1,1.1,1.1.1"
Copia-21_CQ-LTR,Copia,N/A,1.1.1,"1,1.1,1.1.1"
Copia-21_EPa-I,Copia,N/A,1.1.1,"1,1.1,1.1.1"
Copia-21_GM-LTR,Copia,N/A,1.1.1,"1,1.1,1.1.1"
Copia-21_Mad-I,Copia,N/A,1.1.1,"1,1.1,1.1.1"
ATCOPIA92_I,Copia,N/A,1.1.1,"1,1.1,1.1.1"
Copia-21_PAb-LTR,Copia,N/A,1.1.1,"1,1.1,1.1.1"
Copia-21_Pru-I,Copia,N/A,1.1.1,"1,1.1,1.1.1"
Copia-21_RC-LTR,Copia,N/A,1.1.1,"1,1.1,1.1.1"
Copia-21_ST-I,Copia,N/A,1.1.1,"1,1.1,1.1.1"
Copia-22_ALY-I,Copia,N/A,1.1.1,"1,1.1,1.1.1"
Copia-22_BD-LTR,gypsy,N/A,1.1.2,"1,1.1,1.1.2"
Copia-22_CCri-I,Copia,N/A,1.1.1,"1,1.1,1.1.1"
Copia-22_DPu-LTR,Copia,N/A,1.1.1,"1,1.1,1.1.1"
Copia-22_GM-I,Copia,N/A,1.1.1,"1,1.1,1.1.1"
Copia-22_LU-LTR,tRNA,N/A,1.5.1,"1,1.5,1.5.1"
ATCOPIA95LTR,gypsy,N/A,1.1.2,"1,1.1,1.1.2"
Copia-22_NVi-I,RTE,N/A,1.4.2,"1,1.4,1.4.2"
Copia-22_PGr-LTR,Copia,N/A,1.1.1,"1,1.1,1.1.1"
Copia-22_PX-I,Copia,N/A,1.1.1,"1,1.1,1.1.1"
Copia-22_SB-LTR,Copia,N/A,1.1.1,"1,1.1,1.1.1"
Copia-22_TC-I,Copia,N/A,1.1.1,"1,1.1,1.1.1"
Copia-23_ATr-I,Copia,N/A,1.1.1,"1,1.1,1.1.1"
Copia-23_BG-LTR,gypsy,N/A,1.1.2,"1,1.1,1.1.2"
Copia-23_CQ-I,RTE,N/A,1.4.2,"1,1.4,1.4.2"
Copia-23_ECa-LTR,Copia,N/A,1.1.1,"1,1.1,1.1.1"
Copia-23_JC-I,Copia,N/A,1.1.1,"1,1.1,1.1.1"
ATCOPIA97LTR,Copia,N/A,1.1.1,"1,1.1,1.1.1"
Copia-23_Mad-LTR,gypsy,N/A,1.1.2,"1,1.1,1.1.2"
Copia-23_PAb-I,Copia,N/A,1.1.1,"1,1.1,1.1.1"
Copia-23_Pru-LTR,Copia,N/A,1.1.1,"1,1.1,1.1.1"
Copia-23_SB-I,Copia,N/A,1.1.1,"1,1.1,1.1.1"
Copia-23_ST-LTR,Copia,N/A,1.1.1,"1,1.1,1.1.1"
Copia-24_AA-LTR,Copia,N/A,1.1.1,"1,1.1,1.1.1"
Copia-24_BD-I,Copia,N/A,1.1.1,"1,1.1,1.1.1"
Copia-24_CCri-LTR,Bel-Pao,N/A,1.1.3,"1,1.1,1.1.3"
Copia-24_ECa-I,Copia,N/A,1.1.1,"1,1.1,1.1.1"
Copia-24_GM-LTR,Copia,N/A,1.1.1,"1,1.1,1.1.1"
ATDNA12T3A,Copia,N/A,1.1.1,"1,1.1,1.1.1"
Copia-24_Mad-I,Copia,N/A,1.1.1,"1,1.1,1.1.1"
Copia-24_PAb-LTR,Copia,N/A,1.1.1,"1,1.1,1.1.1"
Copia-24_PX-I,Copia,N/A,1.1.1,"1,1.1,1.1.1"
Copia-24_SB-LTR,SubclassI,N/A,2.1,"2,2.1"
Copia-24_TC-I,Copia,N/A,1.1.1,"1,1.1,1.1.1"
Copia-25_ATr-I,LTR,N/A,1.1,"1,1.1"
Copia-25_BG-LTR,Copia,N/A,1.1.1,"1,1.1,1.1.1"
Copia-25_CQ-I,Copia,N/A,1.1.1,"1,1.1,1.1.1"
Copia-25_ECa-LTR,Copia,N/A,1.1.1,"1,1.1,1.1.1"
Copia-25_JC-I,Copia,N/A,1.1.1,"1,1.1,1.1.1"
ATDNAI26T9,SubclassI,N/A,2.1,"2,2.1"
Copia-25_Mad-LTR__2,Copia,N/A,1.1.1,"1,1.1,1.1.1"
Copia-25_PIT-I,Copia,N/A,1.1.1,"1,1.1,1.1.1"
Copia-25_PX-LTR,Copia,N/A,1.1.1,"1,1.1,1.1.1"
Copia-25_SI-I,Copia,N/A,1.1.1,"1,1.1,1.1.1"
Copia-25_TC-LTR,SINE,N/A,1.5,"1,1.5"
Copia-26_ALY-LTR,Copia,N/A,1.1.1,"1,1.1,1.1.1"
Copia-26_BG-I,Copia,N/A,1.1.1,"1,1.1,1.1.1"
Copia-26_CCri-LTR,Copia,N/A,1.1.1,"1,1.1,1.1.1"
Copia-26_ECa-I,Copia,N/A,1.1.1,"1,1.1,1.1.1"
Copia-26_GM-LTR,Copia,N/A,1.1.1,"1,1.1,1.1.1"
ATENSAT1,Tc1-Mariner,N/A,2.1.1.1,"2,2.1,2.1.1,2.1.1.1"
Copia-26_Mad-I__2,Copia,N/A,1.1.1,"1,1.1,1.1.1"
Copia-26_PAb-LTR,Copia,N/A,1.1.1,"1,1.1,1.1.1"
Copia-26_PX-I,Copia,N/A,1.1.1,"1,1.1,1.1.1"
Copia-26_SB-LTR,Copia,N/A,1.1.1,"1,1.1,1.1.1"
Copia-26_TC-LTR,Copia,N/A,1.1.1,"1,1.1,1.1.1"
Copia-27_AA-LTR,Copia,N/A,1.1.1,"1,1.1,1.1.1"
Copia-27_BD-LTR,Copia,N/A,1.1.1,"1,1.1,1.1.1"
Copia-27_CCri-I,Copia,N/A,1.1.1,"1,1.1,1.1.1"
Copia-27_ECa-LTR,Copia,N/A,1.1.1,"1,1.1,1.1.1"
Copia-27_JC-I,Copia,N/A,1.1.1,"1,1.1,1.1.1"
ATENSPM12,CACTA,N/A,2.1.1.9,"2,2.1,2.1.1,2.1.1.9"
Copia-27_Mad-LTR,Copia,N/A,1.1.1,"1,1.1,1.1.1"
Copia-27_PIT-I,Copia,N/A,1.1.1,"1,1.1,1.1.1"
Copia-27_PX-LTR,Copia,N/A,1.1.1,"1,1.1,1.1.1"
Copia-27_SI-I,Copia,N/A,1.1.1,"1,1.1,1.1.1"
Copia-27_TC-LTR,Copia,N/A,1.1.1,"1,1.1,1.1.1"
Copia-28_BD-I,Copia,N/A,1.1.1,"1,1.1,1.1.1"
Copia-28_BRa-LTR,Copia,N/A,1.1.1,"1,1.1,1.1.1"
Copia-28_ECa-I,Copia,N/A,1.1.1,"1,1.1,1.1.1"
Copia-28_GM-LTR,SubclassI,N/A,2.1,"2,2.1"
Copia-28_Mad-I__2,Copia,N/A,1.1.1,"1,1.1,1.1.1"
ATENSPM5,CACTA,N/A,2.1.1.9,"2,2.1,2.1.1,2.1.1.9"
Copia-28_PAb-LTR,SINE,N/A,1.5,"1,1.5"
Copia-28_PX-I,Copia,N/A,1.1.1,"1,1.1,1.1.1"
Copia-28_SB-LTR,Copia,N/A,1.1.1,"1,1.1,1.1.1"
Copia-28_TC-I,Copia,N/A,1.1.1,"1,1.1,1.1.1"
Copia-29_AA-LTR,gypsy,N/A,1.1.2,"1,1.1,1.1.2"
Copia-29_BD-LTR,Copia,N/A,1.1.1,"1,1.1,1.1.1"
Copia-29_CCri-I,Copia,N/A,1.1.1,"1,1.1,1.1.1"
Copia-29_DP-LTR,Bel-Pao,N/A,1.1.3,"1,1.1,1.1.3"
Copia-29_FV-I,Copia,N/A,1.1.1,"1,1.1,1.1.1"
Copia-29_JC-LTR,Copia,N/A,1.1.1,"1,1.1,1.1.1"
ATGP10LTR,gypsy,N/A,1.1.2,"1,1.1,1.1.2"
Copia-29_MLP-I,Copia,N/A,1.1.1,"1,1.1,1.1.1"
Copia-29_PIT-LTR,SINE,N/A,1.5,"1,1.5"
Copia-29_RC-I,Copia,N/A,1.1.1,"1,1.1,1.1.1"
Copia-29_ST-LTR,Copia,N/A,1.1.1,"1,1.1,1.1.1"
Copia-2_AA-LTR,Copia,N/A,1.1.1,"1,1.1,1.1.1"
Copia-2_Adi-I,Copia,N/A,1.1.1,"1,1.1,1.1.1"
Copia-2_AT-I,Copia,N/A,1.1.1,"1,1.1,1.1.1"
Copia-2_BD-LTR,Copia,N/A,1.1.1,"1,1.1,1.1.1"
Copia-2_BM-I,Copia,N/A,1.1.1,"1,1.1,1.1.1"
Copia-2_CCO-LTR,gypsy,N/A,1.1.2,"1,1.1,1.1.2"
